Date,User,Run,Cum. Profits,Comp. Systems,Months Completed,Level,Ransomware,Pay Ransom,Run2,Group,Best run,Pos,High Profit,Low Risk,Optimal,high risk,low profit,overspend,advesarial heaven,exposed,,,,,,
16-9-2025  15:17 PDT,RVTRVC @2025001,1,"2,088",18,60,2,0,0,,,,,0,0,0,1,1,1,2,1,,,,,,
16-9-2025  15:16 PDT,RVTRVC @2025001,2,"2,178",6,60,2,0,0,,,,,1,1,2,0,0,1,0,1,,,,,,
16-9-2025  15:15 PDT,RVTRVC @2025001,3,"2,371",12,60,2,0,0,,,,,1,1,2,0,0,1,0,1,,,,,,
16-9-2025  15:14 PDT,RVTRVC @2025001,1,"2,259",13,60,1,0,0,,,,,1,0,1,1,0,0,1,2,,,,,,
16-9-2025  15:13 PDT,RVTRVC @2025001,2,"1,605",11,36,1,0,0,,,,,0,1,1,0,1,2,1,0,,,,,,
16-9-2025  15:12 PDT,RVTRVC @2025001,3,"1,409",7,24,1,0,0,,,,,0,1,1,0,1,2,1,0,,,,,,
16-9-2025  15:11 PDT,RVTRVC @2025001,4,"1,373",7,24,1,0,0,,,,,0,1,1,0,1,2,1,0,,,,,,
16-9-2025  15:17 PDT,RVTRVC @2025002,1,"2,437",13,60,2,0,0,,,,,1,0,1,1,0,0,1,2,,,,,,
16-9-2025  15:16 PDT,RVTRVC @2025002,2,"2,077",13,60,2,0,0,,,,,0,0,0,1,1,1,2,1,,,,,,
16-9-2025  15:11 PDT,RVTRVC @2025002,1,"2,192",12,60,1,0,0,,,,,1,1,2,0,0,1,0,1,,,,,,
16-9-2025  15:09 PDT,RVTRVC @2025002,2,"2,178",16,60,1,0,0,,,,,1,0,1,1,0,0,1,2,,,,,,
16-9-2025  15:15 PDT,RVTRVC @2025003,1,"2,455",14,60,2,0,0,,,,,1,0,1,1,0,0,1,2,,,,,,
16-9-2025  15:14 PDT,RVTRVC @2025003,1,"1,492",31,36,1,0,0,,,,,0,0,0,1,1,1,2,1,,,,,,
16-9-2025  15:13 PDT,RVTRVC @2025003,2,"2,268",9,60,1,0,0,,,,,1,1,2,0,0,1,0,1,,,,,,
16-9-2025  15:12 PDT,RVTRVC @2025003,3,"2,185",12,60,1,0,0,,,,,1,1,2,0,0,1,0,1,,,,,,
16-9-2025  15:11 PDT,RVTRVC @2025003,4,752,44,60,1,0,0,,,,,0,0,0,1,1,1,2,1,,,,,,
16-9-2025  15:10 PDT,RVTRVC @2025003,5,"2,086",2,60,1,0,0,,,,,0,1,1,0,1,2,1,0,,,,,,
16-9-2025  15:10 PDT,RVTRVC @2025003,6,"2,213",3,60,1,0,0,,,,,1,1,2,0,0,1,0,1,,,,,,
16-9-2025  15:16 PDT,RVTRVC @2025004,1,"2,423",8,60,2,0,0,,,,,1,1,2,0,0,1,0,1,,,,,,
16-9-2025  15:11 PDT,RVTRVC @2025004,1,"2,144",8,60,1,0,0,,,,,1,1,2,0,0,1,0,1,,,,,,
16-9-2025  15:16 PDT,RVTRVC @2025006,1,"2,398",16,60,2,0,0,,,,,1,0,1,1,0,0,1,2,,,,,,
16-9-2025  15:09 PDT,RVTRVC @2025006,1,"2,092",18,60,1,0,0,,,,,0,0,0,1,1,1,2,1,,,,,,
16-9-2025  15:17 PDT,RVTRVC @2025007,1,"2,300",8,60,2,0,0,,,,,1,1,2,0,0,1,0,1,,,,,,
16-9-2025  15:11 PDT,RVTRVC @2025007,1,"2,128",5,60,1,0,0,,,,,1,1,2,0,0,1,0,1,,,,,,
16-9-2025  15:16 PDT,RVTRVC @2025008,1,"2,522",11,60,2,0,0,,,,,1,1,2,0,0,1,0,1,,,,,,
16-9-2025  15:11 PDT,RVTRVC @2025008,1,"2,314",7,60,1,0,0,,,,,1,1,2,0,0,1,0,1,,,,,,
16-9-2025  15:16 PDT,RVTRVC @2025009,1,"2,281",7,60,2,0,0,,,,,1,1,2,0,0,1,0,1,,,,,,
16-9-2025  15:10 PDT,RVTRVC @2025009,1,"2,047",9,60,1,0,0,,,,,0,1,1,0,1,2,1,0,,,,,,
16-9-2025  15:18 PDT,RVTRVC @2025010,1,"1,819",23,48,2,0,0,,,,,0,0,0,1,1,1,2,1,,,,,,
16-9-2025  15:16 PDT,RVTRVC @2025010,2,"2,165",19,60,2,0,0,,,,,1,0,1,1,0,0,1,2,,,,,,
16-9-2025  15:14 PDT,RVTRVC @2025010,1,"1,447",26,60,1,0,0,,,,,0,0,0,1,1,1,2,1,,,,,,
16-9-2025  15:13 PDT,RVTRVC @2025010,2,"1,672",22,60,1,0,0,,,,,0,0,0,1,1,1,2,1,,,,,,
16-9-2025  15:11 PDT,RVTRVC @2025010,3,"2,150",9,60,1,0,0,,,,,1,1,2,0,0,1,0,1,,,,,,
16-9-2025  15:09 PDT,RVTRVC @2025010,4,"2,147",7,60,1,0,0,,,,,1,1,2,0,0,1,0,1,,,,,,
16-9-2025  15:16 PDT,RVTRVC @2025016,5,"2,680",24,60,2,0,0,,,,,1,0,1,1,0,0,1,2,,,,,,
16-9-2025  15:11 PDT,RVTRVC @2025016,6,"2,280",10,60,1,0,0,,,,,1,1,2,0,0,1,0,1,,,,,,
15-10-2024  14:26 PDT,ISAC001,1,"-1,320",100,60,1,1,1,1,0,0,1,0,0,0,1,1,1,2,1,,,,,,
15-10-2024  14:25 PDT,ISAC001,2,"1,590",8,60,1,1,1,2,0,0,1,0,1,1,0,1,2,1,0,,,,,,
15-10-2024  14:20 PDT,ISAC001,1,-679,27,60,1,1,0,1,0,0,1,0,0,0,1,1,1,2,1,,,,,,
15-10-2024  14:19 PDT,ISAC001,2,-179,47,60,1,1,0,2,0,0,1,0,0,0,1,1,1,2,1,,,,,,
15-10-2024  14:18 PDT,ISAC001,3,"-9,576",100,60,1,1,0,3,0,0,0,0,0,0,1,1,1,2,1,,,,,,
15-10-2024  14:17 PDT,ISAC001,4,"-4,090",60,60,1,1,0,4,0,0,0,0,0,0,1,1,1,2,1,,,,,,
15-10-2024  14:17 PDT,ISAC001,5,"1,505",1,60,1,1,0,5,0,1,1,0,1,1,0,1,2,1,0,,,,,,
15-10-2024  14:03 PDT,ISAC001,1,"2,853",22,60,2,0,0,1,0,0,1,1,0,1,1,0,0,1,2,,,,,, 
15-10-2024  14:00 PDT,ISAC001,1,"1,953",5,60,1,0,0,1,0,0,1,0,1,1,0,1,2,1,0,,,,,,
15-10-2024  13:58 PDT,ISAC001,2,"2,257",7,60,1,0,0,2,0,0,1,1,1,2,0,0,1,0,1,,,,,,
15-10-2024  14:25 PDT,ISAC003,1,949,31,60,1,1,1,1,0,0,1,0,0,0,1,1,1,2,1,,,,,,
15-10-2024  14:18 PDT,ISAC003,1,4,32,60,1,1,0,1,0,0,1,0,0,0,1,1,1,2,1,,,,,,
15-10-2024  14:03 PDT,ISAC003,1,"2,993",15,60,2,0,0,1,0,0,1,1,0,1,1,0,0,1,2,,,,,,
15-10-2024  13:59 PDT,ISAC003,1,"2,109",13,60,1,0,0,1,0,0,1,0,0,0,1,1,1,2,1,,,,,,
15-10-2024  13:58 PDT,ISAC003,2,"1,633",16,60,1,0,0,2,0,0,1,0,0,0,1,1,1,2,1,,,,,,
15-10-2024  14:28 PDT,ISAC004,1,"1,703",7,60,1,1,1,1,0,1,1,1,1,2,0,0,1,0,1,,,,,,
15-10-2024  14:26 PDT,ISAC004,2,"1,397",7,60,1,1,1,2,0,0,1,0,1,1,0,1,2,1,0,,,,,,
15-10-2024  14:24 PDT,ISAC004,3,"1,553",1,60,1,1,1,3,0,0,1,0,1,1,0,1,2,1,0,,,,,,
15-10-2024  14:21 PDT,ISAC004,1,"1,697",0,60,1,1,0,1,0,1,1,1,1,2,0,0,1,0,1,,,,,,
15-10-2024  14:20 PDT,ISAC004,2,"1,324",1,48,1,1,0,2,0,0,1,0,1,1,0,1,2,1,0,,,,,,
15-10-2024  14:19 PDT,ISAC004,3,"1,414",6,60,1,1,0,3,0,0,1,0,1,1,0,1,2,1,0,,,,,,
15-10-2024  14:18 PDT,ISAC004,4,632,14,60,1,1,0,4,0,0,1,0,0,0,1,1,1,2,1,,,,,,
15-10-2024  14:17 PDT,ISAC004,5,-511,25,60,1,1,0,5,0,0,1,0,0,0,1,1,1,2,1,,,,,,
15-10-2024  14:04 PDT,ISAC004,1,"2,588",15,60,2,0,0,1,0,0,1,1,0,1,1,0,0,1,2,,,,,,
15-10-2024  14:03 PDT,ISAC004,2,"2,165",24,60,2,0,0,2,0,0,1,1,0,1,1,0,0,1,2,,,,,,
15-10-2024  13:59 PDT,ISAC004,1,"2,231",11,60,1,0,0,1,0,0,1,1,1,2,0,0,1,0,1,,,,,,
15-10-2024  14:26 PDT,ISAC005,1,"1,536",4,60,1,1,1,1,0,0,1,0,1,1,0,1,2,1,0,,,,,,
15-10-2024  14:25 PDT,ISAC005,2,"1,602",6,60,1,1,1,2,0,1,1,0,1,1,0,1,2,1,0,,,,,,
15-10-2024  14:24 PDT,ISAC005,3,"-2,917",100,60,1,1,1,3,0,0,1,0,0,0,1,1,1,2,1,,,,,,
15-10-2024  14:20 PDT,ISAC005,1,"1,184",6,60,1,1,0,1,0,1,1,0,1,1,0,1,2,1,0,,,,,,
15-10-2024  14:18 PDT,ISAC005,2,985,2,60,1,1,0,2,0,0,1,0,1,1,0,1,2,1,0,,,,,,
15-10-2024  14:16 PDT,ISAC005,3,769,21,12,1,1,0,3,0,0,1,0,0,0,1,1,1,2,1,,,,,,
15-10-2024  14:03 PDT,ISAC005,1,"2,928",11,60,2,0,0,1,0,0,1,1,1,2,0,0,1,0,1,,,,,,
15-10-2024  13:59 PDT,ISAC005,1,"2,252",5,60,1,0,0,1,0,0,1,1,1,2,0,0,1,0,1,,,,,,
15-10-2024  14:25 PDT,ISAC006,1,-794,99,48,1,1,1,1,0,0,1,0,0,0,1,1,1,2,1,,,,,,
15-10-2024  14:23 PDT,ISAC006,1,605,13,12,1,1,0,1,0,0,1,0,0,0,1,1,1,2,1,,,,,,
15-10-2024  14:23 PDT,ISAC006,2,-883,21,60,1,1,0,2,0,0,1,0,0,0,1,1,1,2,1,,,,,,
15-10-2024  14:04 PDT,ISAC006,1,"2,406",23,60,2,0,0,1,0,0,1,1,0,1,1,0,0,1,2,,,,,,
15-10-2024  13:58 PDT,ISAC006,1,"1,821",13,36,1,0,0,1,0,0,1,0,0,0,1,1,1,2,1,,,,,,
15-10-2024  14:50 PDT,ISAC007,1,"1,497",10,60,1,1,1,1,0,0,1,0,1,1,0,1,2,1,0,,,,,,
15-10-2024  14:39 PDT,ISAC007,2,"1,329",15,60,1,1,1,2,0,0,1,0,0,0,1,1,1,2,1,,,,,,
15-10-2024  14:32 PDT,ISAC007,3,881,28,60,1,1,1,3,0,0,1,0,0,0,1,1,1,2,1,,,,,,
15-10-2024  14:31 PDT,ISAC007,4,"1,770",2,60,1,1,1,4,0,1,1,1,1,2,0,0,1,0,1,,,,,,
15-10-2024  14:27 PDT,ISAC007,5,"1,439",1,60,1,1,1,5,0,0,1,0,1,1,0,1,2,1,0,,,,,,
15-10-2024  14:25 PDT,ISAC007,6,"1,349",4,60,1,1,1,6,0,0,1,0,1,1,0,1,2,1,0,,,,,,
15-10-2024  14:23 PDT,ISAC007,1,"1,765",1,60,1,1,0,1,0,1,1,1,1,2,0,0,1,0,1,,,,,,
15-10-2024  14:22 PDT,ISAC007,2,87,24,60,1,1,0,2,0,0,1,0,0,0,1,1,1,2,1,,,,,,
15-10-2024  14:20 PDT,ISAC007,3,-135,14,60,1,1,0,3,0,0,1,0,0,0,1,1,1,2,1,,,,,,
15-10-2024  14:18 PDT,ISAC007,4,"-2,975",35,60,1,1,0,4,0,0,1,0,0,0,1,1,1,2,1,,,,,,
15-10-2024  14:14 PDT,ISAC007,1,"1,430",31,60,2,0,0,1,0,0,1,0,0,0,1,1,1,2,1,,,,,,
15-10-2024  14:12 PDT,ISAC007,2,"2,470",21,60,2,0,0,2,0,0,1,1,0,1,1,0,0,1,2,,,,,,
15-10-2024  14:09 PDT,ISAC007,3,"2,640",17,60,2,0,0,3,0,1,1,1,0,1,1,0,0,1,2,,,,,,
15-10-2024  14:04 PDT,ISAC007,4,"2,147",13,60,2,0,0,4,0,0,1,1,0,1,1,0,0,1,2,,,,,,
15-10-2024  14:01 PDT,ISAC007,1,"2,248",12,60,1,0,0,1,0,0,1,1,1,2,0,0,1,0,1,,,,,,
15-10-2024  14:25 PDT,ISAC008,1,"1,211",17,60,1,1,1,1,0,0,1,0,0,0,1,1,1,2,1,,,,,,
15-10-2024  14:19 PDT,ISAC008,1,"1,639",2,60,1,1,0,1,0,0,1,0,1,1,0,1,2,1,0,,,,,,
15-10-2024  14:17 PDT,ISAC008,2,-2,51,60,1,1,0,2,0,0,1,0,0,0,1,1,1,2,1,,,,,,
15-10-2024  14:03 PDT,ISAC008,1,"2,813",15,60,2,0,0,1,0,0,1,1,0,1,1,0,0,1,2,,,,,,
15-10-2024  14:00 PDT,ISAC008,1,752,44,60,1,0,0,1,0,0,1,0,0,0,1,1,1,2,1,,,,,,
15-10-2024  14:00 PDT,ISAC008,2,"2,445",11,60,1,0,0,2,0,1,1,1,1,2,0,0,1,0,1,,,,,,
15-10-2024  13:58 PDT,ISAC008,3,"1,978",14,60,1,0,0,3,0,0,1,0,0,0,1,1,1,2,1,,,,,,
15-10-2024  15:02 PDT,ISAC010,1,-99,38,60,1,1,1,1,0,0,1,0,0,0,1,1,1,2,1,,,,,,
15-10-2024  14:41 PDT,ISAC010,2,"-1,658",100,60,1,1,1,2,0,0,1,0,0,0,1,1,1,2,1,,,,,,
15-10-2024  14:40 PDT,ISAC010,3,"-2,197",100,60,1,1,1,3,0,0,1,0,0,0,1,1,1,2,1,,,,,,
15-10-2024  14:39 PDT,ISAC010,4,"-1,245",100,60,1,1,1,4,0,1,1,0,0,0,1,1,1,2,1,,,,,,
15-10-2024  14:30 PDT,ISAC010,5,"1,448",0,60,1,1,1,5,0,0,1,0,1,1,0,1,2,1,0,,,,,,
15-10-2024  14:29 PDT,ISAC010,6,"1,164",17,60,1,1,1,6,0,0,1,0,0,0,1,1,1,2,1,,,,,,
15-10-2024  14:27 PDT,ISAC010,7,"1,300",1,60,1,1,1,7,0,0,1,0,1,1,0,1,2,1,0,,,,,,
15-10-2024  14:26 PDT,ISAC010,8,"1,363",16,60,1,1,1,8,0,0,1,0,0,0,1,1,1,2,1,,,,,,
15-10-2024  14:24 PDT,ISAC010,9,"1,146",47,60,1,1,1,9,0,0,1,0,0,0,1,1,1,2,1,,,,,,
15-10-2024  14:23 PDT,ISAC010,1,529,14,60,1,1,0,1,0,0,1,0,0,0,1,1,1,2,1,,,,,,
15-10-2024  14:22 PDT,ISAC010,2,"1,458",14,60,1,1,0,2,0,0,1,0,0,0,1,1,1,2,1,,,,,,
15-10-2024  14:20 PDT,ISAC010,3,"1,697",0,60,1,1,0,3,0,1,1,1,1,2,0,0,1,0,1,,,,,,
15-10-2024  14:20 PDT,ISAC010,4,638,10,12,1,1,0,4,0,0,1,0,1,1,0,1,2,1,0,,,,,,
15-10-2024  14:19 PDT,ISAC010,5,532,12,12,1,1,0,5,0,0,1,0,1,1,0,1,2,1,0,,,,,,
15-10-2024  14:19 PDT,ISAC010,6,408,1,12,1,1,0,6,0,0,1,0,1,1,0,1,2,1,0,,,,,,
15-10-2024  14:19 PDT,ISAC010,7,532,12,12,1,1,0,7,0,0,1,0,1,1,0,1,2,1,0,,,,,,
15-10-2024  14:19 PDT,ISAC010,8,700,12,12,1,1,0,8,0,0,1,0,1,1,0,1,2,1,0,,,,,,
15-10-2024  14:19 PDT,ISAC010,9,424,57,12,1,1,0,9,0,0,1,0,0,0,1,1,1,2,1,,,,,,
15-10-2024  14:18 PDT,ISAC010,10,700,12,12,1,1,0,10,0,0,1,0,1,1,0,1,2,1,0,,,,,,
15-10-2024  14:18 PDT,ISAC010,11,595,19,12,1,1,0,11,0,0,1,0,0,0,1,1,1,2,1,,,,,,
15-10-2024  14:17 PDT,ISAC010,12,"1,077",22,60,1,1,0,12,0,0,1,0,0,0,1,1,1,2,1,,,,,,
15-10-2024  14:16 PDT,ISAC010,13,781,12,12,1,1,0,13,0,0,1,0,1,1,0,1,2,1,0,,,,,,
15-10-2024  14:11 PDT,ISAC010,1,"2,764",14,60,2,0,0,1,0,0,1,1,0,1,1,0,0,1,2,,,,,,
15-10-2024  14:09 PDT,ISAC010,2,"2,295",28,60,2,0,0,2,0,0,1,1,0,1,1,0,0,1,2,,,,,,
15-10-2024  14:08 PDT,ISAC010,3,"3,051",26,60,2,0,0,3,0,0,1,1,0,1,1,0,0,1,2,,,,,,
15-10-2024  14:07 PDT,ISAC010,4,"3,066",34,60,2,0,0,4,0,1,1,1,0,1,1,0,0,1,2,,,,,,
15-10-2024  14:05 PDT,ISAC010,5,"2,626",13,60,2,0,0,5,0,0,1,1,0,1,1,0,0,1,2,,,,,,
15-10-2024  14:03 PDT,ISAC010,6,"2,314",7,60,2,0,0,6,0,0,1,1,1,2,0,0,1,0,1,,,,,,
15-10-2024  14:02 PDT,ISAC010,7,"1,967",10,48,2,0,0,7,0,0,1,0,1,1,0,1,2,1,0,,,,,,
15-10-2024  14:01 PDT,ISAC010,1,"2,547",9,60,1,0,0,1,0,1,1,1,1,2,0,0,1,0,1,,,,,,
15-10-2024  13:59 PDT,ISAC010,2,"2,310",9,60,1,0,0,2,0,0,1,1,1,2,0,0,1,0,1,,,,,,
15-10-2024  13:58 PDT,ISAC010,3,"2,073",5,60,1,0,0,3,0,0,1,0,1,1,0,1,2,1,0,,,,,,
15-10-2024  14:26 PDT,ISAC011,1,"1,508",16,60,1,1,1,1,0,0,1,0,0,0,1,1,1,2,1,,,,,,
15-10-2024  14:24 PDT,ISAC011,2,-754,97,36,1,1,1,2,0,0,1,0,0,0,1,1,1,2,1,,,,,,
15-10-2024  14:21 PDT,ISAC011,1,"1,697",0,60,1,1,0,1,0,1,1,1,1,2,0,0,1,0,1,,,,,,
15-10-2024  14:20 PDT,ISAC011,2,817,17,24,1,1,0,2,0,0,1,0,0,0,1,1,1,2,1,,,,,,
15-10-2024  14:17 PDT,ISAC011,3,"-1,033",42,60,1,1,0,3,0,0,1,0,0,0,1,1,1,2,1,,,,,,
15-10-2024  14:08 PDT,ISAC011,1,"1,960",17,60,2,0,0,1,0,0,1,0,0,0,1,1,1,2,1,,,,,,
15-10-2024  14:06 PDT,ISAC011,2,709,41,60,2,0,0,2,0,0,1,0,0,0,1,1,1,2,1,,,,,,
15-10-2024  14:06 PDT,ISAC011,3,"2,485",11,60,2,0,0,3,0,1,1,1,1,2,0,0,1,0,1,,,,,,
15-10-2024  13:59 PDT,ISAC011,1,"2,162",8,60,1,0,0,1,0,0,1,1,1,2,0,0,1,0,1,,,,,,
15-10-2024  14:29 PDT,ISAC012,1,-163,96,36,1,1,1,1,0,0,1,0,0,0,1,1,1,2,1,,,,,,
15-10-2024  14:26 PDT,ISAC012,2,"-1,483",87,60,1,1,1,2,0,0,1,0,0,0,1,1,1,2,1,,,,,,
15-10-2024  14:23 PDT,ISAC012,1,"-13,823",98,60,1,1,0,1,0,0,0,0,0,0,1,1,1,2,1,,,,,,
15-10-2024  14:18 PDT,ISAC012,2,"-6,680",85,60,1,1,0,2,0,0,0,0,0,0,1,1,1,2,1,,,,,,
15-10-2024  14:08 PDT,ISAC012,1,"1,757",17,36,2,0,0,1,0,0,1,0,0,0,1,1,1,2,1,,,,,,
15-10-2024  14:07 PDT,ISAC012,2,"2,862",28,60,2,0,0,2,0,1,1,1,0,1,1,0,0,1,2,,,,,,
15-10-2024  14:02 PDT,ISAC012,3,"1,694",0,24,2,0,0,3,0,0,1,0,1,1,0,1,2,1,0,,,,,,
15-10-2024  14:02 PDT,ISAC012,1,870,1,12,1,0,0,1,0,0,1,0,1,1,0,1,2,1,0,,,,,,
15-10-2024  15:02 PDT,ISAC013,1,"1,027",7,48,1,1,1,1,0,0,1,0,1,1,0,1,2,1,0,,,,,,
15-10-2024  14:35 PDT,ISAC013,2,856,27,60,1,1,1,2,0,0,1,0,0,0,1,1,1,2,1,,,,,,
15-10-2024  14:33 PDT,ISAC013,3,685,15,60,1,1,1,3,0,0,1,0,0,0,1,1,1,2,1,,,,,,
15-10-2024  14:33 PDT,ISAC013,4,811,30,36,1,1,1,4,0,0,1,0,0,0,1,1,1,2,1,,,,,,
15-10-2024  14:32 PDT,ISAC013,5,798,18,60,1,1,1,5,0,0,1,0,0,0,1,1,1,2,1,,,,,,
15-10-2024  14:31 PDT,ISAC013,6,"1,123",26,60,1,1,1,6,0,0,1,0,0,0,1,1,1,2,1,,,,,,
15-10-2024  14:30 PDT,ISAC013,7,586,40,48,1,1,1,7,0,0,1,0,0,0,1,1,1,2,1,,,,,,
15-10-2024  14:29 PDT,ISAC013,8,"1,160",12,60,1,1,1,8,0,0,1,0,1,1,0,1,2,1,0,,,,,,
15-10-2024  14:27 PDT,ISAC013,9,"1,303",5,60,1,1,1,9,0,1,1,0,1,1,0,1,2,1,0,,,,,,
15-10-2024  14:26 PDT,ISAC013,10,"1,237",2,60,1,1,1,10,0,0,1,0,1,1,0,1,2,1,0,,,,,,
15-10-2024  14:25 PDT,ISAC013,11,500,24,60,1,1,1,11,0,0,1,0,0,0,1,1,1,2,1,,,,,,
15-10-2024  14:24 PDT,ISAC013,12,-587,86,48,1,1,1,12,0,0,1,0,0,0,1,1,1,2,1,,,,,,
15-10-2024  14:24 PDT,ISAC013,13,310,97,36,1,1,1,13,0,0,1,0,0,0,1,1,1,2,1,,,,,,
15-10-2024  14:20 PDT,ISAC013,1,"-2,021",34,60,1,1,0,1,0,0,1,0,0,0,1,1,1,2,1,,,,,,
15-10-2024  14:20 PDT,ISAC013,2,608,7,60,1,1,0,2,0,0,1,0,1,1,0,1,2,1,0,,,,,,
15-10-2024  14:19 PDT,ISAC013,3,-6,24,60,1,1,0,3,0,0,1,0,0,0,1,1,1,2,1,,,,,,
15-10-2024  14:17 PDT,ISAC013,4,884,4,60,1,1,0,4,0,0,1,0,1,1,0,1,2,1,0,,,,,,
15-10-2024  14:04 PDT,ISAC013,1,"3,488",18,60,2,0,0,1,0,0,1,1,0,1,1,0,0,1,2,,,,,,
15-10-2024  14:01 PDT,ISAC013,1,"2,289",10,60,1,0,0,1,0,0,1,1,1,2,0,0,1,0,1,,,,,,
15-10-2024  14:00 PDT,ISAC013,5,"1,398",2,60,1,1,0,5,0,1,1,0,1,1,0,1,2,1,0,,,,,,
15-10-2024  14:24 PDT,ISAC014,1,"1,057",24,48,1,1,1,1,0,0,1,0,0,0,1,1,1,2,1,,,,,,
15-10-2024  14:19 PDT,ISAC014,1,"-1,024",39,36,1,1,0,1,0,0,1,0,0,0,1,1,1,2,1,,,,,,
15-10-2024  14:17 PDT,ISAC014,2,"1,013",31,60,1,1,0,2,0,0,1,0,0,0,1,1,1,2,1,,,,,,
15-10-2024  14:03 PDT,ISAC014,1,"2,242",3,60,2,0,0,1,0,0,1,1,1,2,0,0,1,0,1,,,,,,
15-10-2024  13:58 PDT,ISAC014,1,"2,047",4,60,1,0,0,1,0,0,1,0,1,1,0,1,2,1,0,,,,,,
17-7-2024  17:27 PDT,KNVB@2024002,1,"2,101",2,60,1,1,1,1,1,1,1,1,1,2,0,0,1,0,1,,,,,,
17-7-2024  17:26 PDT,KNVB@2024002,2,"1,727",1,60,1,1,1,2,1,0,1,1,1,2,0,0,1,0,1,,,,,,
17-7-2024  17:26 PDT,KNVB@2024002,3,"1,466",14,60,1,1,1,3,1,0,1,0,0,0,1,1,1,2,1,,,,,,
17-7-2024  17:23 PDT,KNVB@2024002,4,"1,701",4,60,1,1,1,4,1,0,1,1,1,2,0,0,1,0,1,,,,,,
17-7-2024  17:17 PDT,KNVB@2024002,1,971,13,60,1,1,0,1,1,0,1,0,0,0,1,1,1,2,1,,,,,,
17-7-2024  17:16 PDT,KNVB@2024002,2,"1,659",5,60,1,1,0,2,1,1,1,0,1,1,0,1,2,1,0,,,,,,
17-7-2024  17:16 PDT,KNVB@2024002,3,529,14,60,1,1,0,3,1,0,1,0,0,0,1,1,1,2,1,,,,,,
17-7-2024  17:14 PDT,KNVB@2024002,4,"-1,938",50,60,1,1,0,4,1,0,1,0,0,0,1,1,1,2,1,,,,,,
17-7-2024  16:48 PDT,KNVB@2024002,1,"2,211",11,60,1,0,0,1,1,0,1,1,1,2,0,0,1,0,1,,,,,,
17-7-2024  16:48 PDT,KNVB@2024002,2,"2,194",10,60,1,0,0,2,1,0,1,1,1,2,0,0,1,0,1,,,,,,
17-7-2024  16:47 PDT,KNVB@2024002,3,"2,249",10,60,1,0,0,3,1,1,1,1,1,2,0,0,1,0,1,,,,,,
17-7-2024  16:45 PDT,KNVB@2024002,4,"2,086",2,60,1,0,0,4,1,0,1,0,1,1,0,1,2,1,0,,,,,,
17-7-2024  16:44 PDT,KNVB@2024002,5,752,44,60,1,0,0,5,1,0,1,0,0,0,1,1,1,2,1,,,,,,
17-7-2024  16:42 PDT,KNVB@2024002,6,"1,933",15,60,1,0,0,6,1,0,1,0,0,0,1,1,1,2,1,,,,,,
17-7-2024  16:41 PDT,KNVB@2024002,7,"2,224",9,60,1,0,0,7,1,0,1,1,1,2,0,0,1,0,1,,,,,,
17-7-2024  16:40 PDT,KNVB@2024002,8,752,44,60,1,0,0,8,1,0,1,0,0,0,1,1,1,2,1,,,,,,
17-7-2024  16:39 PDT,KNVB@2024002,9,"2,246",15,60,1,0,0,9,1,0,1,1,0,1,1,0,0,1,2,,,,,,
17-7-2024  16:37 PDT,KNVB@2024002,10,"1,402",35,48,1,0,0,10,1,0,1,0,0,0,1,1,1,2,1,,,,,,
17-7-2024  17:27 PDT,KNVB@2024003,1,"1,564",0,60,1,1,1,1,1,0,1,0,1,1,0,1,2,1,0,,,,,,
17-7-2024  17:18 PDT,KNVB@2024003,1,"1,624",2,60,1,1,0,1,1,0,1,0,1,1,0,1,2,1,0,,,,,,
17-7-2024  16:51 PDT,KNVB@2024003,1,"2,255",3,60,1,0,0,1,1,1,1,1,1,2,0,0,1,0,1,,,,,,
17-7-2024  16:47 PDT,KNVB@2024003,2,"1,880",11,60,1,0,0,2,1,0,1,0,1,1,0,1,2,1,0,,,,,,
17-7-2024  16:44 PDT,KNVB@2024003,3,"1,582",20,36,1,0,0,3,1,0,1,0,0,0,1,1,1,2,1,,,,,,
17-7-2024  16:42 PDT,KNVB@2024003,4,"1,138",3,12,1,0,0,4,1,0,1,0,1,1,0,1,2,1,0,,,,,,
17-7-2024  16:40 PDT,KNVB@2024003,5,738,1,12,1,0,0,5,1,0,1,0,1,1,0,1,2,1,0,,,,,,
17-7-2024  17:26 PDT,KNVB@2024004,1,"1,925",2,60,1,1,1,1,1,0,1,1,1,2,0,0,1,0,1,,,,,,
17-7-2024  17:25 PDT,KNVB@2024004,2,"1,918",1,60,1,1,1,2,1,0,1,1,1,2,0,0,1,0,1,,,,,,
17-7-2024  17:16 PDT,KNVB@2024004,1,"2,026",2,60,1,1,0,1,1,1,1,1,1,2,0,0,1,0,1,,,,,,
17-7-2024  17:15 PDT,KNVB@2024004,2,"1,548",5,60,1,1,0,2,1,0,1,0,1,1,0,1,2,1,0,,,,,,
17-7-2024  17:14 PDT,KNVB@2024004,3,175,30,60,1,1,0,3,1,0,1,0,0,0,1,1,1,2,1,,,,,,
17-7-2024  16:48 PDT,KNVB@2024004,1,"2,386",14,60,1,0,0,1,1,0,1,1,0,1,1,0,0,1,2,,,,,,
17-7-2024  16:47 PDT,KNVB@2024004,2,821,44,60,1,0,0,2,1,0,1,0,0,0,1,1,1,2,1,,,,,,
17-7-2024  16:47 PDT,KNVB@2024004,3,"2,399",15,60,1,0,0,3,1,1,1,1,0,1,1,0,0,1,2,,,,,,
17-7-2024  16:45 PDT,KNVB@2024004,4,752,44,60,1,0,0,4,1,0,1,0,0,0,1,1,1,2,1,,,,,,
17-7-2024  16:44 PDT,KNVB@2024004,5,"1,405",24,60,1,0,0,5,1,0,1,0,0,0,1,1,1,2,1,,,,,,
17-7-2024  16:41 PDT,KNVB@2024004,6,"2,086",2,60,1,0,0,6,1,0,1,0,1,1,0,1,2,1,0,,,,,,
17-7-2024  17:28 PDT,KNVB@2024005,1,"1,733",3,60,1,1,1,1,1,0,1,1,1,2,0,0,1,0,1,,,,,,
17-7-2024  17:27 PDT,KNVB@2024005,2,"1,922",4,60,1,1,1,2,1,0,1,1,1,2,0,0,1,0,1,,,,,,
17-7-2024  17:15 PDT,KNVB@2024005,1,"1,724",4,60,1,1,0,1,1,1,1,1,1,2,0,0,1,0,1,,,,,,
17-7-2024  17:14 PDT,KNVB@2024005,2,"1,482",7,60,1,1,0,2,1,0,1,0,1,1,0,1,2,1,0,,,,,,
17-7-2024  17:14 PDT,KNVB@2024005,3,656,9,60,1,1,0,3,1,0,1,0,1,1,0,1,2,1,0,,,,,,
17-7-2024  16:47 PDT,KNVB@2024005,1,"2,084",8,60,1,0,0,1,1,0,1,0,1,1,0,1,2,1,0,,,,,,
17-7-2024  16:47 PDT,KNVB@2024005,2,"1,980",13,60,1,0,0,2,1,0,1,0,0,0,1,1,1,2,1,,,,,,
17-7-2024  16:46 PDT,KNVB@2024005,3,"2,145",9,60,1,0,0,3,1,0,1,1,1,2,0,0,1,0,1,,,,,,
17-7-2024  16:44 PDT,KNVB@2024005,4,"2,385",2,60,1,0,0,4,1,1,1,1,1,2,0,0,1,0,1,,,,,,
17-7-2024  16:43 PDT,KNVB@2024005,5,"2,211",8,60,1,0,0,5,1,0,1,1,1,2,0,0,1,0,1,,,,,,
17-7-2024  16:42 PDT,KNVB@2024005,6,"2,383",5,60,1,0,0,6,1,0,1,1,1,2,0,0,1,0,1,,,,,,
17-7-2024  16:40 PDT,KNVB@2024005,7,752,44,60,1,0,0,7,1,0,1,0,0,0,1,1,1,2,1,,,,,,
17-7-2024  16:40 PDT,KNVB@2024005,8,"2,196",5,60,1,0,0,8,1,0,1,1,1,2,0,0,1,0,1,,,,,,
17-7-2024  16:39 PDT,KNVB@2024005,9,"2,271",10,60,1,0,0,9,1,0,1,1,1,2,0,0,1,0,1,,,,,,
17-7-2024  17:27 PDT,KNVB@2024006,1,"1,819",2,60,1,1,1,1,1,0,1,1,1,2,0,0,1,0,1,,,,,,
17-7-2024  17:24 PDT,KNVB@2024006,2,"1,327",0,60,1,1,1,2,1,0,1,0,1,1,0,1,2,1,0,,,,,,
17-7-2024  17:22 PDT,KNVB@2024006,1,794,0,24,1,1,0,1,1,1,1,0,1,1,0,1,2,1,0,,,,,,
17-7-2024  17:20 PDT,KNVB@2024006,2,591,19,24,1,1,0,2,1,0,1,0,0,0,1,1,1,2,1,,,,,,
17-7-2024  17:20 PDT,KNVB@2024006,3,746,5,24,1,1,0,3,1,0,1,0,1,1,0,1,2,1,0,,,,,,
17-7-2024  17:19 PDT,KNVB@2024006,4,796,3,24,1,1,0,4,1,0,1,0,1,1,0,1,2,1,0,,,,,,
17-7-2024  17:17 PDT,KNVB@2024006,5,523,33,24,1,1,0,5,1,0,1,0,0,0,1,1,1,2,1,,,,,,
17-7-2024  17:16 PDT,KNVB@2024006,6,708,11,24,1,1,0,6,1,0,1,0,1,1,0,1,2,1,0,,,,,,
17-7-2024  16:46 PDT,KNVB@2024006,1,"2,233",4,60,1,0,0,1,1,0,1,1,1,2,0,0,1,0,1,,,,,,
17-7-2024  17:29 PDT,KNVB@2024007,1,"1,746",4,60,1,1,1,1,1,0,1,1,1,2,0,0,1,0,1,,,,,,
17-7-2024  17:25 PDT,KNVB@2024007,2,"1,535",7,60,1,1,1,2,1,0,1,0,1,1,0,1,2,1,0,,,,,,
17-7-2024  17:22 PDT,KNVB@2024007,1,195,14,60,1,1,0,1,1,1,1,0,0,0,1,1,1,2,1,,,,,,
17-7-2024  17:16 PDT,KNVB@2024007,2,-390,5,60,1,1,0,2,1,0,1,0,1,1,0,1,2,1,0,,,,,,
17-7-2024  17:15 PDT,KNVB@2024007,3,"-3,411",46,60,1,1,0,3,1,0,0,0,0,0,1,1,1,2,1,,,,,,
17-7-2024  16:49 PDT,KNVB@2024007,1,"2,215",14,60,1,0,0,1,1,0,1,1,0,1,1,0,0,1,2,,,,,,
17-7-2024  16:43 PDT,KNVB@2024007,2,"2,043",14,60,1,0,0,2,1,0,1,0,0,0,1,1,1,2,1,,,,,,
17-7-2024  16:42 PDT,KNVB@2024007,3,"2,266",16,60,1,0,0,3,1,1,1,1,0,1,1,0,0,1,2,,,,,,
17-7-2024  16:41 PDT,KNVB@2024007,4,"2,086",2,60,1,0,0,4,1,0,1,0,1,1,0,1,2,1,0,,,,,,
17-7-2024  16:41 PDT,KNVB@2024007,5,"2,133",11,60,1,0,0,5,1,0,1,1,1,2,0,0,1,0,1,,,,,,
17-7-2024  16:39 PDT,KNVB@2024007,6,"2,187",18,60,1,0,0,6,1,0,1,1,0,1,1,0,0,1,2,,,,,,
17-7-2024  16:38 PDT,KNVB@2024007,7,"2,108",19,60,1,0,0,7,1,0,1,0,0,0,1,1,1,2,1,,,,,,
17-7-2024  17:26 PDT,KNVB@2024008,1,"1,779",8,60,1,1,1,1,1,0,1,1,1,2,0,0,1,0,1,,,,,,
17-7-2024  17:26 PDT,KNVB@2024008,2,"1,894",3,60,1,1,1,2,1,0,1,1,1,2,0,0,1,0,1,,,,,,
17-7-2024  17:17 PDT,KNVB@2024008,1,409,10,60,1,1,0,1,1,0,1,0,1,1,0,1,2,1,0,,,,,,
17-7-2024  17:16 PDT,KNVB@2024008,2,"1,927",3,60,1,1,0,2,1,0,1,1,1,2,0,0,1,0,1,,,,,,
17-7-2024  17:15 PDT,KNVB@2024008,3,"2,071",1,60,1,1,0,3,1,0,1,1,1,2,0,0,1,0,1,,,,,,
17-7-2024  17:15 PDT,KNVB@2024008,4,"2,127",1,60,1,1,0,4,1,1,1,1,1,2,0,0,1,0,1,,,,,,
17-7-2024  17:00 PDT,KNVB@2024008,5,529,14,60,1,1,0,5,1,0,1,0,0,0,1,1,1,2,1,,,,,,
17-7-2024  16:49 PDT,KNVB@2024008,1,752,44,60,1,0,0,1,1,0,1,0,0,0,1,1,1,2,1,,,,,,
17-7-2024  16:47 PDT,KNVB@2024008,2,"2,454",2,60,1,0,0,2,1,1,1,1,1,2,0,0,1,0,1,,,,,,
17-7-2024  16:46 PDT,KNVB@2024008,3,"2,341",11,60,1,0,0,3,1,0,1,1,1,2,0,0,1,0,1,,,,,,
17-7-2024  16:45 PDT,KNVB@2024008,4,"2,428",2,60,1,0,0,4,1,0,1,1,1,2,0,0,1,0,1,,,,,,
17-7-2024  16:44 PDT,KNVB@2024008,5,"2,416",2,60,1,0,0,5,1,0,1,1,1,2,0,0,1,0,1,,,,,,
17-7-2024  16:43 PDT,KNVB@2024008,6,"2,297",4,60,1,0,0,6,1,0,1,1,1,2,0,0,1,0,1,,,,,,
17-7-2024  16:41 PDT,KNVB@2024008,7,"2,185",12,60,1,0,0,7,1,0,1,1,1,2,0,0,1,0,1,,,,,,
17-7-2024  16:40 PDT,KNVB@2024008,8,"2,399",15,60,1,0,0,8,1,0,1,1,0,1,1,0,0,1,2,,,,,,
17-7-2024  16:39 PDT,KNVB@2024008,9,752,44,60,1,0,0,9,1,0,1,0,0,0,1,1,1,2,1,,,,,,
17-7-2024  16:39 PDT,KNVB@2024008,10,"2,086",2,60,1,0,0,10,1,0,1,0,1,1,0,1,2,1,0,,,,,,
17-7-2024  16:37 PDT,KNVB@2024008,11,"2,206",14,60,1,0,0,11,1,0,1,1,0,1,1,0,0,1,2,,,,,,
17-7-2024  17:35 PDT,KNVB@2024009,1,"1,292",0,60,1,1,1,1,1,0,1,0,1,1,0,1,2,1,0,,,,,,
17-7-2024  17:34 PDT,KNVB@2024009,2,"1,290",0,60,1,1,1,2,1,0,1,0,1,1,0,1,2,1,0,,,,,,
17-7-2024  17:32 PDT,KNVB@2024009,3,"1,627",0,60,1,1,1,3,1,0,1,0,1,1,0,1,2,1,0,,,,,,
17-7-2024  17:29 PDT,KNVB@2024009,4,"1,780",1,60,1,1,1,4,1,1,1,1,1,2,0,0,1,0,1,,,,,,
17-7-2024  17:27 PDT,KNVB@2024009,5,"1,634",3,60,1,1,1,5,1,0,1,0,1,1,0,1,2,1,0,,,,,,
17-7-2024  17:25 PDT,KNVB@2024009,6,"1,641",2,60,1,1,1,6,1,0,1,0,1,1,0,1,2,1,0,,,,,,
17-7-2024  17:24 PDT,KNVB@2024009,7,526,6,12,1,1,1,7,1,0,1,0,1,1,0,1,2,1,0,,,,,,
17-7-2024  17:17 PDT,KNVB@2024009,1,"1,729",3,60,1,1,0,1,1,0,1,1,1,2,0,0,1,0,1,,,,,,
17-7-2024  17:16 PDT,KNVB@2024009,2,709,19,60,1,1,0,2,1,0,1,0,0,0,1,1,1,2,1,,,,,,
17-7-2024  17:07 PDT,KNVB@2024009,1,"2,271",10,60,1,0,0,1,1,0,1,1,1,2,0,0,1,0,1,,,,,,
17-7-2024  17:06 PDT,KNVB@2024009,2,"2,224",9,60,1,0,0,2,1,0,1,1,1,2,0,0,1,0,1,,,,,,
17-7-2024  17:05 PDT,KNVB@2024009,3,"2,212",8,60,1,0,0,3,1,0,1,1,1,2,0,0,1,0,1,,,,,,
17-7-2024  17:03 PDT,KNVB@2024009,4,"2,157",6,60,1,0,0,4,1,0,1,1,1,2,0,0,1,0,1,,,,,,
17-7-2024  17:03 PDT,KNVB@2024009,5,"2,229",5,60,1,0,0,5,1,0,1,1,1,2,0,0,1,0,1,,,,,,
17-7-2024  16:58 PDT,KNVB@2024009,6,"2,271",10,60,1,0,0,6,1,1,1,1,1,2,0,0,1,0,1,,,,,,
17-7-2024  16:56 PDT,KNVB@2024009,7,"2,194",10,60,1,0,0,7,1,0,1,1,1,2,0,0,1,0,1,,,,,,
17-7-2024  16:55 PDT,KNVB@2024009,8,"2,086",2,60,1,0,0,8,1,0,1,0,1,1,0,1,2,1,0,,,,,,
17-7-2024  16:50 PDT,KNVB@2024009,9,"2,246",15,60,1,0,0,9,1,0,1,1,0,1,1,0,0,1,2,,,,,,
17-7-2024  16:50 PDT,KNVB@2024009,10,"1,859",19,60,1,0,0,10,1,0,1,0,0,0,1,1,1,2,1,,,,,,
17-7-2024  16:48 PDT,KNVB@2024009,11,"1,859",19,60,1,0,0,11,1,0,1,0,0,0,1,1,1,2,1,,,,,,
30-7-2024  21:25 PDT,KNVB@2024010,1,"2,194",1,60,1,1,0,1,1,0,1,1,1,2,0,0,1,0,1,,,,,,
30-7-2024  21:25 PDT,KNVB@2024010,2,"1,374",3,60,1,1,0,2,1,0,1,0,1,1,0,1,2,1,0,,,,,,
6-6-2024  12:05 PDT,Nb@2024040,1,"2,093",9,60,2,0,0,1,0,0,1,0,1,1,0,1,2,1,0,,,,,,
6-6-2024  12:04 PDT,Nb@2024040,2,"2,176",4,60,2,0,0,2,0,0,1,1,1,2,0,0,1,0,1,,,,,,
6-6-2024  12:03 PDT,Nb@2024040,3,"2,913",15,60,2,0,0,3,0,0,1,1,0,1,1,0,0,1,2,,,,,,
6-6-2024  12:02 PDT,Nb@2024040,4,"2,404",9,60,2,0,0,4,0,1,1,1,1,2,0,0,1,0,1,,,,,,
6-6-2024  12:01 PDT,Nb@2024040,5,"1,002",45,60,2,0,0,5,0,0,1,0,0,0,1,1,1,2,1,,,,,,
6-6-2024  11:59 PDT,Nb@2024040,1,"2,248",10,60,1,0,0,1,0,0,1,1,1,2,0,0,1,0,1,,,,,,
6-6-2024  11:58 PDT,Nb@2024040,2,"1,953",5,60,1,0,0,2,0,0,1,0,1,1,0,1,2,1,0,,,,,,
6-6-2024  11:57 PDT,Nb@2024040,3,"2,512",2,60,1,0,0,3,0,1,1,1,1,2,0,0,1,0,1,,,,,,
6-6-2024  11:56 PDT,Nb@2024040,4,"2,248",10,60,1,0,0,4,0,0,1,1,1,2,0,0,1,0,1,,,,,,
6-6-2024  11:56 PDT,Nb@2024040,5,"2,086",2,60,1,0,0,5,0,0,1,0,1,1,0,1,2,1,0,,,,,,
6-6-2024  11:55 PDT,Nb@2024040,6,"2,399",15,60,1,0,0,6,0,0,1,1,0,1,1,0,0,1,2,,,,,,
6-6-2024  11:54 PDT,Nb@2024040,7,"1,939",7,60,1,0,0,7,0,0,1,0,1,1,0,1,2,1,0,,,,,,
6-6-2024  11:54 PDT,Nb@2024040,8,752,44,60,1,0,0,8,0,0,1,0,0,0,1,1,1,2,1,,,,,,
6-6-2024  11:52 PDT,Nb@2024040,9,"2,252",7,60,1,0,0,9,0,0,1,1,1,2,0,0,1,0,1,,,,,,
6-6-2024  12:05 PDT,Nb@2024041,1,"2,175",47,60,2,0,0,1,0,0,1,1,0,1,1,0,0,1,2,,,,,,
6-6-2024  12:04 PDT,Nb@2024041,2,"2,630",14,60,2,0,0,2,0,1,1,1,0,1,1,0,0,1,2,,,,,,
6-6-2024  12:02 PDT,Nb@2024041,3,"2,359",9,60,2,0,0,3,0,0,1,1,1,2,0,0,1,0,1,,,,,,
6-6-2024  12:00 PDT,Nb@2024041,4,"2,115",1,60,2,0,0,4,0,0,1,0,1,1,0,1,2,1,0,,,,,,
6-6-2024  11:56 PDT,Nb@2024041,1,"1,718",9,60,1,0,0,1,0,0,1,0,1,1,0,1,2,1,0,,,,,,
6-6-2024  11:55 PDT,Nb@2024041,2,"2,076",6,60,1,0,0,2,0,0,1,0,1,1,0,1,2,1,0,,,,,,
6-6-2024  11:52 PDT,Nb@2024041,3,"2,086",2,60,1,0,0,3,0,0,1,0,1,1,0,1,2,1,0,,,,,,
6-6-2024  11:51 PDT,Nb@2024041,4,"2,070",10,60,1,0,0,4,0,0,1,0,1,1,0,1,2,1,0,,,,,,
6-6-2024  11:50 PDT,Nb@2024041,5,"2,179",5,60,1,0,0,5,0,1,1,1,1,2,0,0,1,0,1,,,,,,
6-6-2024  12:05 PDT,Nb@2024042,1,"2,302",14,60,2,0,0,1,0,0,1,1,0,1,1,0,0,1,2,,,,,,
6-6-2024  12:03 PDT,Nb@2024042,2,"2,856",15,60,2,0,0,2,0,0,1,1,0,1,1,0,0,1,2,,,,,,
6-6-2024  12:00 PDT,Nb@2024042,1,"2,366",8,60,1,0,0,1,0,1,1,1,1,2,0,0,1,0,1,,,,,,
6-6-2024  11:55 PDT,Nb@2024042,2,"1,784",9,60,1,0,0,2,0,0,1,0,1,1,0,1,2,1,0,,,,,,
6-6-2024  11:53 PDT,Nb@2024042,3,"2,287",8,60,1,0,0,3,0,0,1,1,1,2,0,0,1,0,1,,,,,,
6-6-2024  11:51 PDT,Nb@2024042,4,"2,313",5,60,1,0,0,4,0,0,1,1,1,2,0,0,1,0,1,,,,,,
6-6-2024  11:48 PDT,Nb@2024042,5,"1,306",6,24,1,0,0,5,0,0,1,0,1,1,0,1,2,1,0,,,,,,
6-6-2024  12:05 PDT,Nb@2024043,1,"2,236",8,60,2,0,0,1,0,0,1,1,1,2,0,0,1,0,1,,,,,,
6-6-2024  12:02 PDT,Nb@2024043,2,"1,802",6,36,2,0,0,2,0,0,1,0,1,1,0,1,2,1,0,,,,,,
6-6-2024  12:00 PDT,Nb@2024043,1,"2,316",5,60,1,0,0,1,0,0,1,1,1,2,0,0,1,0,1,,,,,,
6-6-2024  11:56 PDT,Nb@2024043,2,"2,415",4,60,1,0,0,2,0,1,1,1,1,2,0,0,1,0,1,,,,,,
6-6-2024  11:53 PDT,Nb@2024043,3,"2,347",4,60,1,0,0,3,0,0,1,1,1,2,0,0,1,0,1,,,,,,
6-6-2024  11:50 PDT,Nb@2024043,4,"2,142",12,60,1,0,0,4,0,0,1,1,1,2,0,0,1,0,1,,,,,,
6-6-2024  12:05 PDT,Nb@2024044,1,"2,476",12,60,2,0,0,1,0,0,1,1,1,2,0,0,1,0,1,,,,,,
6-6-2024  12:02 PDT,Nb@2024044,2,"3,094",15,60,2,0,0,2,0,0,1,1,0,1,1,0,0,1,2,,,,,,
6-6-2024  11:59 PDT,Nb@2024044,1,"2,330",13,60,1,0,0,1,0,1,1,1,0,1,1,0,0,1,2,,,,,,
6-6-2024  11:57 PDT,Nb@2024044,2,"2,258",9,60,1,0,0,2,0,0,1,1,1,2,0,0,1,0,1,,,,,,
6-6-2024  11:56 PDT,Nb@2024044,3,"2,319",12,60,1,0,0,3,0,0,1,1,1,2,0,0,1,0,1,,,,,,
6-6-2024  11:55 PDT,Nb@2024044,4,"2,264",8,60,1,0,0,4,0,0,1,1,1,2,0,0,1,0,1,,,,,,
6-6-2024  11:54 PDT,Nb@2024044,5,"1,976",16,60,1,0,0,5,0,0,1,0,0,0,1,1,1,2,1,,,,,,
6-6-2024  11:51 PDT,Nb@2024044,6,"2,225",10,60,1,0,0,6,0,0,1,1,1,2,0,0,1,0,1,,,,,,
6-6-2024  12:03 PDT,Nb@2024045,1,"3,474",21,60,2,0,0,1,0,0,1,1,0,1,1,0,0,1,2,,,,,,
6-6-2024  12:02 PDT,Nb@2024045,2,"2,435",9,60,2,0,0,2,0,0,1,1,1,2,0,0,1,0,1,,,,,,
6-6-2024  11:57 PDT,Nb@2024045,1,"2,402",6,60,1,0,0,1,0,1,1,1,1,2,0,0,1,0,1,,,,,,
6-6-2024  11:56 PDT,Nb@2024045,2,"1,651",23,60,1,0,0,2,0,0,1,0,0,0,1,1,1,2,1,,,,,,
6-6-2024  11:54 PDT,Nb@2024045,3,"1,718",9,60,1,0,0,3,0,0,1,0,1,1,0,1,2,1,0,,,,,,
6-6-2024  11:53 PDT,Nb@2024045,4,"2,397",13,60,1,0,0,4,0,0,1,1,0,1,1,0,0,1,2,,,,,,
6-6-2024  12:05 PDT,Nb@2024046,1,"1,175",41,60,2,0,0,1,0,0,1,0,0,0,1,1,1,2,1,,,,,,
6-6-2024  12:04 PDT,Nb@2024046,2,"2,168",2,60,2,0,0,2,0,0,1,1,1,2,0,0,1,0,1,,,,,,
6-6-2024  12:03 PDT,Nb@2024046,3,"2,880",13,60,2,0,0,3,0,1,1,1,0,1,1,0,0,1,2,,,,,,
6-6-2024  12:03 PDT,Nb@2024046,4,"2,412",10,60,2,0,0,4,0,0,1,1,1,2,0,0,1,0,1,,,,,,
6-6-2024  12:02 PDT,Nb@2024046,5,"2,262",9,60,2,0,0,5,0,0,1,1,1,2,0,0,1,0,1,,,,,,
6-6-2024  12:01 PDT,Nb@2024046,6,"2,521",16,60,2,0,0,6,0,0,1,1,0,1,1,0,0,1,2,,,,,,
6-6-2024  12:00 PDT,Nb@2024046,1,"2,086",2,60,1,0,0,1,0,0,1,0,1,1,0,1,2,1,0,,,,,,
6-6-2024  11:59 PDT,Nb@2024046,2,"1,155",44,48,1,0,0,2,0,0,1,0,0,0,1,1,1,2,1,,,,,,
6-6-2024  11:58 PDT,Nb@2024046,3,752,44,60,1,0,0,3,0,0,1,0,0,0,1,1,1,2,1,,,,,,
6-6-2024  11:58 PDT,Nb@2024046,4,"1,368",30,60,1,0,0,4,0,0,1,0,0,0,1,1,1,2,1,,,,,,
6-6-2024  11:56 PDT,Nb@2024046,5,"1,939",7,60,1,0,0,5,0,0,1,0,1,1,0,1,2,1,0,,,,,,
6-6-2024  11:55 PDT,Nb@2024046,6,"1,368",30,60,1,0,0,6,0,0,1,0,0,0,1,1,1,2,1,,,,,,
6-6-2024  11:55 PDT,Nb@2024046,7,"2,399",15,60,1,0,0,7,0,1,1,1,0,1,1,0,0,1,2,,,,,,
6-6-2024  11:53 PDT,Nb@2024046,8,752,44,60,1,0,0,8,0,0,1,0,0,0,1,1,1,2,1,,,,,,
6-6-2024  11:53 PDT,Nb@2024046,9,"2,018",9,60,1,0,0,9,0,0,1,0,1,1,0,1,2,1,0,,,,,,
6-6-2024  12:07 PDT,Nb@2024049,1,"2,400",4,60,2,0,0,1,0,0,1,1,1,2,0,0,1,0,1,,,,,,
6-6-2024  12:04 PDT,Nb@2024049,2,"2,803",13,60,2,0,0,2,0,0,1,1,0,1,1,0,0,1,2,,,,,,
6-6-2024  12:00 PDT,Nb@2024049,1,"2,274",3,60,1,0,0,1,0,1,1,1,1,2,0,0,1,0,1,,,,,,
6-6-2024  11:56 PDT,Nb@2024049,2,"2,019",7,60,1,0,0,2,0,0,1,0,1,1,0,1,2,1,0,,,,,,
6-6-2024  11:53 PDT,Nb@2024049,3,"1,826",17,60,1,0,0,3,0,0,1,0,0,0,1,1,1,2,1,,,,,,
6-6-2024  12:05 PDT,Nb@2024050,1,"2,459",11,60,2,0,0,1,0,0,1,1,1,2,0,0,1,0,1,,,,,,
6-6-2024  12:03 PDT,Nb@2024050,2,"2,572",9,60,2,0,0,2,0,1,1,1,1,2,0,0,1,0,1,,,,,,
6-6-2024  12:02 PDT,Nb@2024050,3,"2,598",7,60,2,0,0,3,0,0,1,1,1,2,0,0,1,0,1,,,,,,
6-6-2024  12:01 PDT,Nb@2024050,1,"2,237",4,60,1,0,0,1,0,0,1,1,1,2,0,0,1,0,1,,,,,,
6-6-2024  12:05 PDT,Nb@2024051,1,"2,516",9,60,2,0,0,1,0,0,1,1,1,2,0,0,1,0,1,,,,,,
6-6-2024  12:03 PDT,Nb@2024051,2,"2,543",10,60,2,0,0,2,0,0,1,1,1,2,0,0,1,0,1,,,,,,
6-6-2024  12:02 PDT,Nb@2024051,3,"2,576",14,60,2,0,0,3,0,1,1,1,0,1,1,0,0,1,2,,,,,,
6-6-2024  12:01 PDT,Nb@2024051,4,"2,325",7,60,2,0,0,4,0,0,1,1,1,2,0,0,1,0,1,,,,,,
6-6-2024  11:59 PDT,Nb@2024051,1,"2,098",6,60,1,0,0,1,0,0,1,0,1,1,0,1,2,1,0,,,,,,
1-10-2024  13:29 PDT,NB@2024060,1,447,73,60,1,1,1,1,0,0,1,0,0,0,1,1,1,2,1,,,,,,
1-10-2024  13:29 PDT,NB@2024060,2,971,19,36,1,1,1,2,0,0,1,0,0,0,1,1,1,2,1,,,,,,
1-10-2024  13:28 PDT,NB@2024060,3,852,14,24,1,1,1,3,0,0,1,0,0,0,1,1,1,2,1,,,,,,
1-10-2024  13:28 PDT,NB@2024060,4,"1,640",4,60,1,1,1,4,0,1,1,0,1,1,0,1,2,1,0,,,,,,
1-10-2024  13:27 PDT,NB@2024060,5,"1,420",3,48,1,1,1,5,0,0,1,0,1,1,0,1,2,1,0,,,,,,
1-10-2024  13:26 PDT,NB@2024060,6,"1,533",7,60,1,1,1,6,0,0,1,0,1,1,0,1,2,1,0,,,,,,
1-10-2024  13:25 PDT,NB@2024060,7,"1,302",0,60,1,1,1,7,0,0,1,0,1,1,0,1,2,1,0,,,,,,
1-10-2024  13:24 PDT,NB@2024060,1,"1,833",0,60,1,1,0,1,0,1,1,1,1,2,0,0,1,0,1,,,,,,
1-10-2024  13:23 PDT,NB@2024060,2,"1,301",3,60,1,1,0,2,0,0,1,0,1,1,0,1,2,1,0,,,,,,
1-10-2024  13:23 PDT,NB@2024060,3,588,9,12,1,1,0,3,0,0,1,0,1,1,0,1,2,1,0,,,,,,
1-10-2024  13:22 PDT,NB@2024060,4,"1,659",5,60,1,1,0,4,0,0,1,0,1,1,0,1,2,1,0,,,,,,
1-10-2024  13:21 PDT,NB@2024060,5,716,19,12,1,1,0,5,0,0,1,0,0,0,1,1,1,2,1,,,,,,
1-10-2024  13:21 PDT,NB@2024060,6,716,20,12,1,1,0,6,0,0,1,0,0,0,1,1,1,2,1,,,,,,
1-10-2024  13:21 PDT,NB@2024060,7,769,21,12,1,1,0,7,0,0,1,0,0,0,1,1,1,2,1,,,,,,
1-10-2024  13:21 PDT,NB@2024060,8,"-14,743",100,60,1,1,0,8,0,0,0,0,0,0,1,1,1,2,1,,,,,,
1-10-2024  11:24 PDT,NB@2024060,1,"2,446",24,60,2,0,0,1,0,1,1,1,0,1,1,0,0,1,2,,,,,,
1-10-2024  11:22 PDT,NB@2024060,2,"2,203",12,60,2,0,0,2,0,0,1,1,1,2,0,0,1,0,1,,,,,,
1-10-2024  11:21 PDT,NB@2024060,3,"1,672",46,48,2,0,0,3,0,0,1,0,0,0,1,1,1,2,1,,,,,,
1-10-2024  11:20 PDT,NB@2024060,4,"1,908",20,60,2,0,0,4,0,0,1,0,0,0,1,1,1,2,1,,,,,,
1-10-2024  11:19 PDT,NB@2024060,1,"1,886",6,48,1,0,0,1,0,0,1,0,1,1,0,1,2,1,0,,,,,,
1-10-2024  11:18 PDT,NB@2024060,2,"1,679",3,48,1,0,0,2,0,0,1,0,1,1,0,1,2,1,0,,,,,,
1-10-2024  11:18 PDT,NB@2024060,3,"1,298",5,24,1,0,0,3,0,0,1,0,1,1,0,1,2,1,0,,,,,,
1-10-2024  11:17 PDT,NB@2024060,4,"2,001",12,48,1,0,0,4,0,1,1,0,1,1,0,1,2,1,0,,,,,,
1-10-2024  13:31 PDT,NB@2024062,1,863,54,60,1,1,1,1,0,0,1,0,0,0,1,1,1,2,1,,,,,,
1-10-2024  13:30 PDT,NB@2024062,2,-932,69,60,1,1,1,2,0,0,1,0,0,0,1,1,1,2,1,,,,,,
1-10-2024  13:29 PDT,NB@2024062,3,314,47,60,1,1,1,3,0,0,1,0,0,0,1,1,1,2,1,,,,,,
1-10-2024  13:28 PDT,NB@2024062,4,"-3,417",100,60,1,1,1,4,0,0,0,0,0,0,1,1,1,2,1,,,,,,
1-10-2024  13:27 PDT,NB@2024062,5,741,40,60,1,1,1,5,0,0,1,0,0,0,1,1,1,2,1,,,,,,
1-10-2024  13:26 PDT,NB@2024062,6,937,57,60,1,1,1,6,0,1,1,0,0,0,1,1,1,2,1,,,,,,
1-10-2024  13:25 PDT,NB@2024062,7,"-1,920",100,60,1,1,1,7,0,0,1,0,0,0,1,1,1,2,1,,,,,,
1-10-2024  13:24 PDT,NB@2024062,1,-629,31,60,1,1,0,1,0,0,1,0,0,0,1,1,1,2,1,,,,,,
1-10-2024  11:23 PDT,NB@2024062,1,"2,473",14,60,2,0,0,1,0,0,1,1,0,1,1,0,0,1,2,,,,,,
1-10-2024  11:20 PDT,NB@2024062,1,"2,187",16,60,1,0,0,1,0,0,1,1,0,1,1,0,0,1,2,,,,,,
1-10-2024  13:30 PDT,NB@2024063,1,"1,295",0,60,1,1,1,1,0,1,1,0,1,1,0,1,2,1,0,,,,,,
1-10-2024  13:29 PDT,NB@2024063,2,-258,82,48,1,1,1,2,0,0,1,0,0,0,1,1,1,2,1,,,,,,
1-10-2024  13:28 PDT,NB@2024063,3,-731,99,48,1,1,1,3,0,0,1,0,0,0,1,1,1,2,1,,,,,,
1-10-2024  13:27 PDT,NB@2024063,4,664,40,60,1,1,1,4,0,0,1,0,0,0,1,1,1,2,1,,,,,,
1-10-2024  13:23 PDT,NB@2024063,1,"-1,343",41,60,1,1,0,1,0,0,1,0,0,0,1,1,1,2,1,,,,,,
1-10-2024  11:21 PDT,NB@2024063,1,"1,812",30,60,2,0,0,1,0,0,1,0,0,0,1,1,1,2,1,,,,,,
1-10-2024  11:19 PDT,NB@2024063,1,831,40,60,1,0,0,1,0,0,1,0,0,0,1,1,1,2,1,,,,,,
1-10-2024  11:19 PDT,NB@2024063,2,752,44,60,1,0,0,2,0,0,1,0,0,0,1,1,1,2,1,,,,,,
1-10-2024  11:17 PDT,NB@2024063,3,"2,399",15,60,1,0,0,3,0,1,1,1,0,1,1,0,0,1,2,,,,,,
1-10-2024  11:17 PDT,NB@2024063,4,"2,086",2,60,1,0,0,4,0,0,1,0,1,1,0,1,2,1,0,,,,,,
1-10-2024  11:16 PDT,NB@2024063,5,"1,309",34,60,1,0,0,5,0,0,1,0,0,0,1,1,1,2,1,,,,,,
1-10-2024  13:26 PDT,NB@2024064,1,"1,769",2,60,1,1,1,1,0,0,1,1,1,2,0,0,1,0,1,,,,,,
1-10-2024  13:25 PDT,NB@2024064,2,"1,663",6,60,1,1,1,2,0,0,1,0,1,1,0,1,2,1,0,,,,,,
1-10-2024  13:24 PDT,NB@2024064,1,654,57,12,1,1,0,1,0,0,1,0,0,0,1,1,1,2,1,,,,,,
1-10-2024  13:24 PDT,NB@2024064,2,936,11,60,1,1,0,2,0,0,1,0,1,1,0,1,2,1,0,,,,,,
1-10-2024  13:23 PDT,NB@2024064,3,"-14,743",100,60,1,1,0,3,0,0,0,0,0,0,1,1,1,2,1,,,,,,
1-10-2024  13:22 PDT,NB@2024064,4,"1,683",4,60,1,1,0,4,0,0,1,1,1,2,0,0,1,0,1,,,,,,
1-10-2024  13:22 PDT,NB@2024064,5,"1,440",6,60,1,1,0,5,0,0,1,0,1,1,0,1,2,1,0,,,,,,
1-10-2024  13:21 PDT,NB@2024064,6,308,20,60,1,1,0,6,0,0,1,0,0,0,1,1,1,2,1,,,,,,
1-10-2024  11:22 PDT,NB@2024064,1,"2,594",11,60,2,0,0,1,0,1,1,1,1,2,0,0,1,0,1,,,,,,
1-10-2024  11:21 PDT,NB@2024064,2,"2,220",8,60,2,0,0,2,0,0,1,1,1,2,0,0,1,0,1,,,,,,
1-10-2024  11:20 PDT,NB@2024064,3,"2,187",6,60,2,0,0,3,0,0,1,1,1,2,0,0,1,0,1,,,,,,
1-10-2024  11:19 PDT,NB@2024064,1,"2,086",2,60,1,0,0,1,0,1,1,0,1,1,0,1,2,1,0,,,,,,
1-10-2024  11:18 PDT,NB@2024064,2,"2,054",5,60,1,0,0,2,0,0,1,0,1,1,0,1,2,1,0,,,,,,
1-10-2024  11:17 PDT,NB@2024064,3,"1,516",33,36,1,0,0,3,0,0,1,0,0,0,1,1,1,2,1,,,,,,
1-10-2024  11:16 PDT,NB@2024064,4,"2,120",3,60,1,0,0,4,0,0,1,0,1,1,0,1,2,1,0,,,,,,
1-10-2024  13:29 PDT,NB@2024065,1,62,60,60,1,1,1,1,0,0,1,0,0,0,1,1,1,2,1,,,,,,
1-10-2024  13:28 PDT,NB@2024065,2,"1,210",34,60,1,1,1,2,0,1,1,0,0,0,1,1,1,2,1,,,,,,
1-10-2024  13:27 PDT,NB@2024065,3,803,37,60,1,1,1,3,0,0,1,0,0,0,1,1,1,2,1,,,,,,
1-10-2024  13:26 PDT,NB@2024065,4,-559,59,60,1,1,1,4,0,0,1,0,0,0,1,1,1,2,1,,,,,,
1-10-2024  13:25 PDT,NB@2024065,5,"-2,904",100,60,1,1,1,5,0,0,0,0,0,0,1,1,1,2,1,,,,,,
1-10-2024  13:24 PDT,NB@2024065,1,"-1,550",51,48,1,1,0,1,0,0,1,0,0,0,1,1,1,2,1,,,,,,
1-10-2024  13:22 PDT,NB@2024065,2,"-1,997",50,48,1,1,0,2,0,0,1,0,0,0,1,1,1,2,1,,,,,,
1-10-2024  11:21 PDT,NB@2024065,1,"2,976",13,48,2,0,0,1,0,0,1,1,0,1,1,0,0,1,2,,,,,,
1-10-2024  11:19 PDT,NB@2024065,1,"1,355",36,48,1,0,0,1,0,0,1,0,0,0,1,1,1,2,1,,,,,,
1-10-2024  11:18 PDT,NB@2024065,2,"2,025",20,48,1,0,0,2,0,0,1,0,0,0,1,1,1,2,1,,,,,,
1-10-2024  11:17 PDT,NB@2024065,3,"2,501",17,60,1,0,0,3,0,1,1,1,0,1,1,0,0,1,2,,,,,,
1-10-2024  11:15 PDT,NB@2024065,4,"1,537",11,36,1,0,0,4,0,0,1,0,1,1,0,1,2,1,0,,,,,,
1-10-2024  13:29 PDT,NB@2024066,1,"1,819",1,60,1,1,1,1,0,1,1,1,1,2,0,0,1,0,1,,,,,,
1-10-2024  13:28 PDT,NB@2024066,2,"1,521",0,60,1,1,1,2,0,0,1,0,1,1,0,1,2,1,0,,,,,,
1-10-2024  13:27 PDT,NB@2024066,3,"1,813",2,60,1,1,1,3,0,0,1,1,1,2,0,0,1,0,1,,,,,,
1-10-2024  13:25 PDT,NB@2024066,4,"1,596",4,60,1,1,1,4,0,0,1,0,1,1,0,1,2,1,0,,,,,,
1-10-2024  13:24 PDT,NB@2024066,1,"2,005",1,60,1,1,0,1,0,0,1,1,1,2,0,0,1,0,1,,,,,,
1-10-2024  13:23 PDT,NB@2024066,2,"1,659",5,60,1,1,0,2,0,1,1,0,1,1,0,1,2,1,0,,,,,,
1-10-2024  13:22 PDT,NB@2024066,3,-222,26,60,1,1,0,3,0,0,1,0,0,0,1,1,1,2,1,,,,,,
1-10-2024  13:21 PDT,NB@2024066,4,"-1,144",30,48,1,1,0,4,0,0,1,0,0,0,1,1,1,2,1,,,,,,
1-10-2024  11:22 PDT,NB@2024066,1,"3,008",22,60,2,0,0,1,0,0,1,1,0,1,1,0,0,1,2,,,,,,
1-10-2024  11:19 PDT,NB@2024066,1,"2,309",13,60,1,0,0,1,0,1,1,1,0,1,1,0,0,1,2,,,,,,
1-10-2024  11:18 PDT,NB@2024066,2,"1,775",18,36,1,0,0,2,0,0,1,0,0,0,1,1,1,2,1,,,,,,
1-10-2024  11:17 PDT,NB@2024066,3,"2,120",16,60,1,0,0,3,0,0,1,0,0,0,1,1,1,2,1,,,,,,
1-10-2024  13:28 PDT,NB@2024067,1,"1,607",2,60,1,1,1,1,0,0,1,0,1,1,0,1,2,1,0,,,,,,
1-10-2024  13:25 PDT,NB@2024067,2,"1,302",0,60,1,1,1,2,0,0,1,0,1,1,0,1,2,1,0,,,,,,
1-10-2024  13:24 PDT,NB@2024067,1,"1,833",0,60,1,1,0,1,0,1,1,1,1,2,0,0,1,0,1,,,,,,
1-10-2024  13:23 PDT,NB@2024067,2,"1,519",2,48,1,1,0,2,0,0,1,0,1,1,0,1,2,1,0,,,,,,
1-10-2024  13:22 PDT,NB@2024067,3,-980,36,60,1,1,0,3,0,0,1,0,0,0,1,1,1,2,1,,,,,,
1-10-2024  11:25 PDT,NB@2024067,1,"2,402",8,60,2,0,0,1,0,0,1,1,1,2,0,0,1,0,1,,,,,,
1-10-2024  11:22 PDT,NB@2024067,2,"2,369",11,60,2,0,0,2,0,0,1,1,1,2,0,0,1,0,1,,,,,,
1-10-2024  11:21 PDT,NB@2024067,3,"2,413",12,60,2,0,0,3,0,0,1,1,1,2,0,0,1,0,1,,,,,,
1-10-2024  11:19 PDT,NB@2024067,1,"2,164",10,60,1,0,0,1,0,0,1,1,1,2,0,0,1,0,1,,,,,,
1-10-2024  13:29 PDT,NB@2024068,1,"1,531",6,60,1,1,1,1,0,0,1,0,1,1,0,1,2,1,0,,,,,,
1-10-2024  13:21 PDT,NB@2024068,1,"1,889",1,60,1,1,0,1,0,0,1,1,1,2,0,0,1,0,1,,,,,,
1-10-2024  11:22 PDT,NB@2024068,1,"2,530",13,60,2,0,0,1,0,0,1,1,0,1,1,0,0,1,2,,,,,,
1-10-2024  11:20 PDT,NB@2024068,1,"2,288",9,60,1,0,0,1,0,0,1,1,1,2,0,0,1,0,1,,,,,,
1-10-2024  11:18 PDT,NB@2024068,2,"2,259",13,60,1,0,0,2,0,0,1,1,0,1,1,0,0,1,2,,,,,,
1-10-2024  13:25 PDT,NB@2024069,1,"1,725",0,60,1,1,0,1,0,1,1,1,1,2,0,0,1,0,1,,,,,,
1-10-2024  13:23 PDT,NB@2024069,2,"1,211",0,60,1,1,0,2,0,0,1,0,1,1,0,1,2,1,0,,,,,,
1-10-2024  13:21 PDT,NB@2024069,3,529,14,60,1,1,0,3,0,0,1,0,0,0,1,1,1,2,1,,,,,,
1-10-2024  11:21 PDT,NB@2024069,1,"2,190",4,60,2,0,0,1,0,0,1,1,1,2,0,0,1,0,1,,,,,,
1-10-2024  11:17 PDT,NB@2024069,1,"2,086",2,60,1,0,0,1,0,0,1,0,1,1,0,1,2,1,0,,,,,,
1-10-2024  11:17 PDT,NB@2024069,2,"2,122",5,60,1,0,0,2,0,0,1,0,1,1,0,1,2,1,0,,,,,,
1-10-2024  13:29 PDT,NB@2024070,1,467,52,60,1,1,1,1,0,0,1,0,0,0,1,1,1,2,1,,,,,,
1-10-2024  13:28 PDT,NB@2024070,2,332,39,60,1,1,1,2,0,0,1,0,0,0,1,1,1,2,1,,,,,,
1-10-2024  13:27 PDT,NB@2024070,3,899,32,60,1,1,1,3,0,0,1,0,0,0,1,1,1,2,1,,,,,,
1-10-2024  13:25 PDT,NB@2024070,1,330,23,60,1,1,0,1,0,0,1,0,0,0,1,1,1,2,1,,,,,,
1-10-2024  13:23 PDT,NB@2024070,2,188,12,60,1,1,0,2,0,0,1,0,1,1,0,1,2,1,0,,,,,,
1-10-2024  11:22 PDT,NB@2024070,1,"2,682",17,60,2,0,0,1,0,0,1,1,0,1,1,0,0,1,2,,,,,,
1-10-2024  11:20 PDT,NB@2024070,1,"2,298",9,60,1,0,0,1,0,0,1,1,1,2,0,0,1,0,1,,,,,,
1-10-2024  13:28 PDT,NB@2024071,1,"1,527",0,60,1,1,1,1,0,0,1,0,1,1,0,1,2,1,0,,,,,,
1-10-2024  13:26 PDT,NB@2024071,2,"1,644",1,60,1,1,1,2,0,1,1,0,1,1,0,1,2,1,0,,,,,,
1-10-2024  13:25 PDT,NB@2024071,3,"1,487",0,60,1,1,1,3,0,0,1,0,1,1,0,1,2,1,0,,,,,,
1-10-2024  13:23 PDT,NB@2024071,1,"1,947",0,60,1,1,0,1,0,0,1,1,1,2,0,0,1,0,1,,,,,,
1-10-2024  13:21 PDT,NB@2024071,2,"1,910",0,60,1,1,0,2,0,0,1,1,1,2,0,0,1,0,1,,,,,,
1-10-2024  11:22 PDT,NB@2024071,1,"3,074",16,60,2,0,0,1,0,0,1,1,0,1,1,0,0,1,2,,,,,,
1-10-2024  11:21 PDT,NB@2024071,2,"2,639",10,60,2,0,0,2,0,0,1,1,1,2,0,0,1,0,1,,,,,,
1-10-2024  11:19 PDT,NB@2024071,1,"2,126",5,60,1,0,0,1,0,0,1,0,1,1,0,1,2,1,0,,,,,,
1-10-2024  11:18 PDT,NB@2024071,2,"2,329",5,60,1,0,0,2,0,0,1,1,1,2,0,0,1,0,1,,,,,,
1-10-2024  13:29 PDT,NB@2024072,1,"1,098",25,60,1,1,1,1,0,0,1,0,0,0,1,1,1,2,1,,,,,,
1-10-2024  13:26 PDT,NB@2024072,2,716,39,60,1,1,1,2,0,0,1,0,0,0,1,1,1,2,1,,,,,,
1-10-2024  13:24 PDT,NB@2024072,1,650,20,12,1,1,0,1,0,0,1,0,0,0,1,1,1,2,1,,,,,,
1-10-2024  13:23 PDT,NB@2024072,2,366,16,60,1,1,0,2,0,0,1,0,0,0,1,1,1,2,1,,,,,,
1-10-2024  11:23 PDT,NB@2024072,1,"1,896",10,60,2,0,0,1,0,0,1,0,1,1,0,1,2,1,0,,,,,,
1-10-2024  11:18 PDT,NB@2024072,1,"2,108",14,60,1,0,0,1,0,0,1,0,0,0,1,1,1,2,1,,,,,,
1-10-2024  13:31 PDT,NB@2024075,1,595,7,12,1,1,1,1,0,0,1,0,1,1,0,1,2,1,0,,,,,,
1-10-2024  13:30 PDT,NB@2024075,2,"1,489",1,60,1,1,1,2,0,0,1,0,1,1,0,1,2,1,0,,,,,,
1-10-2024  13:28 PDT,NB@2024075,3,"1,610",1,60,1,1,1,3,0,0,1,0,1,1,0,1,2,1,0,,,,,,
1-10-2024  13:27 PDT,NB@2024075,4,"1,755",1,60,1,1,1,4,0,1,1,1,1,2,0,0,1,0,1,,,,,,
1-10-2024  13:24 PDT,NB@2024075,1,"1,779",0,60,1,1,0,1,0,0,1,1,1,2,0,0,1,0,1,,,,,,
1-10-2024  13:23 PDT,NB@2024075,2,"1,779",17,60,1,1,0,2,0,0,1,1,0,1,1,0,0,1,2,,,,,,
1-10-2024  11:23 PDT,NB@2024075,1,"2,797",12,60,2,0,0,1,0,0,1,1,1,2,0,0,1,0,1,,,,,,
1-10-2024  11:20 PDT,NB@2024075,1,"2,236",7,60,1,0,0,1,0,0,1,1,1,2,0,0,1,0,1,,,,,,
23-10-2024  20:47 PDT,P102,1,"1,260",3,48,1,1,0,1,0,0,1,0,1,1,0,1,2,1,0,,,,,,
23-10-2024  20:39 PDT,P102,2,"1,494",3,60,1,1,0,2,0,1,1,0,1,1,0,1,2,1,0,,,,,,
23-10-2024  20:39 PDT,P102,3,"-9,576",100,60,1,1,0,3,0,0,0,0,0,0,1,1,1,2,1,,,,,,
23-10-2024  20:46 PDT,P102,4,910,8,60,1,1,0,4,0,0,1,0,1,1,0,1,2,1,0,,,,,,
23-10-2024  20:37 PDT,P102,5,"1,027",12,60,1,1,0,5,0,0,1,0,1,1,0,1,2,1,0,,,,,,
23-10-2024  20:34 PDT,P102,6,16,10,60,1,1,0,6,0,0,1,0,1,1,0,1,2,1,0,,,,,,
23-10-2024  20:46 PDT,P103,1,"1,485",1,60,1,1,0,1,0,1,1,0,1,1,0,1,2,1,0,,,,,,
23-10-2024  20:42 PDT,P103,2,529,14,60,1,1,0,2,0,0,1,0,0,0,1,1,1,2,1,,,,,,
23-10-2024  20:41 PDT,P103,3,"-1,506",30,60,1,1,0,3,0,0,1,0,0,0,1,1,1,2,1,,,,,,
23-10-2024  20:34 PDT,P103,4,"-2,715",21,60,1,1,0,4,0,0,0,0,0,0,1,1,1,2,1,,,,,,
23-10-2024  20:46 PDT,P104,1,632,12,60,1,1,0,1,0,1,1,0,1,1,0,1,2,1,0,,,,,,
23-10-2024  20:41 PDT,P104,2,529,14,60,1,1,0,2,0,0,1,0,0,0,1,1,1,2,1,,,,,,
23-10-2024  20:39 PDT,P104,3,"-1,117",48,60,1,1,0,3,0,0,1,0,0,0,1,1,1,2,1,,,,,,
23-10-2024  20:39 PDT,P104,4,-66,48,36,1,1,0,4,0,0,1,0,0,0,1,1,1,2,1,,,,,,
23-10-2024  20:37 PDT,P104,5,"-9,630",98,48,1,1,0,5,0,0,0,0,0,0,1,1,1,2,1,,,,,,
23-10-2024  20:37 PDT,P104,6,"-2,076",73,24,1,1,0,6,0,0,1,0,0,0,1,1,1,2,1,,,,,,
23-10-2024  20:36 PDT,P104,7,"-2,684",89,24,1,1,0,7,0,0,0,0,0,0,1,1,1,2,1,,,,,,
23-10-2024  20:36 PDT,P104,8,"-5,406",78,60,1,1,0,8,0,0,0,0,0,0,1,1,1,2,1,,,,,,
23-10-2024  20:35 PDT,P104,9,"-3,803",75,60,1,1,0,9,0,0,0,0,0,0,1,1,1,2,1,,,,,,
23-10-2024  20:34 PDT,P104,10,-605,41,48,1,1,0,10,0,0,1,0,0,0,1,1,1,2,1,,,,,,
23-10-2024  20:34 PDT,P104,11,"-13,115",100,60,1,1,0,11,0,0,0,0,0,0,1,1,1,2,1,,,,,,
23-10-2024  20:47 PDT,P105,1,"-1,687",51,48,1,1,0,1,0,0,1,0,0,0,1,1,1,2,1,,,,,,
23-10-2024  20:46 PDT,P105,2,"-1,405",42,60,1,1,0,2,0,0,1,0,0,0,1,1,1,2,1,,,,,,
23-10-2024  20:45 PDT,P105,3,"-5,180",67,60,1,1,0,3,0,0,0,0,0,0,1,1,1,2,1,,,,,,
23-10-2024  20:40 PDT,P105,4,383,18,60,1,1,0,4,0,1,1,0,0,0,1,1,1,2,1,,,,,,
23-10-2024  20:39 PDT,P105,5,"-1,145",48,60,1,1,0,5,0,0,1,0,0,0,1,1,1,2,1,,,,,,
23-10-2024  20:38 PDT,P105,6,-65,45,60,1,1,0,6,0,0,1,0,0,0,1,1,1,2,1,,,,,,
23-10-2024  20:37 PDT,P105,7,"-1,802",59,60,1,1,0,7,0,0,1,0,0,0,1,1,1,2,1,,,,,,
23-10-2024  20:36 PDT,P105,8,-50,11,60,1,1,0,8,0,0,1,0,1,1,0,1,2,1,0,,,,,,
23-10-2024  20:45 PDT,P108,1,"1,040",1,60,1,1,0,1,0,1,1,0,1,1,0,1,2,1,0,,,,,,
23-10-2024  20:36 PDT,P108,2,858,11,60,1,1,0,2,0,0,1,0,1,1,0,1,2,1,0,,,,,,
23-10-2024  20:35 PDT,P108,3,456,28,60,1,1,0,3,0,0,1,0,0,0,1,1,1,2,1,,,,,,
23-10-2024  20:34 PDT,P108,4,788,13,60,1,1,0,4,0,0,1,0,0,0,1,1,1,2,1,,,,,,
23-10-2024  20:32 PDT,P108,5,828,10,60,1,1,0,5,0,0,1,0,1,1,0,1,2,1,0,,,,,,
23-10-2024  20:46 PDT,P109,1,"1,539",5,60,1,1,0,1,0,0,1,0,1,1,0,1,2,1,0,,,,,,
23-10-2024  20:45 PDT,P109,2,-541,26,60,1,1,0,2,0,0,1,0,0,0,1,1,1,2,1,,,,,,
23-10-2024  20:46 PDT,P110,1,976,4,60,1,1,0,1,0,0,1,0,1,1,0,1,2,1,0,,,,,,
23-10-2024  20:36 PDT,P110,2,-810,31,60,1,1,0,2,0,0,1,0,0,0,1,1,1,2,1,,,,,,
23-10-2024  20:47 PDT,P111,1,"1,073",1,48,1,1,0,1,0,1,1,0,1,1,0,1,2,1,0,,,,,,
23-10-2024  20:39 PDT,P111,2,-939,13,60,1,1,0,2,0,0,1,0,0,0,1,1,1,2,1,,,,,,
23-10-2024  20:34 PDT,P111,3,-334,12,60,1,1,0,3,0,0,1,0,1,1,0,1,2,1,0,,,,,,
23-10-2024  20:45 PDT,P113,1,"1,040",1,60,1,1,0,1,0,1,1,0,1,1,0,1,2,1,0,,,,,,
23-10-2024  20:35 PDT,P113,2,-744,17,60,1,1,0,2,0,0,1,0,0,0,1,1,1,2,1,,,,,,
23-10-2024  20:33 PDT,P113,3,828,10,60,1,1,0,3,0,0,1,0,1,1,0,1,2,1,0,,,,,,
23-10-2024  20:39 PDT,P114,1,-228,27,36,1,1,0,1,0,0,1,0,0,0,1,1,1,2,1,,,,,,
23-10-2024  20:37 PDT,P114,2,-478,24,60,1,1,0,2,0,0,1,0,0,0,1,1,1,2,1,,,,,,
23-10-2024  20:45 PDT,P115,1,291,18,60,1,1,0,1,0,0,1,0,0,0,1,1,1,2,1,,,,,,
23-10-2024  20:45 PDT,P115,2,"-8,090",92,60,1,1,0,2,0,0,0,0,0,0,1,1,1,2,1,,,,,,
23-10-2024  20:37 PDT,P115,3,"-8,464",83,48,1,1,0,3,0,0,0,0,0,0,1,1,1,2,1,,,,,,
23-10-2024  20:36 PDT,P115,4,"-2,158",83,36,1,1,0,4,0,0,1,0,0,0,1,1,1,2,1,,,,,,
23-10-2024  20:36 PDT,P115,5,"-1,190",48,60,1,1,0,5,0,0,1,0,0,0,1,1,1,2,1,,,,,,
23-10-2024  20:35 PDT,P115,6,"-11,425",99,48,1,1,0,6,0,0,0,0,0,0,1,1,1,2,1,,,,,,
23-10-2024  20:34 PDT,P115,7,828,10,60,1,1,0,7,0,1,1,0,1,1,0,1,2,1,0,,,,,,
23-10-2024  20:46 PDT,P116,1,"1,097",21,60,1,1,0,1,0,1,1,0,0,0,1,1,1,2,1,,,,,,
23-10-2024  20:37 PDT,P116,2,"-1,392",41,48,1,1,0,2,0,0,1,0,0,0,1,1,1,2,1,,,,,,
23-10-2024  20:35 PDT,P116,3,-966,34,60,1,1,0,3,0,0,1,0,0,0,1,1,1,2,1,,,,,,
23-10-2024  20:46 PDT,P118,1,"1,411",9,60,1,1,0,1,0,0,1,0,1,1,0,1,2,1,0,,,,,,
23-10-2024  20:46 PDT,P118,2,"1,349",7,60,1,1,0,2,0,0,1,0,1,1,0,1,2,1,0,,,,,,
23-10-2024  20:39 PDT,P118,3,"1,433",8,60,1,1,0,3,0,1,1,0,1,1,0,1,2,1,0,,,,,,
23-10-2024  20:38 PDT,P118,4,"1,260",12,60,1,1,0,4,0,0,1,0,1,1,0,1,2,1,0,,,,,,
23-10-2024  20:36 PDT,P118,5,932,12,48,1,1,0,5,0,1,1,0,1,1,0,1,2,1,0,,,,,,
23-10-2024  20:39 PDT,P120,1,983,10,60,1,1,0,1,0,0,1,0,1,1,0,1,2,1,0,,,,,,
23-10-2024  20:39 PDT,P120,2,529,14,60,1,1,0,2,0,0,1,0,0,0,1,1,1,2,1,,,,,,
23-10-2024  20:37 PDT,P120,3,"-3,220",54,60,1,1,0,3,0,0,0,0,0,0,1,1,1,2,1,,,,,,
23-10-2024  20:37 PDT,P120,4,"-1,335",48,60,1,1,0,4,0,0,1,0,0,0,1,1,1,2,1,,,,,,
23-10-2024  20:36 PDT,P120,5,"-6,661",80,60,1,1,0,5,0,0,0,0,0,0,1,1,1,2,1,,,,,,
23-10-2024  20:36 PDT,P120,6,"-4,176",92,36,1,1,0,6,0,0,0,0,0,0,1,1,1,2,1,,,,,,
23-10-2024  20:35 PDT,P120,7,"-6,414",84,60,1,1,0,7,0,0,0,0,0,0,1,1,1,2,1,,,,,,
23-10-2024  20:33 PDT,P120,8,-338,29,60,1,1,0,8,0,0,1,0,0,0,1,1,1,2,1,,,,,,
23-10-2024  20:33 PDT,P120,9,"-3,631",75,60,1,1,0,9,0,0,0,0,0,0,1,1,1,2,1,,,,,,
23-10-2024  20:50 PDT,P122,1,"1,625",2,60,1,1,0,1,0,1,1,0,1,1,0,1,2,1,0,,,,,,
23-10-2024  20:38 PDT,P122,2,546,14,60,1,1,0,2,0,0,1,0,0,0,1,1,1,2,1,,,,,,
23-10-2024  20:37 PDT,P122,3,860,11,60,1,1,0,3,0,0,1,0,1,1,0,1,2,1,0,,,,,,
23-10-2024  20:36 PDT,P122,4,-128,16,60,1,1,0,4,0,0,1,0,0,0,1,1,1,2,1,,,,,,
23-10-2024  20:35 PDT,P122,5,529,14,60,1,1,0,5,0,0,1,0,0,0,1,1,1,2,1,,,,,,
23-10-2024  20:47 PDT,P123,1,544,18,12,1,1,0,1,0,1,1,0,0,0,1,1,1,2,1,,,,,,
23-10-2024  20:46 PDT,P123,2,-290,24,60,1,1,0,2,0,0,1,0,0,0,1,1,1,2,1,,,,,,
23-10-2024  20:37 PDT,P123,3,"-1,533",45,60,1,1,0,3,0,0,1,0,0,0,1,1,1,2,1,,,,,,
23-10-2024  20:36 PDT,P123,4,-745,34,60,1,1,0,4,0,0,1,0,0,0,1,1,1,2,1,,,,,,
23-10-2024  20:35 PDT,P123,5,"-3,217",20,60,1,1,0,5,0,0,0,0,0,0,1,1,1,2,1,,,,,,
23-10-2024  20:33 PDT,P123,6,-969,35,60,1,1,0,6,0,0,1,0,0,0,1,1,1,2,1,,,,,,
23-10-2024  20:33 PDT,P123,7,-599,15,60,1,1,0,7,0,0,1,0,0,0,1,1,1,2,1,,,,,,
23-10-2024  20:48 PDT,P124,1,996,10,60,1,1,0,1,0,1,1,0,1,1,0,1,2,1,0,,,,,,
23-10-2024  20:47 PDT,P124,2,507,16,60,1,1,0,2,0,0,1,0,0,0,1,1,1,2,1,,,,,,
23-10-2024  20:46 PDT,P124,3,450,17,60,1,1,0,3,0,0,1,0,0,0,1,1,1,2,1,,,,,,
23-10-2024  20:45 PDT,P126,1,936,11,60,1,1,0,1,0,1,1,0,1,1,0,1,2,1,0,,,,,,
23-10-2024  20:36 PDT,P126,2,"-3,977",75,60,1,1,0,2,0,0,0,0,0,0,1,1,1,2,1,,,,,,
23-10-2024  20:35 PDT,P126,3,-708,33,60,1,1,0,3,0,0,1,0,0,0,1,1,1,2,1,,,,,,
23-10-2024  20:33 PDT,P126,4,"-1,601",49,60,1,1,0,4,0,0,1,0,0,0,1,1,1,2,1,,,,,,
23-10-2024  20:32 PDT,P126,5,"-2,996",71,48,1,1,0,5,0,0,0,0,0,0,1,1,1,2,1,,,,,,
23-10-2024  20:40 PDT,P135,1,"1,161",0,60,1,1,0,1,0,0,1,0,1,1,0,1,2,1,0,,,,,,
23-10-2024  20:39 PDT,P135,2,"1,264",7,60,1,1,0,2,0,1,1,0,1,1,0,1,2,1,0,,,,,,
23-10-2024  20:36 PDT,P135,3,536,16,60,1,1,0,3,0,0,1,0,0,0,1,1,1,2,1,,,,,,
23-10-2024  20:35 PDT,P135,4,-199,47,60,1,1,0,4,0,0,1,0,0,0,1,1,1,2,1,,,,,,
23-10-2024  20:34 PDT,P135,5,835,0,60,1,1,0,5,0,0,1,0,1,1,0,1,2,1,0,,,,,,
23-10-2024  20:34 PDT,P135,6,-151,47,60,1,1,0,6,0,0,1,0,0,0,1,1,1,2,1,,,,,,
23-10-2024  20:50 PDT,P141,1,640,17,60,1,1,0,1,0,0,1,0,0,0,1,1,1,2,1,,,,,,
23-10-2024  20:48 PDT,P141,2,"1,304",13,60,1,1,0,2,0,1,1,0,0,0,1,1,1,2,1,,,,,,
23-10-2024  20:47 PDT,P141,3,835,0,60,1,1,0,3,0,0,1,0,1,1,0,1,2,1,0,,,,,,
23-10-2024  20:46 PDT,P141,4,"-11,425",99,48,1,1,0,4,0,0,0,0,0,0,1,1,1,2,1,,,,,,
23-10-2024  20:46 PDT,P141,5,370,18,60,1,1,0,5,0,0,1,0,0,0,1,1,1,2,1,,,,,,
23-10-2024  20:34 PDT,P141,6,828,10,60,1,1,0,6,0,0,1,0,1,1,0,1,2,1,0,,,,,,
23-10-2024  20:34 PDT,P141,7,"-2,155",17,60,1,1,0,7,0,0,1,0,0,0,1,1,1,2,1,,,,,,
23-10-2024  20:35 PDT,P144,1,835,0,60,1,1,0,1,0,0,1,0,1,1,0,1,2,1,0,,,,,,
23-10-2024  20:34 PDT,P144,2,"1,325",6,60,1,1,0,2,0,0,1,0,1,1,0,1,2,1,0,,,,,,
23-10-2024  20:46 PDT,P145,1,"1,439",2,60,1,1,0,1,0,1,1,0,1,1,0,1,2,1,0,,,,,,
23-10-2024  20:46 PDT,P145,2,"1,282",1,60,1,1,0,2,0,0,1,0,1,1,0,1,2,1,0,,,,,,
23-10-2024  20:45 PDT,P145,3,"1,439",2,60,1,1,0,3,0,0,1,0,1,1,0,1,2,1,0,,,,,,
23-10-2024  20:44 PDT,P145,4,450,17,60,1,1,0,4,0,0,1,0,0,0,1,1,1,2,1,,,,,,
23-10-2024  20:36 PDT,P145,5,376,23,60,1,1,0,5,0,0,1,0,0,0,1,1,1,2,1,,,,,,
23-10-2024  20:35 PDT,P145,6,450,17,60,1,1,0,6,0,0,1,0,0,0,1,1,1,2,1,,,,,,
23-10-2024  20:35 PDT,P145,7,-490,42,60,1,1,0,7,0,0,1,0,0,0,1,1,1,2,1,,,,,,
23-10-2024  20:34 PDT,P145,8,"-1,567",32,60,1,1,0,8,0,0,1,0,0,0,1,1,1,2,1,,,,,,
23-10-2024  20:33 PDT,P145,9,456,20,60,1,1,0,9,0,0,1,0,0,0,1,1,1,2,1,,,,,,
23-10-2024  20:46 PDT,P146,1,"1,040",1,60,1,1,0,1,0,1,1,0,1,1,0,1,2,1,0,,,,,,
23-10-2024  20:36 PDT,P146,2,770,12,60,1,1,0,2,0,0,1,0,1,1,0,1,2,1,0,,,,,,
23-10-2024  20:35 PDT,P146,3,609,14,60,1,1,0,3,0,0,1,0,0,0,1,1,1,2,1,,,,,,
23-10-2024  20:33 PDT,P146,4,828,10,60,1,1,0,4,0,0,1,0,1,1,0,1,2,1,0,,,,,,
23-10-2024  20:46 PDT,P152,1,"1,636",4,60,1,1,0,1,0,0,1,0,1,1,0,1,2,1,0,,,,,,
23-10-2024  20:40 PDT,P152,2,722,10,60,1,1,0,2,0,0,1,0,1,1,0,1,2,1,0,,,,,,
23-10-2024  20:39 PDT,P152,3,-26,29,60,1,1,0,3,0,0,1,0,0,0,1,1,1,2,1,,,,,,
23-10-2024  20:38 PDT,P152,4,509,15,60,1,1,0,4,0,0,1,0,0,0,1,1,1,2,1,,,,,,
23-10-2024  20:35 PDT,P152,5,554,10,60,1,1,0,5,0,0,1,0,1,1,0,1,2,1,0,,,,,,
23-10-2024  20:45 PDT,P153,1,"1,229",1,60,1,1,0,1,0,0,1,0,1,1,0,1,2,1,0,,,,,,
23-10-2024  20:39 PDT,P153,2,563,16,60,1,1,0,2,0,0,1,0,0,0,1,1,1,2,1,,,,,,
23-10-2024  20:38 PDT,P153,3,"-3,278",36,60,1,1,0,3,0,0,0,0,0,0,1,1,1,2,1,,,,,,
23-10-2024  20:36 PDT,P153,4,"-2,035",44,60,1,1,0,4,0,0,1,0,0,0,1,1,1,2,1,,,,,,
23-10-2024  20:36 PDT,P153,5,"-8,056",92,60,1,1,0,5,0,0,0,0,0,0,1,1,1,2,1,,,,,,
23-10-2024  20:35 PDT,P153,6,-710,38,60,1,1,0,6,0,0,1,0,0,0,1,1,1,2,1,,,,,,
23-10-2024  20:34 PDT,P153,7,"-2,927",65,60,1,1,0,7,0,0,0,0,0,0,1,1,1,2,1,,,,,,
23-10-2024  20:33 PDT,P153,8,"-6,204",92,60,1,1,0,8,0,0,0,0,0,0,1,1,1,2,1,,,,,,
23-10-2024  20:33 PDT,P153,9,-746,51,60,1,1,0,9,0,0,1,0,0,0,1,1,1,2,1,,,,,,
23-10-2024  20:32 PDT,P153,10,"-6,634",71,60,1,1,0,10,0,0,0,0,0,0,1,1,1,2,1,,,,,,
23-10-2024  20:32 PDT,P153,11,"-4,496",82,60,1,1,0,11,0,0,0,0,0,0,1,1,1,2,1,,,,,,
23-10-2024  20:31 PDT,P153,12,"-12,326",100,60,1,1,0,12,0,0,0,0,0,0,1,1,1,2,1,,,,,,
23-10-2024  20:47 PDT,P155,1,-692,33,60,1,1,0,1,0,0,1,0,0,0,1,1,1,2,1,,,,,,
23-10-2024  20:47 PDT,P156,1,677,9,60,1,1,0,1,0,0,1,0,1,1,0,1,2,1,0,,,,,,
23-10-2024  20:46 PDT,P157,1,"1,625",2,60,1,1,0,1,0,1,1,0,1,1,0,1,2,1,0,,,,,,
23-10-2024  20:34 PDT,P157,2,546,14,60,1,1,0,2,0,0,1,0,0,0,1,1,1,2,1,,,,,,
23-10-2024  20:32 PDT,P157,3,573,13,12,1,1,0,3,0,1,1,0,0,0,1,1,1,2,1,,,,,,
23-10-2024  20:47 PDT,P158,1,529,14,60,1,1,0,1,0,0,1,0,0,0,1,1,1,2,1,,,,,,
23-10-2024  20:38 PDT,P158,2,"-1,729",45,60,1,1,0,2,0,0,1,0,0,0,1,1,1,2,1,,,,,,
23-10-2024  20:34 PDT,P158,3,-292,25,60,1,1,0,3,0,0,1,0,0,0,1,1,1,2,1,,,,,,
23-10-2024  20:33 PDT,P158,4,"-3,002",57,60,1,1,0,4,0,0,0,0,0,0,1,1,1,2,1,,,,,,
23-10-2024  20:46 PDT,P159,1,"1,636",4,60,1,1,0,1,0,1,1,0,1,1,0,1,2,1,0,,,,,,
23-10-2024  20:39 PDT,P159,2,-188,29,60,1,1,0,2,0,0,1,0,0,0,1,1,1,2,1,,,,,,
23-10-2024  20:36 PDT,P159,3,"-1,828",31,60,1,1,0,3,0,0,1,0,0,0,1,1,1,2,1,,,,,,
23-10-2024  20:35 PDT,P159,4,"-1,611",36,60,1,1,0,4,0,0,1,0,0,0,1,1,1,2,1,,,,,,
23-10-2024  20:33 PDT,P159,4,-637,22,60,1,1,0,4,0,0,1,0,0,0,1,1,1,2,1,,,,,,
23-10-2024  20:45 PDT,P160,1,"1,358",1,60,1,1,0,1,0,0,1,0,1,1,0,1,2,1,0,,,,,,
23-10-2024  20:45 PDT,P160,2,"1,599",3,60,1,1,0,2,0,1,1,0,1,1,0,1,2,1,0,,,,,,
23-10-2024  20:44 PDT,P160,3,922,11,60,1,1,0,3,0,0,1,0,1,1,0,1,2,1,0,,,,,,
23-10-2024  20:42 PDT,P160,4,895,11,60,1,1,0,4,0,0,1,0,1,1,0,1,2,1,0,,,,,,
23-10-2024  20:41 PDT,P160,5,835,11,60,1,1,0,5,0,0,1,0,1,1,0,1,2,1,0,,,,,,
23-10-2024  20:40 PDT,P160,6,860,11,60,1,1,0,6,0,0,1,0,1,1,0,1,2,1,0,,,,,,
23-10-2024  20:39 PDT,P160,7,895,11,60,1,1,0,7,0,0,1,0,1,1,0,1,2,1,0,,,,,,
23-10-2024  20:38 PDT,P160,8,829,11,60,1,1,0,8,0,0,1,0,1,1,0,1,2,1,0,,,,,,
23-10-2024  20:37 PDT,P160,9,895,11,60,1,1,0,9,0,0,1,0,1,1,0,1,2,1,0,,,,,,
23-10-2024  20:36 PDT,P160,10,609,14,60,1,1,0,10,0,0,1,0,0,0,1,1,1,2,1,,,,,,
23-10-2024  20:35 PDT,P160,11,-390,29,60,1,1,0,11,0,0,1,0,0,0,1,1,1,2,1,,,,,,
23-10-2024  20:35 PDT,P160,12,-608,38,60,1,1,0,12,0,0,1,0,0,0,1,1,1,2,1,,,,,,
23-10-2024  20:34 PDT,P160,13,519,16,60,1,1,0,13,0,0,1,0,0,0,1,1,1,2,1,,,,,,
23-10-2024  20:33 PDT,P160,14,362,18,60,1,1,0,14,0,0,1,0,0,0,1,1,1,2,1,,,,,,
23-10-2024  20:33 PDT,P160,15,828,10,60,1,1,0,15,0,0,1,0,1,1,0,1,2,1,0,,,,,,
23-10-2024  20:46 PDT,P162,1,"-1,717",50,60,1,1,0,1,0,0,1,0,0,0,1,1,1,2,1,,,,,,
23-10-2024  20:35 PDT,P162,2,"-1,086",47,36,1,1,0,2,0,0,1,0,0,0,1,1,1,2,1,,,,,,
23-10-2024  20:49 PDT,P164,1,"1,198",1,60,1,1,0,1,0,0,1,0,1,1,0,1,2,1,0,,,,,,
23-10-2024  20:49 PDT,P164,2,"-2,684",89,24,1,1,0,2,0,0,0,0,0,0,1,1,1,2,1,,,,,,
23-10-2024  20:48 PDT,P164,3,"1,272",1,60,1,1,0,3,0,0,1,0,1,1,0,1,2,1,0,,,,,,
23-10-2024  20:48 PDT,P164,4,"1,148",21,60,1,1,0,4,0,0,1,0,0,0,1,1,1,2,1,,,,,,
23-10-2024  20:47 PDT,P164,5,"1,358",1,60,1,1,0,5,0,1,1,0,1,1,0,1,2,1,0,,,,,,
23-10-2024  20:39 PDT,P164,6,752,10,48,1,1,0,6,0,0,1,0,1,1,0,1,2,1,0,,,,,,
23-10-2024  20:38 PDT,P164,7,"-4,372",40,60,1,1,0,7,0,0,0,0,0,0,1,1,1,2,1,,,,,,
23-10-2024  20:38 PDT,P164,8,372,14,48,1,1,0,8,0,0,1,0,0,0,1,1,1,2,1,,,,,,
23-10-2024  20:37 PDT,P164,9,727,12,60,1,1,0,9,0,0,1,0,1,1,0,1,2,1,0,,,,,,
23-10-2024  20:36 PDT,P164,10,-66,26,60,1,1,0,10,0,0,1,0,0,0,1,1,1,2,1,,,,,,
23-10-2024  20:36 PDT,P164,11,357,16,60,1,1,0,11,0,0,1,0,0,0,1,1,1,2,1,,,,,,
23-10-2024  20:34 PDT,P164,12,201,20,60,1,1,0,12,0,0,1,0,0,0,1,1,1,2,1,,,,,,
23-10-2024  20:34 PDT,P164,13,682,13,60,1,1,0,13,0,0,1,0,0,0,1,1,1,2,1,,,,,,
23-10-2024  20:33 PDT,P164,14,143,12,60,1,1,0,14,0,0,1,0,1,1,0,1,2,1,0,,,,,,
23-10-2024  20:32 PDT,P164,15,963,14,60,1,1,0,15,0,0,1,0,0,0,1,1,1,2,1,,,,,,
23-10-2024  20:49 PDT,P166,1,709,13,60,1,1,0,1,0,0,1,0,0,0,1,1,1,2,1,,,,,,
23-10-2024  20:45 PDT,P166,2,"-1,006",47,60,1,1,0,2,0,0,1,0,0,0,1,1,1,2,1,,,,,,
22-10-2024  00:07 PDT,P171,1,52,28,60,1,1,0,1,0,0,1,0,0,0,1,1,1,2,1,,,,,,
22-10-2024  00:05 PDT,P171,2,-311,24,60,1,1,0,2,0,0,1,0,0,0,1,1,1,2,1,,,,,,
22-10-2024  00:06 PDT,P172,1,"1,061",11,60,1,1,0,1,0,1,1,0,1,1,0,1,2,1,0,,,,,,
22-10-2024  00:05 PDT,P172,2,"-1,126",35,60,1,1,0,2,0,0,1,0,0,0,1,1,1,2,1,,,,,,
22-10-2024  00:04 PDT,P172,3,"-2,192",46,60,1,1,0,3,0,0,1,0,0,0,1,1,1,2,1,,,,,,
6-2-2024  20:34 PDT,Ransom02,1,"1,718",9,60,1,0,0,1,0,0,1,0,1,1,0,1,2,1,0,,,,,,
6-2-2024  20:33 PDT,Ransom02,2,"2,224",9,60,1,0,0,2,0,1,1,1,1,2,0,0,1,0,1,,,,,,
28-1-2024  09:22 PDT,Ransom02,3,"1,714",17,36,1,0,0,3,0,0,1,0,0,0,1,1,1,2,1,,,,,,
1-11-2023  20:00 PDT,Ransom02,1,"-3,026",100,60,2,1,1,1,0,0,0,0,0,0,1,1,1,2,1,,,,,,
1-11-2023  20:00 PDT,Ransom02,2,"-2,753",100,60,2,1,1,2,0,0,0,0,0,0,1,1,1,2,1,,,,,,
1-11-2023  19:59 PDT,Ransom02,1,"-2,091",100,60,1,1,1,1,0,0,1,0,0,0,1,1,1,2,1,,,,,,
1-11-2023  19:59 PDT,Ransom02,2,"-1,281",100,60,1,1,1,2,0,0,1,0,0,0,1,1,1,2,1,,,,,,
1-11-2023  19:59 PDT,Ransom02,3,"-2,127",100,60,1,1,1,3,0,0,1,0,0,0,1,1,1,2,1,,,,,,
1-11-2023  19:58 PDT,Ransom02,4,"-2,424",100,60,1,1,1,4,0,0,0,0,0,0,1,1,1,2,1,,,,,,
1-11-2023  19:58 PDT,Ransom02,1,"-10,512",100,60,2,1,0,1,0,0,0,0,0,0,1,1,1,2,1,,,,,,
1-11-2023  19:57 PDT,Ransom02,2,"-13,928",100,60,2,1,0,2,0,0,0,0,0,0,1,1,1,2,1,,,,,,
1-11-2023  19:57 PDT,Ransom02,1,"-14,743",100,60,1,1,0,1,0,0,0,0,0,0,1,1,1,2,1,,,,,,
1-11-2023  19:57 PDT,Ransom02,1,701,40,60,2,0,0,1,0,0,1,0,0,0,1,1,1,2,1,,,,,,
1-11-2023  19:56 PDT,Ransom02,4,752,44,60,1,0,0,4,0,0,1,0,0,0,1,1,1,2,1,,,,,,
1-11-2023  19:52 PDT,Ransom02,5,"-2,606",100,60,1,1,1,5,0,0,0,0,0,0,1,1,1,2,1,,,,,,
1-11-2023  19:51 PDT,Ransom02,6,"-2,976",100,60,1,1,1,6,0,0,0,0,0,0,1,1,1,2,1,,,,,,
1-11-2023  17:59 PDT,Ransom02,7,909,32,60,1,1,1,7,0,1,1,0,0,0,1,1,1,2,1,,,,,,
1-11-2023  17:51 PDT,Ransom02,2,"-4,281",84,36,1,1,0,2,0,0,0,0,0,0,1,1,1,2,1,,,,,,
1-11-2023  17:45 PDT,Ransom02,5,"1,546",9,24,1,0,0,5,0,0,1,0,1,1,0,1,2,1,0,,,,,,
1-11-2023  17:43 PDT,Ransom02,6,888,1,12,1,0,0,6,0,0,1,0,1,1,0,1,2,1,0,,,,,,
1-11-2023  15:39 PDT,Ransom02,3,"1,698",3,60,2,1,0,3,0,0,1,1,1,2,0,0,1,0,1,,,,,,
1-11-2023  15:38 PDT,Ransom02,4,"1,824",5,60,2,1,0,4,0,0,1,1,1,2,0,0,1,0,1,,,,,,
1-11-2023  15:38 PDT,Ransom02,5,"-2,653",100,60,2,1,0,5,0,0,0,0,0,0,1,1,1,2,1,,,,,,
1-11-2023  15:37 PDT,Ransom02,2,"2,194",48,60,2,0,0,2,0,0,1,1,0,1,1,0,0,1,2,,,,,,
1-11-2023  15:36 PDT,Ransom02,7,752,44,60,1,0,0,7,0,0,1,0,0,0,1,1,1,2,1,,,,,,
30-10-2023  15:41 PDT,Ransom02,6,"1,557",5,60,2,1,0,6,0,0,1,0,1,1,0,1,2,1,0,,,,,,
30-10-2023  15:41 PDT,Ransom02,7,736,14,60,2,1,0,7,0,0,1,0,0,0,1,1,1,2,1,,,,,,
30-10-2023  15:40 PDT,Ransom02,8,"-10,229",100,60,2,1,0,8,0,0,0,0,0,0,1,1,1,2,1,,,,,,
30-10-2023  15:38 PDT,Ransom02,9,"1,826",7,60,2,1,0,9,0,0,1,1,1,2,0,0,1,0,1,,,,,,
30-10-2023  15:37 PDT,Ransom02,3,"1,833",0,60,1,1,0,3,0,0,1,1,1,2,0,0,1,0,1,,,,,,
30-10-2023  15:36 PDT,Ransom02,4,"1,932",2,60,1,1,0,4,0,0,1,1,1,2,0,0,1,0,1,,,,,,
30-10-2023  15:35 PDT,Ransom02,5,"2,080",4,60,1,1,0,5,0,1,1,1,1,2,0,0,1,0,1,,,,,,
30-10-2023  15:34 PDT,Ransom02,6,-524,12,60,1,1,0,6,0,0,1,0,1,1,0,1,2,1,0,,,,,,
30-10-2023  15:34 PDT,Ransom02,7,"-1,248",1,60,1,1,0,7,0,0,1,0,1,1,0,1,2,1,0,,,,,,
30-10-2023  15:32 PDT,Ransom02,8,529,14,60,1,1,0,8,0,0,1,0,0,0,1,1,1,2,1,,,,,,
30-10-2023  15:32 PDT,Ransom02,9,"-14,743",100,60,1,1,0,9,0,0,0,0,0,0,1,1,1,2,1,,,,,,
1-11-2023  17:53 PDT,ransom04,1,710,11,24,1,1,0,1,0,0,1,0,1,1,0,1,2,1,0,,,,,,
1-11-2023  17:53 PDT,ransom04,2,"1,045",0,60,1,1,0,2,0,0,1,0,1,1,0,1,2,1,0,,,,,,
1-11-2023  17:45 PDT,ransom04,1,754,1,12,1,0,0,1,0,0,1,0,1,1,0,1,2,1,0,,,,,,
1-11-2023  17:45 PDT,ransom04,2,908,1,12,1,0,0,2,0,0,1,0,1,1,0,1,2,1,0,,,,,,
1-11-2023  17:45 PDT,ransom04,3,578,0,12,1,0,0,3,0,0,1,0,1,1,0,1,2,1,0,,,,,,
1-11-2023  17:44 PDT,ransom04,4,"2,252",7,60,1,0,0,4,0,1,1,1,1,2,0,0,1,0,1,,,,,,
1-11-2023  17:59 PDT,ransom05,1,"1,531",14,60,1,1,1,1,0,0,1,0,0,0,1,1,1,2,1,,,,,,
1-11-2023  17:54 PDT,ransom05,1,"1,596",5,60,1,1,0,1,0,0,1,0,1,1,0,1,2,1,0,,,,,,
1-11-2023  17:52 PDT,ransom05,2,882,7,60,1,1,0,2,0,0,1,0,1,1,0,1,2,1,0,,,,,,
1-11-2023  17:50 PDT,ransom05,3,"1,966",1,60,1,1,0,3,0,1,1,1,1,2,0,0,1,0,1,,,,,,
1-11-2023  17:46 PDT,ransom05,1,"2,407",3,60,1,0,0,1,0,0,1,1,1,2,0,0,1,0,1,,,,,,
1-11-2023  17:45 PDT,ransom05,2,"2,299",10,60,1,0,0,2,0,0,1,1,1,2,0,0,1,0,1,,,,,,
1-11-2023  17:44 PDT,ransom05,3,"2,246",2,60,1,0,0,3,0,0,1,1,1,2,0,0,1,0,1,,,,,,
1-11-2023  17:44 PDT,ransom05,4,"2,304",2,60,1,0,0,4,0,0,1,1,1,2,0,0,1,0,1,,,,,,
1-11-2023  17:43 PDT,ransom05,5,"2,227",4,60,1,0,0,5,0,0,1,1,1,2,0,0,1,0,1,,,,,,
1-11-2023  17:59 PDT,ransom06,1,"1,677",8,60,1,1,1,1,0,0,1,1,1,2,0,0,1,0,1,,,,,,
1-11-2023  17:58 PDT,ransom06,2,273,51,60,1,1,1,2,0,0,1,0,0,0,1,1,1,2,1,,,,,,
1-11-2023  17:46 PDT,ransom06,1,"2,444",7,60,1,0,0,1,0,0,1,1,1,2,0,0,1,0,1,,,,,,
1-11-2023  18:00 PDT,ransom08,1,-290,13,48,1,1,0,1,0,0,1,0,0,0,1,1,1,2,1,,,,,,
1-11-2023  17:49 PDT,ransom08,1,"2,451",4,60,1,0,0,1,0,0,1,1,1,2,0,0,1,0,1,,,,,,
1-11-2023  17:51 PDT,ransom10,1,"-2,663",41,60,1,1,0,1,0,0,0,0,0,0,1,1,1,2,1,,,,,,
1-11-2023  17:51 PDT,ransom10,2,"-1,997",32,60,1,1,0,2,0,0,1,0,0,0,1,1,1,2,1,,,,,,
1-11-2023  17:50 PDT,ransom10,3,-512,27,60,1,1,0,3,0,0,1,0,0,0,1,1,1,2,1,,,,,,
1-11-2023  17:50 PDT,ransom10,4,"-3,544",65,60,1,1,0,4,0,0,0,0,0,0,1,1,1,2,1,,,,,,
1-11-2023  17:49 PDT,ransom10,1,"1,609",24,60,1,0,0,1,0,0,1,0,0,0,1,1,1,2,1,,,,,,
1-11-2023  17:47 PDT,ransom10,2,"1,768",16,60,1,0,0,2,0,1,1,0,0,0,1,1,1,2,1,,,,,,
1-11-2023  17:45 PDT,ransom10,3,"1,739",18,60,1,0,0,3,0,0,1,0,0,0,1,1,1,2,1,,,,,,
1-11-2023  17:58 PDT,ransom12,1,"-1,466",32,60,1,1,0,1,0,0,1,0,0,0,1,1,1,2,1,,,,,,
1-11-2023  17:51 PDT,ransom12,2,"-4,363",78,48,1,1,0,2,0,0,0,0,0,0,1,1,1,2,1,,,,,,
1-11-2023  17:51 PDT,ransom12,3,"-4,094",43,60,1,1,0,3,0,0,0,0,0,0,1,1,1,2,1,,,,,,
1-11-2023  17:48 PDT,ransom12,1,"2,305",10,60,1,0,0,1,0,0,1,1,1,2,0,0,1,0,1,,,,,,
9-11-2023  18:12 PDT,ransom20,1,"1,910",1,60,1,1,1,1,0,0,1,1,1,2,0,0,1,0,1,,,,,,
9-11-2023  18:11 PDT,ransom20,2,"1,598",1,60,1,1,1,2,0,0,1,0,1,1,0,1,2,1,0,,,,,,
9-11-2023  18:07 PDT,ransom20,1,"1,620",1,60,1,1,0,1,0,0,1,0,1,1,0,1,2,1,0,,,,,,
9-11-2023  18:03 PDT,ransom20,2,"1,765",2,60,1,1,0,2,0,1,1,1,1,2,0,0,1,0,1,,,,,,
9-11-2023  18:00 PDT,ransom20,3,294,3,60,1,1,0,3,0,0,1,0,1,1,0,1,2,1,0,,,,,,
9-11-2023  17:58 PDT,ransom20,4,"-1,968",35,60,1,1,0,4,0,0,1,0,0,0,1,1,1,2,1,,,,,,
9-11-2023  17:34 PDT,ransom20,1,"2,133",9,60,1,0,0,1,0,0,1,1,1,2,0,0,1,0,1,,,,,,
9-11-2023  17:33 PDT,ransom20,2,"1,666",22,60,1,0,0,2,0,0,1,0,0,0,1,1,1,2,1,,,,,,
9-11-2023  17:31 PDT,ransom20,3,"2,105",11,60,1,0,0,3,0,0,1,0,1,1,0,1,2,1,0,,,,,,
9-11-2023  17:30 PDT,ransom20,4,"1,925",20,60,1,0,0,4,0,0,1,0,0,0,1,1,1,2,1,,,,,,
9-11-2023  17:29 PDT,ransom20,5,"2,178",6,60,1,0,0,5,0,0,1,1,1,2,0,0,1,0,1,,,,,,
9-11-2023  17:28 PDT,ransom20,6,"2,322",9,60,1,0,0,6,0,1,1,1,1,2,0,0,1,0,1,,,,,,
9-11-2023  17:27 PDT,ransom20,7,"2,139",4,60,1,0,0,7,0,0,1,1,1,2,0,0,1,0,1,,,,,,
9-11-2023  17:25 PDT,ransom20,8,"2,166",4,60,1,0,0,8,0,0,1,1,1,2,0,0,1,0,1,,,,,,
9-11-2023  18:11 PDT,ransom21,1,"1,420",24,60,1,1,1,1,0,0,1,0,0,0,1,1,1,2,1,,,,,,
9-11-2023  18:05 PDT,ransom21,1,"1,234",27,48,1,1,0,1,0,0,1,0,0,0,1,1,1,2,1,,,,,,
9-11-2023  18:01 PDT,ransom21,2,"1,221",21,60,1,1,0,2,0,0,1,0,0,0,1,1,1,2,1,,,,,,
9-11-2023  17:58 PDT,ransom21,3,"1,199",21,60,1,1,0,3,0,0,1,0,0,0,1,1,1,2,1,,,,,,
9-11-2023  17:43 PDT,ransom21,4,"1,362",14,60,1,1,0,4,0,1,1,0,0,0,1,1,1,2,1,,,,,,
9-11-2023  17:40 PDT,ransom21,5,"1,143",18,60,1,1,0,5,0,0,1,0,0,0,1,1,1,2,1,,,,,,
9-11-2023  17:36 PDT,ransom21,1,"2,607",2,60,1,0,0,1,0,1,1,1,1,2,0,0,1,0,1,,,,,,
9-11-2023  17:35 PDT,ransom21,2,"2,229",4,60,1,0,0,2,0,0,1,1,1,2,0,0,1,0,1,,,,,,
9-11-2023  17:34 PDT,ransom21,3,"1,893",10,48,1,0,0,3,0,0,1,0,1,1,0,1,2,1,0,,,,,,
9-11-2023  17:32 PDT,ransom21,4,"2,236",6,60,1,0,0,4,0,0,1,1,1,2,0,0,1,0,1,,,,,,
9-11-2023  17:29 PDT,ransom21,5,"2,025",10,60,1,0,0,5,0,0,1,0,1,1,0,1,2,1,0,,,,,,
9-11-2023  17:26 PDT,ransom21,6,"2,225",6,60,1,0,0,6,0,0,1,1,1,2,0,0,1,0,1,,,,,,
9-11-2023  17:24 PDT,ransom21,7,"2,356",4,60,1,0,0,7,0,0,1,1,1,2,0,0,1,0,1,,,,,,
9-11-2023  18:11 PDT,ransom22,1,"1,397",1,60,1,1,1,1,0,0,1,0,1,1,0,1,2,1,0,,,,,,
9-11-2023  18:03 PDT,ransom22,1,-101,2,60,1,1,0,1,0,0,1,0,1,1,0,1,2,1,0,,,,,,
9-11-2023  18:00 PDT,ransom22,2,-97,4,60,1,1,0,2,0,0,1,0,1,1,0,1,2,1,0,,,,,,
9-11-2023  17:58 PDT,ransom22,3,-336,7,60,1,1,0,3,0,0,1,0,1,1,0,1,2,1,0,,,,,,
9-11-2023  17:33 PDT,ransom22,1,"2,175",13,60,1,0,0,1,0,0,1,1,0,1,1,0,0,1,2,,,,,,
9-11-2023  17:32 PDT,ransom22,2,"2,153",13,60,1,0,0,2,0,0,1,1,0,1,1,0,0,1,2,,,,,,
9-11-2023  17:29 PDT,ransom22,3,"2,244",9,60,1,0,0,3,0,0,1,1,1,2,0,0,1,0,1,,,,,,
9-11-2023  18:17 PDT,ransom23,1,"1,646",2,60,1,1,1,1,0,1,1,0,1,1,0,1,2,1,0,,,,,,
9-11-2023  18:15 PDT,ransom23,2,"1,449",1,60,1,1,1,2,0,0,1,0,1,1,0,1,2,1,0,,,,,,
9-11-2023  18:13 PDT,ransom23,3,"1,069",57,12,1,1,1,3,0,0,1,0,0,0,1,1,1,2,1,,,,,,
9-11-2023  18:13 PDT,ransom23,4,-191,72,60,1,1,1,4,0,0,1,0,0,0,1,1,1,2,1,,,,,,
9-11-2023  18:12 PDT,ransom23,5,316,45,60,1,1,1,5,0,0,1,0,0,0,1,1,1,2,1,,,,,,
9-11-2023  18:09 PDT,ransom23,6,"1,019",35,48,1,1,1,6,0,0,1,0,0,0,1,1,1,2,1,,,,,,
9-11-2023  18:04 PDT,ransom23,1,14,24,60,1,1,0,1,0,0,1,0,0,0,1,1,1,2,1,,,,,,
9-11-2023  18:03 PDT,ransom23,2,-359,18,60,1,1,0,2,0,0,1,0,0,0,1,1,1,2,1,,,,,,
9-11-2023  18:01 PDT,ransom23,3,"1,017",10,48,1,1,0,3,0,0,1,0,1,1,0,1,2,1,0,,,,,,
9-11-2023  18:01 PDT,ransom23,4,0,18,60,1,1,0,4,0,0,1,0,0,0,1,1,1,2,1,,,,,,
9-11-2023  18:00 PDT,ransom23,5,640,11,60,1,1,0,5,0,1,1,0,1,1,0,1,2,1,0,,,,,,
9-11-2023  17:33 PDT,ransom23,1,898,2,12,1,0,0,1,0,0,1,0,1,1,0,1,2,1,0,,,,,,
9-11-2023  17:32 PDT,ransom23,2,"2,033",13,60,1,0,0,2,0,0,1,0,0,0,1,1,1,2,1,,,,,,
9-11-2023  18:16 PDT,ransom24,1,"1,385",13,60,1,1,1,1,0,1,1,0,0,0,1,1,1,2,1,,,,,,
9-11-2023  18:14 PDT,ransom24,2,371,52,60,1,1,1,2,0,0,1,0,0,0,1,1,1,2,1,,,,,,
9-11-2023  18:11 PDT,ransom24,3,315,38,60,1,1,1,3,0,0,1,0,0,0,1,1,1,2,1,,,,,,
9-11-2023  18:07 PDT,ransom24,1,-291,14,60,1,1,0,1,0,0,1,0,0,0,1,1,1,2,1,,,,,,
9-11-2023  18:03 PDT,ransom24,2,"-8,626",83,60,1,1,0,2,0,0,0,0,0,0,1,1,1,2,1,,,,,,
9-11-2023  18:01 PDT,ransom24,3,0,0,0,1,1,0,3,0,1,1,0,1,1,0,1,2,1,0,,,,,,
9-11-2023  18:00 PDT,ransom24,4,"-4,793",63,60,1,1,0,4,0,0,0,0,0,0,1,1,1,2,1,,,,,,
9-11-2023  17:59 PDT,ransom24,5,"-5,642",52,60,1,1,0,5,0,0,0,0,0,0,1,1,1,2,1,,,,,,
9-11-2023  17:58 PDT,ransom24,6,"-1,944",34,60,1,1,0,6,0,0,1,0,0,0,1,1,1,2,1,,,,,,
9-11-2023  17:37 PDT,ransom24,1,"2,365",12,60,1,0,0,1,0,0,1,1,1,2,0,0,1,0,1,,,,,,
9-11-2023  17:35 PDT,ransom24,2,"1,836",15,36,1,0,0,2,0,0,1,0,0,0,1,1,1,2,1,,,,,,
9-11-2023  17:35 PDT,ransom24,3,"2,042",12,48,1,0,0,3,0,0,1,0,1,1,0,1,2,1,0,,,,,,
9-11-2023  17:34 PDT,ransom24,4,"2,399",15,60,1,0,0,4,0,1,1,1,0,1,1,0,0,1,2,,,,,,
9-11-2023  17:33 PDT,ransom24,5,"2,165",11,60,1,0,0,5,0,0,1,1,1,2,0,0,1,0,1,,,,,,
9-11-2023  17:32 PDT,ransom24,6,"2,205",10,60,1,0,0,6,0,0,1,1,1,2,0,0,1,0,1,,,,,,
9-11-2023  17:31 PDT,ransom24,7,"2,255",4,60,1,0,0,7,0,0,1,1,1,2,0,0,1,0,1,,,,,,
9-11-2023  17:30 PDT,ransom24,8,"2,073",6,60,1,0,0,8,0,0,1,0,1,1,0,1,2,1,0,,,,,,
9-11-2023  17:28 PDT,ransom24,9,"2,090",5,60,1,0,0,9,0,0,1,0,1,1,0,1,2,1,0,,,,,,
9-11-2023  20:23 PDT,ransom28,1,7,97,36,1,1,1,1,0,0,1,0,0,0,1,1,1,2,1,,,,,,
9-11-2023  18:13 PDT,ransom28,2,-629,64,60,1,1,1,2,0,0,1,0,0,0,1,1,1,2,1,,,,,,
9-11-2023  18:11 PDT,ransom28,3,"-2,056",100,60,1,1,1,3,0,0,1,0,0,0,1,1,1,2,1,,,,,,
9-11-2023  18:07 PDT,ransom28,1,"-2,454",33,60,1,1,0,1,0,0,0,0,0,0,1,1,1,2,1,,,,,,
9-11-2023  18:01 PDT,ransom28,2,"-8,653",80,60,1,1,0,2,0,0,0,0,0,0,1,1,1,2,1,,,,,,
9-11-2023  17:42 PDT,ransom28,3,"-4,066",64,60,1,1,0,3,0,0,0,0,0,0,1,1,1,2,1,,,,,,
9-11-2023  17:41 PDT,ransom28,4,"-2,574",72,36,1,1,0,4,0,0,0,0,0,0,1,1,1,2,1,,,,,,
9-11-2023  17:41 PDT,ransom28,5,"-6,104",60,48,1,1,0,5,0,0,0,0,0,0,1,1,1,2,1,,,,,,
9-11-2023  17:40 PDT,ransom28,6,"-1,236",71,36,1,1,0,6,0,0,1,0,0,0,1,1,1,2,1,,,,,,
9-11-2023  17:40 PDT,ransom28,7,"-1,168",43,48,1,1,0,7,0,1,1,0,0,0,1,1,1,2,1,,,,,,
9-11-2023  17:39 PDT,ransom28,8,"-9,313",86,48,1,1,0,8,0,0,0,0,0,0,1,1,1,2,1,,,,,,
9-11-2023  17:39 PDT,ransom28,9,"-4,375",84,60,1,1,0,9,0,0,0,0,0,0,1,1,1,2,1,,,,,,
9-11-2023  17:38 PDT,ransom28,1,"1,985",7,60,1,0,0,1,0,0,1,0,1,1,0,1,2,1,0,,,,,,
9-11-2023  17:36 PDT,ransom28,2,"2,454",16,60,1,0,0,2,0,1,1,1,0,1,1,0,0,1,2,,,,,,
9-11-2023  17:34 PDT,ransom28,3,"1,718",11,60,1,0,0,3,0,0,1,0,1,1,0,1,2,1,0,,,,,,
9-11-2023  17:32 PDT,ransom28,4,"1,766",24,60,1,0,0,4,0,0,1,0,0,0,1,1,1,2,1,,,,,,
9-11-2023  17:33 PDT,ransom29,1,"2,365",9,60,1,0,0,1,0,1,1,1,1,2,0,0,1,0,1,,,,,,
9-11-2023  17:32 PDT,ransom29,2,"1,947",17,60,1,0,0,2,0,0,1,0,0,0,1,1,1,2,1,,,,,,
9-11-2023  17:31 PDT,ransom29,3,"2,296",12,60,1,0,0,3,0,0,1,1,1,2,0,0,1,0,1,,,,,,
9-11-2023  17:30 PDT,ransom29,4,"2,288",9,60,1,0,0,4,0,0,1,1,1,2,0,0,1,0,1,,,,,,
9-11-2023  18:09 PDT,ransom31,1,"1,284",0,60,1,1,1,1,0,0,1,0,1,1,0,1,2,1,0,,,,,,
9-11-2023  18:09 PDT,ransom31,2,336,1,12,1,1,1,2,0,0,1,0,1,1,0,1,2,1,0,,,,,,
9-11-2023  18:09 PDT,ransom31,3,361,3,12,1,1,1,3,0,0,1,0,1,1,0,1,2,1,0,,,,,,
9-11-2023  18:08 PDT,ransom31,4,619,20,12,1,1,1,4,0,0,1,0,0,0,1,1,1,2,1,,,,,,
9-11-2023  18:08 PDT,ransom31,5,"1,897",0,60,1,1,1,5,0,1,1,1,1,2,0,0,1,0,1,,,,,,
9-11-2023  18:08 PDT,ransom31,6,"-1,645",100,60,1,1,1,6,0,0,1,0,0,0,1,1,1,2,1,,,,,,
9-11-2023  18:07 PDT,ransom31,7,"1,305",0,60,1,1,1,7,0,0,1,0,1,1,0,1,2,1,0,,,,,,
9-11-2023  18:02 PDT,ransom31,1,"1,900",0,60,1,1,0,1,0,0,1,1,1,2,0,0,1,0,1,,,,,,
9-11-2023  18:02 PDT,ransom31,2,"1,833",0,60,1,1,0,2,0,0,1,1,1,2,0,0,1,0,1,,,,,,
9-11-2023  18:01 PDT,ransom31,3,176,17,60,1,1,0,3,0,0,1,0,0,0,1,1,1,2,1,,,,,,
9-11-2023  18:01 PDT,ransom31,4,654,57,12,1,1,0,4,0,0,1,0,0,0,1,1,1,2,1,,,,,,
9-11-2023  18:01 PDT,ransom31,5,"1,063",11,60,1,1,0,5,0,0,1,0,1,1,0,1,2,1,0,,,,,,
9-11-2023  18:01 PDT,ransom31,6,"-3,132",100,60,1,1,0,6,0,0,0,0,0,0,1,1,1,2,1,,,,,,
9-11-2023  17:44 PDT,ransom31,7,"1,833",0,60,1,1,0,7,0,0,1,1,1,2,0,0,1,0,1,,,,,,
9-11-2023  17:44 PDT,ransom31,8,"1,669",0,60,1,1,0,8,0,0,1,0,1,1,0,1,2,1,0,,,,,,
9-11-2023  17:43 PDT,ransom31,9,410,0,12,1,1,0,9,0,0,1,0,1,1,0,1,2,1,0,,,,,,
9-11-2023  17:43 PDT,ransom31,10,"1,716",3,60,1,1,0,10,0,0,1,1,1,2,0,0,1,0,1,,,,,,
9-11-2023  17:42 PDT,ransom31,11,139,47,60,1,1,0,11,0,0,1,0,0,0,1,1,1,2,1,,,,,,
9-11-2023  17:42 PDT,ransom31,12,"1,962",1,60,1,1,0,12,0,1,1,1,1,2,0,0,1,0,1,,,,,,
9-11-2023  17:41 PDT,ransom31,13,"1,833",0,60,1,1,0,13,0,0,1,1,1,2,0,0,1,0,1,,,,,,
9-11-2023  17:41 PDT,ransom31,14,785,57,12,1,1,0,14,0,0,1,0,0,0,1,1,1,2,1,,,,,,
9-11-2023  17:41 PDT,ransom31,15,781,12,12,1,1,0,15,0,0,1,0,1,1,0,1,2,1,0,,,,,,
9-11-2023  17:41 PDT,ransom31,16,694,43,12,1,1,0,16,0,0,1,0,0,0,1,1,1,2,1,,,,,,
9-11-2023  17:40 PDT,ransom31,17,756,25,12,1,1,0,17,0,0,1,0,0,0,1,1,1,2,1,,,,,,
9-11-2023  17:34 PDT,ransom31,1,"2,199",20,60,1,0,0,1,0,0,1,1,0,1,1,0,0,1,2,,,,,,
9-11-2023  17:34 PDT,ransom31,2,"2,275",19,60,1,0,0,2,0,0,1,1,0,1,1,0,0,1,2,,,,,,
9-11-2023  17:33 PDT,ransom31,3,"2,223",18,60,1,0,0,3,0,0,1,1,0,1,1,0,0,1,2,,,,,,
9-11-2023  17:33 PDT,ransom31,4,"1,546",28,60,1,0,0,4,0,0,1,0,0,0,1,1,1,2,1,,,,,,
9-11-2023  17:32 PDT,ransom31,5,"2,090",19,60,1,0,0,5,0,0,1,0,0,0,1,1,1,2,1,,,,,,
9-11-2023  17:31 PDT,ransom31,6,"1,593",23,24,1,0,0,6,0,0,1,0,0,0,1,1,1,2,1,,,,,,
9-11-2023  17:31 PDT,ransom31,7,"1,279",35,60,1,0,0,7,0,0,1,0,0,0,1,1,1,2,1,,,,,,
9-11-2023  17:31 PDT,ransom31,8,752,44,60,1,0,0,8,0,0,1,0,0,0,1,1,1,2,1,,,,,,
9-11-2023  17:30 PDT,ransom31,9,"2,123",18,60,1,0,0,9,0,0,1,0,0,0,1,1,1,2,1,,,,,,
9-11-2023  17:30 PDT,ransom31,10,"2,211",12,60,1,0,0,10,0,0,1,1,1,2,0,0,1,0,1,,,,,,
9-11-2023  18:14 PDT,ransom33,1,"1,557",3,60,1,1,1,1,0,0,1,0,1,1,0,1,2,1,0,,,,,,
9-11-2023  18:13 PDT,ransom33,2,822,77,24,1,1,1,2,0,0,1,0,0,0,1,1,1,2,1,,,,,,
9-11-2023  18:13 PDT,ransom33,3,"1,380",1,60,1,1,1,3,0,0,1,0,1,1,0,1,2,1,0,,,,,,
9-11-2023  18:12 PDT,ransom33,4,"1,426",38,60,1,1,1,4,0,0,1,0,0,0,1,1,1,2,1,,,,,,
9-11-2023  18:12 PDT,ransom33,5,"1,931",7,60,1,1,1,5,0,0,1,1,1,2,0,0,1,0,1,,,,,,
9-11-2023  18:11 PDT,ransom33,6,"2,077",3,60,1,1,1,6,0,1,1,1,1,2,0,0,1,0,1,,,,,,
9-11-2023  18:11 PDT,ransom33,7,"1,882",2,60,1,1,1,7,0,0,1,1,1,2,0,0,1,0,1,,,,,,
9-11-2023  18:09 PDT,ransom33,8,"1,846",1,60,1,1,1,8,0,0,1,1,1,2,0,0,1,0,1,,,,,,
9-11-2023  18:08 PDT,ransom33,9,"1,803",0,60,1,1,1,9,0,0,1,1,1,2,0,0,1,0,1,,,,,,
9-11-2023  18:07 PDT,ransom33,10,"1,892",1,60,1,1,1,10,0,0,1,1,1,2,0,0,1,0,1,,,,,,
9-11-2023  18:01 PDT,ransom33,1,"2,052",0,60,1,1,0,1,0,1,1,1,1,2,0,0,1,0,1,,,,,,
9-11-2023  18:00 PDT,ransom33,2,"1,362",2,60,1,1,0,2,0,0,1,0,1,1,0,1,2,1,0,,,,,,
9-11-2023  17:59 PDT,ransom33,3,"-4,011",22,60,1,1,0,3,0,0,0,0,0,0,1,1,1,2,1,,,,,,
9-11-2023  17:58 PDT,ransom33,4,-526,18,36,1,1,0,4,0,0,1,0,0,0,1,1,1,2,1,,,,,,
9-11-2023  17:58 PDT,ransom33,4,378,7,24,1,1,0,4,0,0,1,0,1,1,0,1,2,1,0,,,,,,
9-11-2023  17:36 PDT,ransom33,1,"2,317",5,60,1,0,0,1,0,0,1,1,1,2,0,0,1,0,1,,,,,,
9-11-2023  17:36 PDT,ransom33,2,"2,482",4,60,1,0,0,2,0,1,1,1,1,2,0,0,1,0,1,,,,,,
9-11-2023  17:32 PDT,ransom33,3,"2,259",6,60,1,0,0,3,0,0,1,1,1,2,0,0,1,0,1,,,,,,
9-11-2023  17:32 PDT,ransom33,4,"1,842",20,60,1,0,0,4,0,0,1,0,0,0,1,1,1,2,1,,,,,,
9-11-2023  17:31 PDT,ransom33,5,951,1,12,1,0,0,5,0,0,1,0,1,1,0,1,2,1,0,,,,,,
9-11-2023  17:31 PDT,ransom33,6,752,44,60,1,0,0,6,0,0,1,0,0,0,1,1,1,2,1,,,,,,
9-11-2023  17:31 PDT,ransom33,7,"1,892",19,60,1,0,0,7,0,0,1,0,0,0,1,1,1,2,1,,,,,,
9-11-2023  17:30 PDT,ransom33,8,"1,399",30,60,1,0,0,8,0,0,1,0,0,0,1,1,1,2,1,,,,,,
9-11-2023  17:29 PDT,ransom33,9,"2,249",10,60,1,0,0,9,0,0,1,1,1,2,0,0,1,0,1,,,,,,
9-11-2023  17:29 PDT,ransom33,10,"2,301",6,60,1,0,0,10,0,0,1,1,1,2,0,0,1,0,1,,,,,,
9-11-2023  17:28 PDT,ransom33,11,"1,646",18,60,1,0,0,11,0,0,1,0,0,0,1,1,1,2,1,,,,,,
9-11-2023  18:12 PDT,ransom34,11,"1,454",1,60,1,1,1,11,0,0,1,0,1,1,0,1,2,1,0,,,,,,
9-11-2023  18:02 PDT,ransom34,1,"1,930",0,60,1,1,0,1,0,0,1,1,1,2,0,0,1,0,1,,,,,,
9-11-2023  18:00 PDT,ransom34,2,"1,985",0,60,1,1,0,2,0,0,1,1,1,2,0,0,1,0,1,,,,,,
9-11-2023  17:58 PDT,ransom34,3,463,23,36,1,1,0,3,0,0,1,0,0,0,1,1,1,2,1,,,,,,
9-11-2023  17:56 PDT,ransom34,4,"1,998",1,60,1,1,0,4,0,1,1,1,1,2,0,0,1,0,1,,,,,,
9-11-2023  17:54 PDT,ransom34,1,"2,089",7,60,1,0,0,1,0,0,1,0,1,1,0,1,2,1,0,,,,,,
9-11-2023  17:31 PDT,ransom34,2,"2,086",2,60,1,0,0,2,0,0,1,0,1,1,0,1,2,1,0,,,,,,
9-11-2023  17:31 PDT,ransom34,3,"2,138",2,60,1,0,0,3,0,0,1,1,1,2,0,0,1,0,1,,,,,,
9-11-2023  17:29 PDT,ransom34,4,"2,185",12,60,1,0,0,4,0,0,1,1,1,2,0,0,1,0,1,,,,,,
9-11-2023  17:28 PDT,ransom34,5,"2,277",2,60,1,0,0,5,0,1,1,1,1,2,0,0,1,0,1,,,,,,
9-11-2023  17:27 PDT,ransom34,6,"2,099",2,60,1,0,0,6,0,0,1,0,1,1,0,1,2,1,0,,,,,,
9-11-2023  17:26 PDT,ransom34,7,"2,153",3,60,1,0,0,7,0,0,1,1,1,2,0,0,1,0,1,,,,,,
9-11-2023  18:02 PDT,ransom36,1,642,15,48,1,1,0,1,0,0,1,0,0,0,1,1,1,2,1,,,,,,
9-11-2023  18:02 PDT,ransom36,2,"1,858",6,60,1,1,0,2,0,0,1,1,1,2,0,0,1,0,1,,,,,,
9-11-2023  18:00 PDT,ransom36,3,"2,279",2,60,1,1,0,3,0,1,1,1,1,2,0,0,1,0,1,,,,,,
9-11-2023  18:00 PDT,ransom36,4,"1,486",6,60,1,1,0,4,0,0,1,0,1,1,0,1,2,1,0,,,,,,
9-11-2023  17:58 PDT,ransom36,5,-217,5,60,1,1,0,5,0,0,1,0,1,1,0,1,2,1,0,,,,,,
9-11-2023  17:33 PDT,ransom36,1,"2,401",6,60,1,0,0,1,0,1,1,1,1,2,0,0,1,0,1,,,,,,
9-11-2023  17:32 PDT,ransom36,2,"2,161",11,60,1,0,0,2,0,0,1,1,1,2,0,0,1,0,1,,,,,,
9-11-2023  17:31 PDT,ransom36,3,"2,187",4,60,1,0,0,3,0,0,1,1,1,2,0,0,1,0,1,,,,,,
9-11-2023  17:31 PDT,ransom36,4,"2,145",8,60,1,0,0,4,0,0,1,1,1,2,0,0,1,0,1,,,,,,
9-11-2023  18:02 PDT,ransom39,1,"1,949",1,60,1,1,0,1,0,1,1,1,1,2,0,0,1,0,1,,,,,,
9-11-2023  18:00 PDT,ransom39,2,"1,565",2,60,1,1,0,2,0,0,1,0,1,1,0,1,2,1,0,,,,,,
9-11-2023  17:59 PDT,ransom39,3,224,17,60,1,1,0,3,0,0,1,0,0,0,1,1,1,2,1,,,,,,
9-11-2023  17:58 PDT,ransom39,4,-1,63,60,1,1,0,4,0,0,1,0,0,0,1,1,1,2,1,,,,,,
9-11-2023  17:57 PDT,ransom39,5,738,8,60,1,1,0,5,0,0,1,0,1,1,0,1,2,1,0,,,,,,
9-11-2023  17:31 PDT,ransom39,1,"2,638",3,60,1,0,0,1,0,0,1,1,1,2,0,0,1,0,1,,,,,,
9-11-2023  17:30 PDT,ransom39,2,"2,624",4,60,1,0,0,2,0,1,1,1,1,2,0,0,1,0,1,,,,,,
9-11-2023  17:29 PDT,ransom39,3,"2,009",7,60,1,0,0,3,0,0,1,0,1,1,0,1,2,1,0,,,,,,
9-11-2023  17:29 PDT,ransom39,4,"2,549",5,60,1,0,0,4,0,0,1,1,1,2,0,0,1,0,1,,,,,,
9-11-2023  17:27 PDT,ransom39,5,"2,016",7,60,1,0,0,5,0,0,1,0,1,1,0,1,2,1,0,,,,,,
9-11-2023  17:27 PDT,ransom39,6,"2,127",9,48,1,0,0,6,0,0,1,1,1,2,0,0,1,0,1,,,,,,
9-11-2023  17:26 PDT,ransom39,7,"2,016",7,60,1,0,0,7,0,0,1,0,1,1,0,1,2,1,0,,,,,,
9-11-2023  17:25 PDT,ransom39,8,"1,761",9,60,1,0,0,8,0,0,1,0,1,1,0,1,2,1,0,,,,,,
9-11-2023  17:24 PDT,ransom39,9,"1,992",6,60,1,0,0,9,0,0,1,0,1,1,0,1,2,1,0,,,,,,
9-11-2023  18:17 PDT,ransom41,1,592,53,48,1,1,1,1,0,1,1,0,0,0,1,1,1,2,1,,,,,,
9-11-2023  18:13 PDT,ransom41,2,107,73,60,1,1,1,2,0,0,1,0,0,0,1,1,1,2,1,,,,,,
9-11-2023  18:12 PDT,ransom41,3,"-2,068",93,60,1,1,1,3,0,0,1,0,0,0,1,1,1,2,1,,,,,,
9-11-2023  18:12 PDT,ransom41,4,13,78,60,1,1,1,4,0,0,1,0,0,0,1,1,1,2,1,,,,,,
9-11-2023  18:06 PDT,ransom41,1,"-7,005",89,60,1,1,0,1,0,0,0,0,0,0,1,1,1,2,1,,,,,,
9-11-2023  18:05 PDT,ransom41,2,783,16,12,1,1,0,2,0,1,1,0,0,0,1,1,1,2,1,,,,,,
9-11-2023  18:03 PDT,ransom41,3,-923,32,60,1,1,0,3,0,0,1,0,0,0,1,1,1,2,1,,,,,,
9-11-2023  18:02 PDT,ransom41,4,-869,97,36,1,1,0,4,0,0,1,0,0,0,1,1,1,2,1,,,,,,
9-11-2023  18:00 PDT,ransom41,5,"-1,038",17,60,1,1,0,5,0,0,1,0,0,0,1,1,1,2,1,,,,,,
9-11-2023  17:59 PDT,ransom41,6,-600,46,60,1,1,0,6,0,0,1,0,0,0,1,1,1,2,1,,,,,,
9-11-2023  17:57 PDT,ransom41,7,"-3,541",73,60,1,1,0,7,0,0,0,0,0,0,1,1,1,2,1,,,,,,
9-11-2023  17:40 PDT,ransom41,8,654,57,12,1,1,0,8,0,0,1,0,0,0,1,1,1,2,1,,,,,,
9-11-2023  17:32 PDT,ransom41,1,"2,098",22,60,1,0,0,1,0,0,1,0,0,0,1,1,1,2,1,,,,,,
9-11-2023  17:32 PDT,ransom41,2,"1,053",38,60,1,0,0,2,0,0,1,0,0,0,1,1,1,2,1,,,,,,
9-11-2023  17:31 PDT,ransom41,3,"2,370",15,60,1,0,0,3,0,0,1,1,0,1,1,0,0,1,2,,,,,,
9-11-2023  17:29 PDT,ransom41,4,"2,399",15,60,1,0,0,4,0,1,1,1,0,1,1,0,0,1,2,,,,,,
9-11-2023  17:29 PDT,ransom41,5,752,44,60,1,0,0,5,0,0,1,0,0,0,1,1,1,2,1,,,,,,
9-11-2023  17:27 PDT,ransom41,6,"2,399",15,60,1,0,0,6,0,0,1,1,0,1,1,0,0,1,2,,,,,,
9-11-2023  17:26 PDT,ransom41,7,"1,730",11,60,1,0,0,7,0,0,1,0,1,1,0,1,2,1,0,,,,,,
9-11-2023  17:26 PDT,ransom41,8,752,44,60,1,0,0,8,0,0,1,0,0,0,1,1,1,2,1,,,,,,
9-11-2023  17:25 PDT,ransom41,9,"1,303",34,60,1,0,0,9,0,0,1,0,0,0,1,1,1,2,1,,,,,,
9-11-2023  17:24 PDT,ransom41,10,"1,707",25,60,1,0,0,10,0,0,1,0,0,0,1,1,1,2,1,,,,,,
7-11-2023  16:52 PDT,ransom46,1,"2,770",6,60,1,0,0,1,0,1,1,1,1,2,0,0,1,0,1,,,,,,
7-11-2023  16:51 PDT,ransom46,2,"2,587",5,60,1,0,0,2,0,0,1,1,1,2,0,0,1,0,1,,,,,,
17-11-2023  12:19 PDT,ransom47,1,"1,350",14,60,1,1,1,1,0,0,1,0,0,0,1,1,1,2,1,,,,,,
17-11-2023  12:18 PDT,ransom47,2,496,40,60,1,1,1,2,0,0,1,0,0,0,1,1,1,2,1,,,,,,
17-11-2023  12:15 PDT,ransom47,1,"1,636",4,60,1,1,0,1,0,1,1,0,1,1,0,1,2,1,0,,,,,,
17-11-2023  12:12 PDT,ransom47,2,529,14,60,1,1,0,2,0,0,1,0,0,0,1,1,1,2,1,,,,,,
17-11-2023  12:09 PDT,ransom47,3,"-4,372",40,60,1,1,0,3,0,0,0,0,0,0,1,1,1,2,1,,,,,,
17-11-2023  12:07 PDT,ransom47,1,"2,581",7,60,1,0,0,1,0,1,1,1,1,2,0,0,1,0,1,,,,,,
17-11-2023  12:06 PDT,ransom47,2,"2,224",9,60,1,0,0,2,0,0,1,1,1,2,0,0,1,0,1,,,,,,
17-11-2023  12:05 PDT,ransom47,3,"1,718",9,60,1,0,0,3,0,0,1,0,1,1,0,1,2,1,0,,,,,,
17-11-2023  12:04 PDT,ransom47,4,752,44,60,1,0,0,4,0,0,1,0,0,0,1,1,1,2,1,,,,,,
17-11-2023  12:03 PDT,ransom47,5,"2,209",17,60,1,0,0,5,0,0,1,1,0,1,1,0,0,1,2,,,,,,
6-2-2024  20:41 PDT,ransom49,1,"1,213",14,60,1,1,1,1,0,0,1,0,0,0,1,1,1,2,1,,,,,,
6-2-2024  20:40 PDT,ransom49,2,261,40,60,1,1,1,2,0,0,1,0,0,0,1,1,1,2,1,,,,,,
28-1-2024  09:23 PDT,ransom49,3,"1,525",0,60,1,1,1,3,0,1,1,0,1,1,0,1,2,1,0,,,,,,
29-11-2023  10:46 PDT,ransom60,1,"2,126",14,60,2,0,0,1,0,0,1,0,0,0,1,1,1,2,1,,,,,,
29-11-2023  10:41 PDT,ransom60,1,848,1,12,1,0,0,1,0,0,1,0,1,1,0,1,2,1,0,,,,,,
29-11-2023  10:40 PDT,ransom60,2,"1,923",14,48,1,0,0,2,0,0,1,0,0,0,1,1,1,2,1,,,,,,
29-11-2023  10:39 PDT,ransom60,3,908,1,12,1,0,0,3,0,0,1,0,1,1,0,1,2,1,0,,,,,,
29-11-2023  10:39 PDT,ransom60,4,"1,138",3,12,1,0,0,4,0,0,1,0,1,1,0,1,2,1,0,,,,,,
29-11-2023  10:38 PDT,ransom60,5,"1,350",27,60,1,0,0,5,0,0,1,0,0,0,1,1,1,2,1,,,,,,
29-11-2023  10:37 PDT,ransom60,6,"2,206",11,60,1,0,0,6,0,0,1,1,1,2,0,0,1,0,1,,,,,,
29-11-2023  10:35 PDT,ransom60,7,"1,041",2,12,1,0,0,7,0,0,1,0,1,1,0,1,2,1,0,,,,,,
29-11-2023  10:45 PDT,ransom61,1,"2,190",7,60,2,0,0,1,0,0,1,1,1,2,0,0,1,0,1,,,,,,
29-11-2023  10:41 PDT,ransom61,1,"2,225",14,60,1,0,0,1,0,0,1,1,0,1,1,0,0,1,2,,,,,,
29-11-2023  10:43 PDT,ransom62,1,"2,221",3,60,2,0,0,1,0,0,1,1,1,2,0,0,1,0,1,,,,,,
29-11-2023  10:41 PDT,ransom62,1,"2,165",4,60,1,0,0,1,0,0,1,1,1,2,0,0,1,0,1,,,,,,
29-11-2023  10:39 PDT,ransom62,2,"2,474",5,60,1,0,0,2,0,0,1,1,1,2,0,0,1,0,1,,,,,,
29-11-2023  11:03 PDT,ransom63,1,"1,575",5,60,2,0,0,1,0,0,1,0,1,1,0,1,2,1,0,,,,,,
29-11-2023  10:53 PDT,ransom63,2,"2,657",24,60,2,0,0,2,0,1,1,1,0,1,1,0,0,1,2,,,,,,
29-11-2023  10:43 PDT,ransom63,3,"2,582",23,60,2,0,0,3,0,0,1,1,0,1,1,0,0,1,2,,,,,,
29-11-2023  10:42 PDT,ransom63,1,"1,956",18,48,1,0,0,1,0,0,1,0,0,0,1,1,1,2,1,,,,,,
29-11-2023  10:40 PDT,ransom63,1,700,29,12,1,1,0,1,0,0,1,0,0,0,1,1,1,2,1,,,,,,
29-11-2023  10:44 PDT,ransom64,1,"2,271",11,60,2,0,0,1,0,0,1,1,1,2,0,0,1,0,1,,,,,,
29-11-2023  10:42 PDT,ransom64,1,"2,074",7,60,1,0,0,1,0,0,1,0,1,1,0,1,2,1,0,,,,,,
29-11-2023  10:40 PDT,ransom64,2,"2,391",5,60,1,0,0,2,0,0,1,1,1,2,0,0,1,0,1,,,,,,
29-11-2023  10:59 PDT,ransom67,1,"1,968",13,60,2,0,0,1,0,0,1,0,0,0,1,1,1,2,1,,,,,,
29-11-2023  10:39 PDT,ransom67,1,791,1,12,1,0,0,1,0,0,1,0,1,1,0,1,2,1,0,,,,,,
29-11-2023  10:39 PDT,ransom67,2,"2,085",5,60,1,0,0,2,0,0,1,0,1,1,0,1,2,1,0,,,,,,
29-11-2023  10:43 PDT,ransom68,1,"1,918",49,60,2,0,0,1,0,0,1,0,0,0,1,1,1,2,1,,,,,,
29-11-2023  10:39 PDT,ransom68,1,"2,149",2,60,1,0,0,1,0,0,1,1,1,2,0,0,1,0,1,,,,,,
29-11-2023  10:36 PDT,ransom68,2,"1,138",3,12,1,0,0,2,0,0,1,0,1,1,0,1,2,1,0,,,,,,
29-11-2023  10:36 PDT,ransom68,2,752,44,60,1,0,0,2,0,0,1,0,0,0,1,1,1,2,1,,,,,,
29-11-2023  10:57 PDT,ransom69,1,"2,378",8,60,2,0,0,1,0,0,1,1,1,2,0,0,1,0,1,,,,,,
29-11-2023  10:56 PDT,ransom69,2,"2,295",15,60,2,0,0,2,0,0,1,1,0,1,1,0,0,1,2,,,,,,
29-11-2023  10:46 PDT,ransom69,3,"2,360",11,60,2,0,0,3,0,0,1,1,1,2,0,0,1,0,1,,,,,,
29-11-2023  10:45 PDT,ransom69,4,"2,574",11,60,2,0,0,4,0,0,1,1,1,2,0,0,1,0,1,,,,,,
29-11-2023  10:45 PDT,ransom69,5,"2,724",17,60,2,0,0,5,0,1,1,1,0,1,1,0,0,1,2,,,,,,
29-11-2023  10:42 PDT,ransom69,1,"1,992",17,60,1,0,0,1,0,0,1,0,0,0,1,1,1,2,1,,,,,,
29-11-2023  10:41 PDT,ransom69,2,"2,278",8,60,1,0,0,2,0,0,1,1,1,2,0,0,1,0,1,,,,,,
29-11-2023  10:46 PDT,ransom70,1,"2,144",10,60,2,0,0,1,0,0,1,1,1,2,0,0,1,0,1,,,,,,
29-11-2023  10:42 PDT,ransom70,1,"1,262",16,24,1,0,0,1,0,1,1,0,0,0,1,1,1,2,1,,,,,,
29-11-2023  10:41 PDT,ransom70,2,932,2,12,1,0,0,2,0,0,1,0,1,1,0,1,2,1,0,,,,,,
29-11-2023  10:40 PDT,ransom70,3,747,2,12,1,0,0,3,0,0,1,0,1,1,0,1,2,1,0,,,,,,
29-11-2023  10:40 PDT,ransom70,4,578,0,12,1,0,0,4,0,0,1,0,1,1,0,1,2,1,0,,,,,,
29-11-2023  10:38 PDT,ransom70,5,734,1,12,1,0,0,5,0,0,1,0,1,1,0,1,2,1,0,,,,,,
29-11-2023  10:45 PDT,ransom71,1,894,0,12,2,0,0,1,0,0,1,0,1,1,0,1,2,1,0,,,,,,
29-11-2023  10:45 PDT,ransom71,2,"3,304",25,60,2,0,0,2,0,0,1,1,0,1,1,0,0,1,2,,,,,,
29-11-2023  10:41 PDT,ransom71,1,"1,909",11,48,1,0,0,1,0,0,1,0,1,1,0,1,2,1,0,,,,,,
29-11-2023  10:40 PDT,ransom71,2,"2,453",4,60,1,0,0,2,0,0,1,1,1,2,0,0,1,0,1,,,,,,
28-11-2023  22:24 PDT,ransom71,3,752,44,60,1,0,0,3,0,0,1,0,0,0,1,1,1,2,1,,,,,,
29-11-2023  10:43 PDT,ransom72,1,"2,125",3,60,2,0,0,1,0,0,1,0,1,1,0,1,2,1,0,,,,,,
29-11-2023  10:42 PDT,ransom72,1,"2,086",2,60,1,0,0,1,0,0,1,0,1,1,0,1,2,1,0,,,,,,
29-11-2023  10:45 PDT,ransom73,1,"2,347",11,60,2,0,0,1,0,0,1,1,1,2,0,0,1,0,1,,,,,,
29-11-2023  10:42 PDT,ransom73,1,"2,159",10,60,1,0,0,1,0,0,1,1,1,2,0,0,1,0,1,,,,,,
13-2-2024  11:50 PDT,ransom81,1,"2,329",9,60,2,1,0,1,0,0,1,1,1,2,0,0,1,0,1,,,,,,
13-2-2024  11:47 PDT,ransom81,2,-470,38,60,2,1,0,2,0,0,1,0,0,0,1,1,1,2,1,,,,,,
13-2-2024  11:23 PDT,ransom81,1,"2,229",4,60,1,0,0,1,0,0,1,1,1,2,0,0,1,0,1,,,,,,
13-2-2024  11:22 PDT,ransom81,2,"1,822",16,36,1,0,0,2,0,0,1,0,0,0,1,1,1,2,1,,,,,,
13-2-2024  11:20 PDT,ransom81,3,"2,432",8,60,1,0,0,3,0,1,1,1,1,2,0,0,1,0,1,,,,,,
13-2-2024  11:50 PDT,ransom84,1,"1,275",6,60,2,1,0,1,0,0,1,0,1,1,0,1,2,1,0,,,,,,
13-2-2024  11:49 PDT,ransom84,2,"1,197",20,24,2,1,0,2,0,0,1,0,0,0,1,1,1,2,1,,,,,,
13-2-2024  11:48 PDT,ransom84,3,"-2,578",40,60,2,1,0,3,0,0,0,0,0,0,1,1,1,2,1,,,,,,
13-2-2024  11:25 PDT,ransom84,1,"1,472",28,60,1,0,0,1,0,0,1,0,0,0,1,1,1,2,1,,,,,,
13-2-2024  11:23 PDT,ransom84,2,"2,169",10,60,1,0,0,2,0,0,1,1,1,2,0,0,1,0,1,,,,,,
13-2-2024  11:21 PDT,ransom84,3,"2,145",8,60,1,0,0,3,0,1,1,1,1,2,0,0,1,0,1,,,,,,
18-4-2024  09:39 PDT,ransom85,1,415,19,60,2,1,0,1,0,0,1,0,0,0,1,1,1,2,1,,,,,,
13-2-2024  12:11 PDT,ransom85,2,"-1,321",49,60,2,1,0,2,0,0,1,0,0,0,1,1,1,2,1,,,,,,
13-2-2024  11:59 PDT,ransom85,3,"1,471",15,60,2,1,0,3,0,0,1,0,0,0,1,1,1,2,1,,,,,,
13-2-2024  11:57 PDT,ransom85,4,996,13,60,2,1,0,4,0,0,1,0,0,0,1,1,1,2,1,,,,,,
13-2-2024  11:53 PDT,ransom85,5,"1,494",8,60,2,1,0,5,0,0,1,0,1,1,0,1,2,1,0,,,,,,
13-2-2024  11:52 PDT,ransom85,6,129,17,48,2,1,0,6,0,0,1,0,0,0,1,1,1,2,1,,,,,,
13-2-2024  11:51 PDT,ransom85,7,-115,27,48,2,1,0,7,0,0,1,0,0,0,1,1,1,2,1,,,,,,
13-2-2024  11:50 PDT,ransom85,8,724,32,60,2,1,0,8,0,0,1,0,0,0,1,1,1,2,1,,,,,,
13-2-2024  11:49 PDT,ransom85,9,124,21,48,2,1,0,9,0,0,1,0,0,0,1,1,1,2,1,,,,,,
13-2-2024  11:48 PDT,ransom85,10,436,31,60,2,1,0,10,0,0,1,0,0,0,1,1,1,2,1,,,,,,
13-2-2024  11:31 PDT,ransom85,1,"2,445",11,60,1,0,0,1,0,0,1,1,1,2,0,0,1,0,1,,,,,,
13-2-2024  11:29 PDT,ransom85,2,"1,833",16,60,1,0,0,2,0,0,1,0,0,0,1,1,1,2,1,,,,,,
13-2-2024  11:27 PDT,ransom85,3,"2,108",6,60,1,0,0,3,0,0,1,0,1,1,0,1,2,1,0,,,,,,
13-2-2024  11:26 PDT,ransom85,4,"1,533",16,60,1,0,0,4,0,0,1,0,0,0,1,1,1,2,1,,,,,,
13-2-2024  11:25 PDT,ransom85,5,"2,089",7,60,1,0,0,5,0,0,1,0,1,1,0,1,2,1,0,,,,,,
13-2-2024  11:24 PDT,ransom85,6,"2,086",2,60,1,0,0,6,0,0,1,0,1,1,0,1,2,1,0,,,,,,
13-2-2024  11:23 PDT,ransom85,7,"2,288",9,60,1,0,0,7,0,0,1,1,1,2,0,0,1,0,1,,,,,,
13-2-2024  11:21 PDT,ransom85,8,"2,109",7,60,1,0,0,8,0,0,1,0,1,1,0,1,2,1,0,,,,,,
13-2-2024  11:49 PDT,ransom86,1,"1,001",5,60,2,1,0,1,0,0,1,0,1,1,0,1,2,1,0,,,,,,
13-2-2024  11:49 PDT,ransom86,2,226,14,60,2,1,0,2,0,0,1,0,0,0,1,1,1,2,1,,,,,,
13-2-2024  11:48 PDT,ransom86,3,489,9,60,2,1,0,3,0,0,1,0,1,1,0,1,2,1,0,,,,,,
13-2-2024  11:27 PDT,ransom86,1,793,1,12,1,0,0,1,0,0,1,0,1,1,0,1,2,1,0,,,,,,
13-2-2024  11:24 PDT,ransom86,2,"1,987",17,48,1,0,0,2,0,0,1,0,0,0,1,1,1,2,1,,,,,,
13-2-2024  11:22 PDT,ransom86,3,"2,026",15,60,1,0,0,3,0,1,1,0,0,0,1,1,1,2,1,,,,,,
13-2-2024  11:50 PDT,ransom88,1,"1,765",18,60,2,1,0,1,0,0,1,1,0,1,1,0,0,1,2,,,,,,
13-2-2024  11:49 PDT,ransom88,2,-607,37,60,2,1,0,2,0,0,1,0,0,0,1,1,1,2,1,,,,,,
13-2-2024  11:47 PDT,ransom88,3,197,7,60,2,1,0,3,0,0,1,0,1,1,0,1,2,1,0,,,,,,
13-2-2024  11:25 PDT,ransom88,1,"2,133",2,60,1,0,0,1,0,0,1,1,1,2,0,0,1,0,1,,,,,,
13-2-2024  11:24 PDT,ransom88,2,"2,205",2,60,1,0,0,2,0,0,1,1,1,2,0,0,1,0,1,,,,,,
13-2-2024  11:23 PDT,ransom88,3,"2,177",7,60,1,0,0,3,0,0,1,1,1,2,0,0,1,0,1,,,,,,
13-2-2024  11:22 PDT,ransom88,4,"2,269",12,60,1,0,0,4,0,1,1,1,1,2,0,0,1,0,1,,,,,,
13-2-2024  11:21 PDT,ransom88,5,832,1,12,1,0,0,5,0,0,1,0,1,1,0,1,2,1,0,,,,,,
13-2-2024  11:20 PDT,ransom88,6,"2,160",16,60,1,0,0,6,0,0,1,1,0,1,1,0,0,1,2,,,,,,
18-9-2024  16:33 PDT,V@tt2024001,1,714,37,60,1,1,1,1,0,0,1,0,0,0,1,1,1,2,1,,,,,,
18-9-2024  16:31 PDT,V@tt2024001,2,890,30,60,1,1,1,2,0,1,1,0,0,0,1,1,1,2,1,,,,,,
18-9-2024  16:28 PDT,V@tt2024001,1,"1,250",22,60,1,1,0,1,0,0,1,0,0,0,1,1,1,2,1,,,,,,
18-9-2024  16:25 PDT,V@tt2024001,2,792,21,24,1,1,0,2,0,0,1,0,0,0,1,1,1,2,1,,,,,,
18-9-2024  16:24 PDT,V@tt2024001,3,"1,286",16,60,1,1,0,3,0,1,1,0,0,0,1,1,1,2,1,,,,,,
18-9-2024  16:35 PDT,V@tt2024003,1,"1,815",2,60,1,1,1,1,0,0,1,1,1,2,0,0,1,0,1,,,,,,
18-9-2024  16:34 PDT,V@tt2024003,2,"1,475",8,60,1,1,1,2,0,0,1,0,1,1,0,1,2,1,0,,,,,,
18-9-2024  16:32 PDT,V@tt2024003,3,"1,773",2,60,1,1,1,3,0,0,1,1,1,2,0,0,1,0,1,,,,,,
18-9-2024  16:30 PDT,V@tt2024003,4,"1,494",7,60,1,1,1,4,0,0,1,0,1,1,0,1,2,1,0,,,,,,
18-9-2024  16:29 PDT,V@tt2024003,1,"1,663",4,60,1,1,0,1,0,0,1,0,1,1,0,1,2,1,0,,,,,,
18-9-2024  16:27 PDT,V@tt2024003,2,"1,496",7,60,1,1,0,2,0,0,1,0,1,1,0,1,2,1,0,,,,,,
18-9-2024  16:25 PDT,V@tt2024003,3,"1,814",2,60,1,1,0,3,0,1,1,1,1,2,0,0,1,0,1,,,,,,
18-9-2024  16:24 PDT,V@tt2024003,4,"1,534",6,60,1,1,0,4,0,0,1,0,1,1,0,1,2,1,0,,,,,,
18-9-2024  16:23 PDT,V@tt2024003,5,"1,397",6,60,1,1,0,5,0,0,1,0,1,1,0,1,2,1,0,,,,,,
18-9-2024  16:22 PDT,V@tt2024003,6,"1,619",4,60,1,1,0,6,0,0,1,0,1,1,0,1,2,1,0,,,,,,
18-9-2024  16:21 PDT,V@tt2024003,7,465,18,60,1,1,0,7,0,0,1,0,0,0,1,1,1,2,1,,,,,,
18-9-2024  16:20 PDT,V@tt2024003,8,"1,574",2,60,1,1,0,8,0,0,1,0,1,1,0,1,2,1,0,,,,,,
18-9-2024  16:18 PDT,V@tt2024003,9,"1,384",0,60,1,1,0,9,0,0,1,0,1,1,0,1,2,1,0,,,,,,
18-9-2024  15:05 PDT,V@tt2024003,1,"2,360",7,60,2,0,0,1,0,0,1,1,1,2,0,0,1,0,1,,,,,,
18-9-2024  15:03 PDT,V@tt2024003,2,"2,320",3,60,2,0,0,2,0,0,1,1,1,2,0,0,1,0,1,,,,,,
18-9-2024  15:00 PDT,V@tt2024003,1,"2,295",6,60,1,0,0,1,0,1,1,1,1,2,0,0,1,0,1,,,,,,
18-9-2024  14:59 PDT,V@tt2024003,2,"2,028",5,60,1,0,0,2,0,0,1,0,1,1,0,1,2,1,0,,,,,,
18-9-2024  14:58 PDT,V@tt2024003,3,752,44,60,1,0,0,3,0,0,1,0,0,0,1,1,1,2,1,,,,,,
18-9-2024  14:57 PDT,V@tt2024003,4,"2,122",7,60,1,0,0,4,0,0,1,0,1,1,0,1,2,1,0,,,,,,
18-9-2024  14:56 PDT,V@tt2024003,5,"2,243",4,60,1,0,0,5,0,0,1,1,1,2,0,0,1,0,1,,,,,,
19-9-2024  08:45 PDT,V@tt2024004,1,"1,687",1,60,1,1,1,1,0,0,1,1,1,2,0,0,1,0,1,,,,,,
19-9-2024  08:44 PDT,V@tt2024004,2,433,14,12,1,1,1,2,0,0,1,0,0,0,1,1,1,2,1,,,,,,
18-9-2024  16:44 PDT,V@tt2024004,3,"1,298",0,60,1,1,1,3,0,0,1,0,1,1,0,1,2,1,0,,,,,,
18-9-2024  16:39 PDT,V@tt2024004,4,"2,064",6,60,1,1,1,4,0,1,1,1,1,2,0,0,1,0,1,,,,,,
18-9-2024  16:34 PDT,V@tt2024004,5,"1,982",1,60,1,1,1,5,0,0,1,1,1,2,0,0,1,0,1,,,,,,
18-9-2024  16:32 PDT,V@tt2024004,6,"1,265",3,48,1,1,1,6,0,0,1,0,1,1,0,1,2,1,0,,,,,,
18-9-2024  16:31 PDT,V@tt2024004,7,"1,305",0,60,1,1,1,7,0,0,1,0,1,1,0,1,2,1,0,,,,,,
18-9-2024  16:31 PDT,V@tt2024004,8,"1,562",0,60,1,1,1,8,0,0,1,0,1,1,0,1,2,1,0,,,,,,
18-9-2024  16:30 PDT,V@tt2024004,9,"1,069",57,12,1,1,1,9,0,0,1,0,0,0,1,1,1,2,1,,,,,,
18-9-2024  16:29 PDT,V@tt2024004,1,"1,975",1,60,1,1,0,1,0,1,1,1,1,2,0,0,1,0,1,,,,,,
18-9-2024  16:27 PDT,V@tt2024004,2,914,3,36,1,1,0,2,0,0,1,0,1,1,0,1,2,1,0,,,,,,
18-9-2024  16:26 PDT,V@tt2024004,3,0,0,0,1,1,0,3,0,0,1,0,1,1,0,1,2,1,0,,,,,,
18-9-2024  16:25 PDT,V@tt2024004,4,"1,610",2,60,1,1,0,4,0,0,1,0,1,1,0,1,2,1,0,,,,,,
18-9-2024  16:24 PDT,V@tt2024004,5,410,0,12,1,1,0,5,0,0,1,0,1,1,0,1,2,1,0,,,,,,
18-9-2024  16:23 PDT,V@tt2024004,6,625,7,12,1,1,0,6,0,0,1,0,1,1,0,1,2,1,0,,,,,,
18-9-2024  16:23 PDT,V@tt2024004,7,544,7,12,1,1,0,7,0,0,1,0,1,1,0,1,2,1,0,,,,,,
18-9-2024  16:22 PDT,V@tt2024004,8,571,1,12,1,1,0,8,0,0,1,0,1,1,0,1,2,1,0,,,,,,
18-9-2024  16:22 PDT,V@tt2024004,9,544,7,12,1,1,0,9,0,0,1,0,1,1,0,1,2,1,0,,,,,,
18-9-2024  16:21 PDT,V@tt2024004,10,693,11,36,1,1,0,10,0,0,1,0,1,1,0,1,2,1,0,,,,,,
18-9-2024  16:20 PDT,V@tt2024004,11,"1,833",0,60,1,1,0,11,0,1,1,1,1,2,0,0,1,0,1,,,,,,
18-9-2024  16:18 PDT,V@tt2024004,12,968,5,60,1,1,0,12,0,0,1,0,1,1,0,1,2,1,0,,,,,,
18-9-2024  15:22 PDT,V@tt2024004,1,"1,301",4,24,2,0,0,1,0,0,1,0,1,1,0,1,2,1,0,,,,,,
18-9-2024  15:14 PDT,V@tt2024004,2,"3,228",15,60,2,0,0,2,0,0,1,1,0,1,1,0,0,1,2,,,,,,
18-9-2024  15:09 PDT,V@tt2024004,3,"2,757",11,60,2,0,0,3,0,1,1,1,1,2,0,0,1,0,1,,,,,,
18-9-2024  15:04 PDT,V@tt2024004,4,"2,698",13,60,2,0,0,4,0,0,1,1,0,1,1,0,0,1,2,,,,,,
18-9-2024  15:02 PDT,V@tt2024004,5,"2,122",3,60,2,0,0,5,0,0,1,0,1,1,0,1,2,1,0,,,,,,
18-9-2024  15:01 PDT,V@tt2024004,1,833,1,12,1,0,0,1,0,0,1,0,1,1,0,1,2,1,0,,,,,,
18-9-2024  15:01 PDT,V@tt2024004,2,795,1,12,1,0,0,2,0,0,1,0,1,1,0,1,2,1,0,,,,,,
18-9-2024  15:01 PDT,V@tt2024004,3,"2,299",10,60,1,0,0,3,0,1,1,1,1,2,0,0,1,0,1,,,,,,
18-9-2024  14:59 PDT,V@tt2024004,4,"2,011",5,60,1,0,0,4,0,0,1,0,1,1,0,1,2,1,0,,,,,,
18-9-2024  14:58 PDT,V@tt2024004,5,"2,086",2,60,1,0,0,5,0,0,1,0,1,1,0,1,2,1,0,,,,,,
18-9-2024  16:47 PDT,V@tt2024005,1,"1,268",2,60,1,1,1,1,0,0,1,0,1,1,0,1,2,1,0,,,,,,
18-9-2024  16:33 PDT,V@tt2024005,2,-510,100,60,1,1,1,2,0,0,1,0,0,0,1,1,1,2,1,,,,,,
18-9-2024  16:32 PDT,V@tt2024005,3,"1,503",22,60,1,1,1,3,0,0,1,0,0,0,1,1,1,2,1,,,,,,
18-9-2024  16:31 PDT,V@tt2024005,1,779,4,60,1,1,0,1,0,0,1,0,1,1,0,1,2,1,0,,,,,,
18-9-2024  16:30 PDT,V@tt2024005,4,"1,377",14,60,1,1,1,4,0,1,1,0,0,0,1,1,1,2,1,,,,,,
18-9-2024  16:28 PDT,V@tt2024005,2,-221,5,60,1,1,0,2,0,0,1,0,1,1,0,1,2,1,0,,,,,,
18-9-2024  16:27 PDT,V@tt2024005,3,"-1,070",32,60,1,1,0,3,0,0,1,0,0,0,1,1,1,2,1,,,,,,
18-9-2024  16:26 PDT,V@tt2024005,4,"1,502",3,60,1,1,0,4,0,0,1,0,1,1,0,1,2,1,0,,,,,,
18-9-2024  16:25 PDT,V@tt2024005,5,"1,415",5,60,1,1,0,5,0,0,1,0,1,1,0,1,2,1,0,,,,,,
18-9-2024  16:23 PDT,V@tt2024005,6,"1,609",2,60,1,1,0,6,0,1,1,0,1,1,0,1,2,1,0,,,,,,
18-9-2024  16:23 PDT,V@tt2024005,7,"1,555",4,60,1,1,0,7,0,0,1,0,1,1,0,1,2,1,0,,,,,,
18-9-2024  16:21 PDT,V@tt2024005,8,347,14,60,1,1,0,8,0,0,1,0,0,0,1,1,1,2,1,,,,,,
18-9-2024  16:20 PDT,V@tt2024005,9,-344,17,60,1,1,0,9,0,0,1,0,0,0,1,1,1,2,1,,,,,,
18-9-2024  16:19 PDT,V@tt2024005,10,"1,545",5,60,1,1,0,10,0,1,1,0,1,1,0,1,2,1,0,,,,,,
18-9-2024  16:18 PDT,V@tt2024005,11,347,14,60,1,1,0,11,0,0,1,0,0,0,1,1,1,2,1,,,,,,
18-9-2024  16:17 PDT,V@tt2024005,12,"-1,809",19,60,1,1,0,12,0,0,1,0,0,0,1,1,1,2,1,,,,,,
18-9-2024  16:16 PDT,V@tt2024005,1,976,0,12,2,0,0,1,0,0,1,0,1,1,0,1,2,1,0,,,,,,
18-9-2024  15:06 PDT,V@tt2024005,2,"3,005",15,60,2,0,0,2,0,1,1,1,0,1,1,0,0,1,2,,,,,,
18-9-2024  15:05 PDT,V@tt2024005,3,"2,414",12,60,2,0,0,3,0,0,1,1,1,2,0,0,1,0,1,,,,,,
18-9-2024  15:04 PDT,V@tt2024005,4,"1,896",25,60,2,0,0,4,0,0,1,0,0,0,1,1,1,2,1,,,,,,
18-9-2024  15:03 PDT,V@tt2024005,5,"2,423",9,60,2,0,0,5,0,0,1,1,1,2,0,0,1,0,1,,,,,,
18-9-2024  15:00 PDT,V@tt2024005,1,"2,341",11,60,1,0,0,1,0,0,1,1,1,2,0,0,1,0,1,,,,,,
18-9-2024  15:00 PDT,V@tt2024005,2,"2,355",12,60,1,0,0,2,0,1,1,1,1,2,0,0,1,0,1,,,,,,
18-9-2024  14:59 PDT,V@tt2024005,3,752,44,60,1,0,0,3,0,0,1,0,0,0,1,1,1,2,1,,,,,,
18-9-2024  14:59 PDT,V@tt2024005,4,"2,332",11,60,1,0,0,4,0,0,1,1,1,2,0,0,1,0,1,,,,,,
18-9-2024  14:58 PDT,V@tt2024005,5,752,44,60,1,0,0,5,0,0,1,0,0,0,1,1,1,2,1,,,,,,
18-9-2024  14:57 PDT,V@tt2024005,6,"2,289",11,60,1,0,0,6,0,0,1,1,1,2,0,0,1,0,1,,,,,,
18-9-2024  14:56 PDT,V@tt2024005,7,"2,324",11,60,1,0,0,7,0,0,1,1,1,2,0,0,1,0,1,,,,,,
18-9-2024  16:33 PDT,V@tt2024006,1,"1,847",10,60,1,1,1,1,0,0,1,1,1,2,0,0,1,0,1,,,,,,
18-9-2024  16:30 PDT,V@tt2024006,2,"1,578",3,60,1,1,1,2,0,0,1,0,1,1,0,1,2,1,0,,,,,,
18-9-2024  16:29 PDT,V@tt2024006,1,"1,972",1,60,1,1,0,1,0,1,1,1,1,2,0,0,1,0,1,,,,,,
18-9-2024  16:28 PDT,V@tt2024006,2,"1,639",3,60,1,1,0,2,0,0,1,0,1,1,0,1,2,1,0,,,,,,
18-9-2024  16:25 PDT,V@tt2024006,3,-58,32,24,1,1,0,3,0,0,1,0,0,0,1,1,1,2,1,,,,,,
18-9-2024  16:25 PDT,V@tt2024006,4,"1,860",3,60,1,1,0,4,0,0,1,1,1,2,0,0,1,0,1,,,,,,
18-9-2024  16:23 PDT,V@tt2024006,5,617,14,12,1,1,0,5,0,0,1,0,0,0,1,1,1,2,1,,,,,,
18-9-2024  16:22 PDT,V@tt2024006,6,"1,930",3,60,1,1,0,6,0,0,1,1,1,2,0,0,1,0,1,,,,,,
18-9-2024  16:21 PDT,V@tt2024006,7,"1,785",3,60,1,1,0,7,0,0,1,1,1,2,0,0,1,0,1,,,,,,
18-9-2024  16:19 PDT,V@tt2024006,8,-413,35,60,1,1,0,8,0,0,1,0,0,0,1,1,1,2,1,,,,,,
18-9-2024  15:04 PDT,V@tt2024006,1,"2,643",16,60,2,0,0,1,0,0,1,1,0,1,1,0,0,1,2,,,,,,
18-9-2024  15:03 PDT,V@tt2024006,2,"2,351",7,60,2,0,0,2,0,0,1,1,1,2,0,0,1,0,1,,,,,,
18-9-2024  15:00 PDT,V@tt2024006,1,"2,362",12,60,1,0,0,1,0,1,1,1,1,2,0,0,1,0,1,,,,,,
18-9-2024  14:59 PDT,V@tt2024006,2,"2,095",7,60,1,0,0,2,0,0,1,0,1,1,0,1,2,1,0,,,,,,
18-9-2024  14:56 PDT,V@tt2024006,3,"2,238",5,60,1,0,0,3,0,0,1,1,1,2,0,0,1,0,1,,,,,,
18-9-2024  18:25 PDT,V@tt2024008,1,"1,613",1,48,1,1,1,1,0,0,1,0,1,1,0,1,2,1,0,,,,,,
18-9-2024  16:34 PDT,V@tt2024008,2,"1,519",0,60,1,1,1,2,0,0,1,0,1,1,0,1,2,1,0,,,,,,
18-9-2024  16:32 PDT,V@tt2024008,3,"1,653",0,60,1,1,1,3,0,1,1,0,1,1,0,1,2,1,0,,,,,,
18-9-2024  16:28 PDT,V@tt2024008,1,"2,022",3,60,1,1,0,1,0,1,1,1,1,2,0,0,1,0,1,,,,,,
18-9-2024  16:25 PDT,V@tt2024008,2,"1,903",0,60,1,1,0,2,0,0,1,1,1,2,0,0,1,0,1,,,,,,
18-9-2024  16:22 PDT,V@tt2024008,3,"1,877",0,60,1,1,0,3,0,0,1,1,1,2,0,0,1,0,1,,,,,,
18-9-2024  16:21 PDT,V@tt2024008,4,"1,833",0,60,1,1,0,4,0,0,1,1,1,2,0,0,1,0,1,,,,,,
18-9-2024  16:20 PDT,V@tt2024008,5,"1,366",1,60,1,1,0,5,0,0,1,0,1,1,0,1,2,1,0,,,,,,
18-9-2024  16:18 PDT,V@tt2024008,6,734,8,60,1,1,0,6,0,0,1,0,1,1,0,1,2,1,0,,,,,,
18-9-2024  15:10 PDT,V@tt2024008,1,"2,266",4,60,2,0,0,1,0,0,1,1,1,2,0,0,1,0,1,,,,,,
18-9-2024  15:08 PDT,V@tt2024008,2,"2,464",10,60,2,0,0,2,0,1,1,1,1,2,0,0,1,0,1,,,,,,
18-9-2024  15:04 PDT,V@tt2024008,3,"2,295",4,60,2,0,0,3,0,0,1,1,1,2,0,0,1,0,1,,,,,,
18-9-2024  15:03 PDT,V@tt2024008,4,"2,183",2,60,2,0,0,4,0,0,1,1,1,2,0,0,1,0,1,,,,,,
18-9-2024  15:00 PDT,V@tt2024008,1,"2,409",5,60,1,0,0,1,0,1,1,1,1,2,0,0,1,0,1,,,,,,
18-9-2024  14:59 PDT,V@tt2024008,2,"1,612",13,60,1,0,0,2,0,0,1,0,0,0,1,1,1,2,1,,,,,,
18-9-2024  14:59 PDT,V@tt2024008,3,752,44,60,1,0,0,3,0,0,1,0,0,0,1,1,1,2,1,,,,,,
18-9-2024  14:57 PDT,V@tt2024008,4,"2,446",5,60,1,0,0,4,0,0,1,1,1,2,0,0,1,0,1,,,,,,
18-9-2024  14:56 PDT,V@tt2024008,5,"2,309",13,60,1,0,0,5,0,0,1,1,0,1,1,0,0,1,2,,,,,,
18-9-2024  14:55 PDT,V@tt2024008,6,947,1,12,1,0,0,6,0,0,1,0,1,1,0,1,2,1,0,,,,,,
18-9-2024  14:55 PDT,V@tt2024008,7,"2,222",2,60,1,0,0,7,0,0,1,1,1,2,0,0,1,0,1,,,,,,
18-9-2024  16:30 PDT,V@tt2024009,1,"1,612",6,60,1,1,1,1,0,0,1,0,1,1,0,1,2,1,0,,,,,,
18-9-2024  16:26 PDT,V@tt2024009,1,268,31,36,1,1,0,1,0,0,1,0,0,0,1,1,1,2,1,,,,,,
18-9-2024  16:25 PDT,V@tt2024009,2,"-14,743",100,60,1,1,0,2,0,0,0,0,0,0,1,1,1,2,1,,,,,,
18-9-2024  16:23 PDT,V@tt2024009,3,"1,142",7,60,1,1,0,3,0,0,1,0,1,1,0,1,2,1,0,,,,,,
18-9-2024  16:21 PDT,V@tt2024009,4,"1,821",1,60,1,1,0,4,0,1,1,1,1,2,0,0,1,0,1,,,,,,
18-9-2024  16:21 PDT,V@tt2024009,5,938,10,60,1,1,0,5,0,0,1,0,1,1,0,1,2,1,0,,,,,,
18-9-2024  16:19 PDT,V@tt2024009,6,"-10,838",95,60,1,1,0,6,0,0,0,0,0,0,1,1,1,2,1,,,,,,
18-9-2024  16:18 PDT,V@tt2024009,7,"-8,689",88,60,1,1,0,7,0,0,0,0,0,0,1,1,1,2,1,,,,,,
18-9-2024  16:17 PDT,V@tt2024009,8,"-3,476",58,60,1,1,0,8,0,0,0,0,0,0,1,1,1,2,1,,,,,,
18-9-2024  15:05 PDT,V@tt2024009,1,"1,752",36,60,2,0,0,1,0,0,1,0,0,0,1,1,1,2,1,,,,,,
18-9-2024  15:04 PDT,V@tt2024009,2,"2,411",33,60,2,0,0,2,0,1,1,1,0,1,1,0,0,1,2,,,,,,
18-9-2024  15:03 PDT,V@tt2024009,3,"1,979",25,60,2,0,0,3,0,0,1,0,0,0,1,1,1,2,1,,,,,,
18-9-2024  15:00 PDT,V@tt2024009,1,"1,784",23,60,1,0,0,1,0,0,1,0,0,0,1,1,1,2,1,,,,,,
18-9-2024  14:59 PDT,V@tt2024009,2,"1,335",30,60,1,0,0,2,0,0,1,0,0,0,1,1,1,2,1,,,,,,
18-9-2024  14:59 PDT,V@tt2024009,3,"1,868",20,60,1,0,0,3,0,1,1,0,0,0,1,1,1,2,1,,,,,,
18-9-2024  16:30 PDT,V@tt2024010,1,"1,582",15,60,1,1,1,1,0,0,1,0,0,0,1,1,1,2,1,,,,,,
18-9-2024  16:27 PDT,V@tt2024010,1,"-2,060",31,60,1,1,0,1,0,0,1,0,0,0,1,1,1,2,1,,,,,,
18-9-2024  16:24 PDT,V@tt2024010,2,526,13,60,1,1,0,2,0,1,1,0,0,0,1,1,1,2,1,,,,,,
18-9-2024  16:21 PDT,V@tt2024010,3,"-1,618",21,60,1,1,0,3,0,0,1,0,0,0,1,1,1,2,1,,,,,,
18-9-2024  15:10 PDT,V@tt2024010,1,"3,458",26,60,2,0,0,1,0,0,1,1,0,1,1,0,0,1,2,,,,,,
18-9-2024  15:04 PDT,V@tt2024010,2,"2,624",14,60,2,0,0,2,0,0,1,1,0,1,1,0,0,1,2,,,,,,
18-9-2024  14:59 PDT,V@tt2024010,1,"2,424",13,60,1,0,0,1,0,0,1,1,0,1,1,0,0,1,2,,,,,,
18-9-2024  14:57 PDT,V@tt2024010,2,"2,362",9,60,1,0,0,2,0,0,1,1,1,2,0,0,1,0,1,,,,,,
18-9-2024  16:41 PDT,V@tt2024011,1,"1,343",10,60,1,1,1,1,0,0,1,0,1,1,0,1,2,1,0,,,,,,
18-9-2024  16:41 PDT,V@tt2024011,2,"1,332",28,60,1,1,1,2,0,0,1,0,0,0,1,1,1,2,1,,,,,,
18-9-2024  16:40 PDT,V@tt2024011,3,"1,623",7,60,1,1,1,3,0,0,1,0,1,1,0,1,2,1,0,,,,,,
18-9-2024  16:39 PDT,V@tt2024011,4,"1,804",3,60,1,1,1,4,0,1,1,1,1,2,0,0,1,0,1,,,,,,
18-9-2024  16:39 PDT,V@tt2024011,5,"1,306",0,60,1,1,1,5,0,0,1,0,1,1,0,1,2,1,0,,,,,,
18-9-2024  16:38 PDT,V@tt2024011,6,"1,287",15,60,1,1,1,6,0,0,1,0,0,0,1,1,1,2,1,,,,,,
18-9-2024  16:37 PDT,V@tt2024011,7,"1,225",15,60,1,1,1,7,0,0,1,0,0,0,1,1,1,2,1,,,,,,
18-9-2024  16:36 PDT,V@tt2024011,8,731,31,60,1,1,1,8,0,0,1,0,0,0,1,1,1,2,1,,,,,,
18-9-2024  16:35 PDT,V@tt2024011,9,"1,554",19,60,1,1,1,9,0,0,1,0,0,0,1,1,1,2,1,,,,,,
18-9-2024  16:34 PDT,V@tt2024011,10,"1,220",23,48,1,1,1,10,0,0,1,0,0,0,1,1,1,2,1,,,,,,
18-9-2024  16:33 PDT,V@tt2024011,11,"1,021",29,60,1,1,1,11,0,0,1,0,0,0,1,1,1,2,1,,,,,,
18-9-2024  16:32 PDT,V@tt2024011,12,871,42,48,1,1,1,12,0,0,1,0,0,0,1,1,1,2,1,,,,,,
18-9-2024  16:31 PDT,V@tt2024011,13,"1,235",33,60,1,1,1,13,0,0,1,0,0,0,1,1,1,2,1,,,,,,
18-9-2024  16:30 PDT,V@tt2024011,14,"1,334",20,60,1,1,1,14,0,0,1,0,0,0,1,1,1,2,1,,,,,,
18-9-2024  16:28 PDT,V@tt2024011,1,700,10,36,1,1,0,1,0,0,1,0,1,1,0,1,2,1,0,,,,,,
18-9-2024  16:25 PDT,V@tt2024011,2,461,37,60,1,1,0,2,0,0,1,0,0,0,1,1,1,2,1,,,,,,
18-9-2024  16:24 PDT,V@tt2024011,3,-846,36,48,1,1,0,3,0,0,1,0,0,0,1,1,1,2,1,,,,,,
18-9-2024  16:23 PDT,V@tt2024011,4,703,16,60,1,1,0,4,0,1,1,0,0,0,1,1,1,2,1,,,,,,
18-9-2024  16:21 PDT,V@tt2024011,5,203,18,60,1,1,0,5,0,0,1,0,0,0,1,1,1,2,1,,,,,,
18-9-2024  16:19 PDT,V@tt2024011,6,527,19,60,1,1,0,6,0,0,1,0,0,0,1,1,1,2,1,,,,,,
18-9-2024  16:19 PDT,V@tt2024011,7,"-1,900",31,60,1,1,0,7,0,0,1,0,0,0,1,1,1,2,1,,,,,,
18-9-2024  16:18 PDT,V@tt2024011,8,21,40,60,1,1,0,8,0,0,1,0,0,0,1,1,1,2,1,,,,,,
18-9-2024  15:25 PDT,V@tt2024011,1,"3,220",17,60,2,0,0,1,0,1,1,1,0,1,1,0,0,1,2,,,,,,
18-9-2024  15:07 PDT,V@tt2024011,2,"2,496",16,60,2,0,0,2,0,0,1,1,0,1,1,0,0,1,2,,,,,,
18-9-2024  15:06 PDT,V@tt2024011,3,"2,930",20,60,2,0,0,3,0,0,1,1,0,1,1,0,0,1,2,,,,,,
18-9-2024  15:05 PDT,V@tt2024011,4,"2,364",10,60,2,0,0,4,0,0,1,1,1,2,0,0,1,0,1,,,,,,
18-9-2024  15:04 PDT,V@tt2024011,5,"2,609",11,60,2,0,0,5,0,0,1,1,1,2,0,0,1,0,1,,,,,,
18-9-2024  15:03 PDT,V@tt2024011,6,"2,522",14,60,2,0,0,6,0,0,1,1,0,1,1,0,0,1,2,,,,,,
18-9-2024  15:02 PDT,V@tt2024011,7,"2,296",11,60,2,0,0,7,0,0,1,1,1,2,0,0,1,0,1,,,,,,
18-9-2024  15:01 PDT,V@tt2024011,1,"2,169",9,60,1,0,0,1,0,0,1,1,1,2,0,0,1,0,1,,,,,,
18-9-2024  15:01 PDT,V@tt2024011,2,"2,109",8,60,1,0,0,2,0,0,1,0,1,1,0,1,2,1,0,,,,,,
18-9-2024  15:00 PDT,V@tt2024011,3,"2,228",11,60,1,0,0,3,0,1,1,1,1,2,0,0,1,0,1,,,,,,
18-9-2024  16:32 PDT,V@tt2024013,1,"1,742",6,60,1,1,1,1,0,1,1,1,1,2,0,0,1,0,1,,,,,,
18-9-2024  16:31 PDT,V@tt2024013,2,"1,736",4,60,1,1,1,2,0,0,1,1,1,2,0,0,1,0,1,,,,,,
18-9-2024  16:30 PDT,V@tt2024013,3,"1,546",5,60,1,1,1,3,0,0,1,0,1,1,0,1,2,1,0,,,,,,
18-9-2024  16:28 PDT,V@tt2024013,1,605,13,12,1,1,0,1,0,0,1,0,0,0,1,1,1,2,1,,,,,,
18-9-2024  16:27 PDT,V@tt2024013,2,"1,753",2,60,1,1,0,2,0,0,1,1,1,2,0,0,1,0,1,,,,,,
18-9-2024  16:24 PDT,V@tt2024013,3,"-3,037",89,60,1,1,0,3,0,0,0,0,0,0,1,1,1,2,1,,,,,,
18-9-2024  16:23 PDT,V@tt2024013,4,"1,365",6,60,1,1,0,4,0,0,1,0,1,1,0,1,2,1,0,,,,,,
18-9-2024  16:21 PDT,V@tt2024013,5,"1,962",1,60,1,1,0,5,0,1,1,1,1,2,0,0,1,0,1,,,,,,
18-9-2024  16:20 PDT,V@tt2024013,6,"1,223",9,60,1,1,0,6,0,0,1,0,1,1,0,1,2,1,0,,,,,,
18-9-2024  16:18 PDT,V@tt2024013,7,"-1,088",46,60,1,1,0,7,0,0,1,0,0,0,1,1,1,2,1,,,,,,
18-9-2024  15:17 PDT,V@tt2024013,1,"2,875",14,60,2,0,0,1,0,1,1,1,0,1,1,0,0,1,2,,,,,,
18-9-2024  15:16 PDT,V@tt2024013,2,"2,420",12,60,2,0,0,2,0,0,1,1,1,2,0,0,1,0,1,,,,,,
18-9-2024  15:15 PDT,V@tt2024013,3,"2,491",13,60,2,0,0,3,0,0,1,1,0,1,1,0,0,1,2,,,,,,
18-9-2024  15:07 PDT,V@tt2024013,4,"2,727",25,60,2,0,0,4,0,0,1,1,0,1,1,0,0,1,2,,,,,,
18-9-2024  15:01 PDT,V@tt2024013,1,"2,053",14,60,1,0,0,1,0,0,1,0,0,0,1,1,1,2,1,,,,,,
18-9-2024  16:32 PDT,V@tt2024014,1,"1,541",0,60,1,1,1,1,0,0,1,0,1,1,0,1,2,1,0,,,,,,
18-9-2024  16:30 PDT,V@tt2024014,2,"1,568",2,60,1,1,1,2,0,0,1,0,1,1,0,1,2,1,0,,,,,,
18-9-2024  16:24 PDT,V@tt2024014,1,"1,913",8,60,1,1,0,1,0,1,1,1,1,2,0,0,1,0,1,,,,,,
18-9-2024  16:19 PDT,V@tt2024014,2,582,23,60,1,1,0,2,0,0,1,0,0,0,1,1,1,2,1,,,,,,
18-9-2024  16:18 PDT,V@tt2024014,3,616,7,12,1,1,0,3,0,0,1,0,1,1,0,1,2,1,0,,,,,,
18-9-2024  15:03 PDT,V@tt2024014,1,"2,503",11,60,2,0,0,1,0,0,1,1,1,2,0,0,1,0,1,,,,,,
18-9-2024  15:01 PDT,V@tt2024014,1,"2,294",8,60,1,0,0,1,0,0,1,1,1,2,0,0,1,0,1,,,,,,
18-9-2024  16:30 PDT,V@tt2024015,1,"1,594",0,60,1,1,1,1,0,0,1,0,1,1,0,1,2,1,0,,,,,,
18-9-2024  16:27 PDT,V@tt2024015,1,"1,971",0,60,1,1,0,1,0,1,1,1,1,2,0,0,1,0,1,,,,,,
18-9-2024  16:22 PDT,V@tt2024015,2,"1,592",0,48,1,1,0,2,0,0,1,0,1,1,0,1,2,1,0,,,,,,
18-9-2024  16:21 PDT,V@tt2024015,3,"-3,356",66,60,1,1,0,3,0,0,0,0,0,0,1,1,1,2,1,,,,,,
18-9-2024  15:05 PDT,V@tt2024015,1,"2,701",17,60,2,0,0,1,0,0,1,1,0,1,1,0,0,1,2,,,,,,
18-9-2024  15:03 PDT,V@tt2024015,1,"2,229",15,60,1,0,0,1,0,0,1,1,0,1,1,0,0,1,2,,,,,,
18-9-2024  16:32 PDT,V@tt2024016,1,"1,586",7,60,1,1,1,1,0,1,1,0,1,1,0,1,2,1,0,,,,,,
18-9-2024  16:31 PDT,V@tt2024016,2,"1,393",10,60,1,1,1,2,0,0,1,0,1,1,0,1,2,1,0,,,,,,
18-9-2024  16:30 PDT,V@tt2024016,3,641,12,12,1,1,1,3,0,0,1,0,1,1,0,1,2,1,0,,,,,,
18-9-2024  16:30 PDT,V@tt2024016,4,"1,401",13,60,1,1,1,4,0,0,1,0,0,0,1,1,1,2,1,,,,,,
18-9-2024  16:28 PDT,V@tt2024016,1,711,14,60,1,1,0,1,0,0,1,0,0,0,1,1,1,2,1,,,,,,
18-9-2024  16:27 PDT,V@tt2024016,2,520,12,60,1,1,0,2,0,0,1,0,1,1,0,1,2,1,0,,,,,,
18-9-2024  16:26 PDT,V@tt2024016,3,"-11,985",87,60,1,1,0,3,0,0,0,0,0,0,1,1,1,2,1,,,,,,
18-9-2024  16:25 PDT,V@tt2024016,4,"-12,683",94,60,1,1,0,4,0,0,0,0,0,0,1,1,1,2,1,,,,,,
18-9-2024  16:24 PDT,V@tt2024016,4,"-13,737",97,60,1,1,0,4,0,0,0,0,0,0,1,1,1,2,1,,,,,,
18-9-2024  16:22 PDT,V@tt2024016,5,"-7,207",85,60,1,1,0,5,0,0,0,0,0,0,1,1,1,2,1,,,,,,
13-6-2024  08:48 PDT,Zc@rt2024001,1,"1,750",3,60,1,1,0,1,0,1,1,1,1,2,0,0,1,0,1,,,,,,
13-6-2024  08:48 PDT,Zc@rt2024001,2,"1,628",4,60,1,1,0,2,0,0,1,0,1,1,0,1,2,1,0,,,,,,
13-6-2024  08:47 PDT,Zc@rt2024001,3,619,10,60,1,1,0,3,0,0,1,0,1,1,0,1,2,1,0,,,,,,
13-6-2024  08:46 PDT,Zc@rt2024001,4,"1,199",7,60,1,1,0,4,0,0,1,0,1,1,0,1,2,1,0,,,,,,
27-6-2024  14:55 PDT,Zc@rt2024003,1,"1,233",36,60,1,1,1,1,0,0,1,0,0,0,1,1,1,2,1,,,,,,
27-6-2024  14:54 PDT,Zc@rt2024003,2,198,48,60,1,1,1,2,0,0,1,0,0,0,1,1,1,2,1,,,,,,
27-6-2024  14:53 PDT,Zc@rt2024003,1,"1,521",4,60,1,1,0,1,0,0,1,0,1,1,0,1,2,1,0,,,,,,
27-6-2024  14:52 PDT,Zc@rt2024003,2,"1,990",3,60,1,1,0,2,0,1,1,1,1,2,0,0,1,0,1,,,,,,
27-6-2024  14:50 PDT,Zc@rt2024003,3,"1,897",2,60,1,1,0,3,0,0,1,1,1,2,0,0,1,0,1,,,,,,
27-6-2024  14:49 PDT,Zc@rt2024003,4,"1,504",5,60,1,1,0,4,0,0,1,0,1,1,0,1,2,1,0,,,,,,
27-6-2024  14:49 PDT,Zc@rt2024003,5,986,12,60,1,1,0,5,0,0,1,0,1,1,0,1,2,1,0,,,,,,
27-6-2024  14:48 PDT,Zc@rt2024003,6,"1,309",7,60,1,1,0,6,0,0,1,0,1,1,0,1,2,1,0,,,,,,
27-6-2024  14:34 PDT,Zc@rt2024003,1,"2,149",5,60,1,0,0,1,0,0,1,1,1,2,0,0,1,0,1,,,,,,
27-6-2024  14:34 PDT,Zc@rt2024003,2,"2,241",7,60,1,0,0,2,0,0,1,1,1,2,0,0,1,0,1,,,,,,
27-6-2024  14:32 PDT,Zc@rt2024003,3,"2,412",5,60,1,0,0,3,0,1,1,1,1,2,0,0,1,0,1,,,,,,
27-6-2024  14:32 PDT,Zc@rt2024003,4,"2,170",16,60,1,0,0,4,0,0,1,1,0,1,1,0,0,1,2,,,,,,
27-6-2024  14:27 PDT,Zc@rt2024004,1,869,1,12,1,0,0,1,0,0,1,0,1,1,0,1,2,1,0,,,,,,
27-6-2024  14:56 PDT,Zc@rt2024005,1,516,32,60,1,1,1,1,0,0,1,0,0,0,1,1,1,2,1,,,,,,
27-6-2024  14:51 PDT,Zc@rt2024005,1,"-1,241",17,60,1,1,0,1,0,0,1,0,0,0,1,1,1,2,1,,,,,,
27-6-2024  14:33 PDT,Zc@rt2024005,1,"2,192",12,60,1,0,0,1,0,0,1,1,1,2,0,0,1,0,1,,,,,,
27-6-2024  14:54 PDT,Zc@rt2024007,1,-159,66,48,1,1,1,1,0,0,1,0,0,0,1,1,1,2,1,,,,,,
27-6-2024  14:49 PDT,Zc@rt2024007,1,"-2,030",45,60,1,1,0,1,0,0,1,0,0,0,1,1,1,2,1,,,,,,
27-6-2024  14:48 PDT,Zc@rt2024007,2,"-1,038",31,60,1,1,0,2,0,0,1,0,0,0,1,1,1,2,1,,,,,,
27-6-2024  14:31 PDT,Zc@rt2024007,1,851,1,12,1,0,0,1,0,0,1,0,1,1,0,1,2,1,0,,,,,,
27-6-2024  14:30 PDT,Zc@rt2024007,2,"2,297",10,60,1,0,0,2,0,1,1,1,1,2,0,0,1,0,1,,,,,,
27-6-2024  14:28 PDT,Zc@rt2024007,3,"2,095",16,60,1,0,0,3,0,0,1,0,0,0,1,1,1,2,1,,,,,,
27-6-2024  14:54 PDT,Zc@rt2024008,1,"1,547",1,60,1,1,1,1,0,0,1,0,1,1,0,1,2,1,0,,,,,,
27-6-2024  14:52 PDT,Zc@rt2024008,1,605,13,12,1,1,0,1,0,0,1,0,0,0,1,1,1,2,1,,,,,,
27-6-2024  14:52 PDT,Zc@rt2024008,2,814,6,60,1,1,0,2,0,0,1,0,1,1,0,1,2,1,0,,,,,,
27-6-2024  14:50 PDT,Zc@rt2024008,3,"1,040",2,60,1,1,0,3,0,1,1,0,1,1,0,1,2,1,0,,,,,,
27-6-2024  14:48 PDT,Zc@rt2024008,4,286,18,60,1,1,0,4,0,0,1,0,0,0,1,1,1,2,1,,,,,,
27-6-2024  14:34 PDT,Zc@rt2024008,1,892,1,12,1,0,0,1,0,0,1,0,1,1,0,1,2,1,0,,,,,,
27-6-2024  14:33 PDT,Zc@rt2024008,2,"2,102",13,48,1,0,0,2,0,1,1,0,0,0,1,1,1,2,1,,,,,,
27-6-2024  14:32 PDT,Zc@rt2024008,3,"1,781",12,36,1,0,0,3,0,0,1,0,1,1,0,1,2,1,0,,,,,,
27-6-2024  14:30 PDT,Zc@rt2024008,4,"2,075",13,60,1,0,0,4,0,0,1,0,0,0,1,1,1,2,1,,,,,,
27-6-2024  14:28 PDT,Zc@rt2024008,5,"1,751",5,48,1,0,0,5,0,0,1,0,1,1,0,1,2,1,0,,,,,,
27-6-2024  14:54 PDT,Zc@rt2024010,1,"1,755",2,60,1,1,1,1,0,0,1,1,1,2,0,0,1,0,1,,,,,,
27-6-2024  14:50 PDT,Zc@rt2024010,1,"2,019",2,60,1,1,0,1,0,1,1,1,1,2,0,0,1,0,1,,,,,,
27-6-2024  14:49 PDT,Zc@rt2024010,2,"1,390",8,60,1,1,0,2,0,0,1,0,1,1,0,1,2,1,0,,,,,,
27-6-2024  14:47 PDT,Zc@rt2024010,3,-679,27,60,1,1,0,3,0,0,1,0,0,0,1,1,1,2,1,,,,,,
27-6-2024  14:35 PDT,Zc@rt2024010,1,"2,185",12,60,1,0,0,1,0,0,1,1,1,2,0,0,1,0,1,,,,,,
27-6-2024  14:31 PDT,Zc@rt2024010,2,"2,399",15,60,1,0,0,2,0,0,1,1,0,1,1,0,0,1,2,,,,,,
27-6-2024  14:30 PDT,Zc@rt2024010,3,"2,234",17,48,1,0,0,3,0,0,1,1,0,1,1,0,0,1,2,,,,,,
27-6-2024  14:29 PDT,Zc@rt2024010,4,"2,339",13,60,1,0,0,4,0,0,1,1,0,1,1,0,0,1,2,,,,,,
27-6-2024  14:28 PDT,Zc@rt2024010,5,"2,398",5,60,1,0,0,5,0,0,1,1,1,2,0,0,1,0,1,,,,,,
27-6-2024  14:54 PDT,Zc@rt2024011,1,481,1,12,1,1,1,1,0,0,1,0,1,1,0,1,2,1,0,,,,,,
27-6-2024  14:51 PDT,Zc@rt2024011,1,"1,979",1,60,1,1,0,1,0,0,1,1,1,2,0,0,1,0,1,,,,,,
27-6-2024  14:44 PDT,Zc@rt2024011,1,"2,331",8,60,1,0,0,1,0,0,1,1,1,2,0,0,1,0,1,,,,,,
27-6-2024  15:03 PDT,Zc@rt2024012,1,"1,410",0,60,1,1,1,1,0,0,1,0,1,1,0,1,2,1,0,,,,,,
27-6-2024  14:49 PDT,Zc@rt2024012,1,"1,527",1,60,1,1,0,1,0,0,1,0,1,1,0,1,2,1,0,,,,,,
27-6-2024  14:33 PDT,Zc@rt2024012,1,"2,203",11,60,1,0,0,1,0,0,1,1,1,2,0,0,1,0,1,,,,,,
27-6-2024  14:55 PDT,Zc@rt2024013,1,"1,027",37,60,1,1,1,1,0,0,1,0,0,0,1,1,1,2,1,,,,,,
27-6-2024  14:48 PDT,Zc@rt2024013,1,"1,790",2,60,1,1,0,1,0,0,1,1,1,2,0,0,1,0,1,,,,,,
27-6-2024  14:30 PDT,Zc@rt2024013,1,"2,242",5,60,1,0,0,1,0,0,1,1,1,2,0,0,1,0,1,,,,,,
27-6-2024  14:55 PDT,Zc@rt2024015,1,"1,251",20,48,1,1,1,1,0,0,1,0,0,0,1,1,1,2,1,,,,,,
27-6-2024  14:54 PDT,Zc@rt2024015,2,"1,357",6,60,1,1,1,2,0,0,1,0,1,1,0,1,2,1,0,,,,,,
27-6-2024  14:51 PDT,Zc@rt2024015,1,581,28,60,1,1,0,1,0,0,1,0,0,0,1,1,1,2,1,,,,,,
27-6-2024  14:50 PDT,Zc@rt2024015,2,"1,927",0,60,1,1,0,2,0,0,1,1,1,2,0,0,1,0,1,,,,,,
27-6-2024  14:34 PDT,Zc@rt2024015,1,"1,634",20,36,1,0,0,1,0,0,1,0,0,0,1,1,1,2,1,,,,,,
25-7-2024  10:04 PDT,Zc@rt2024016,1,"2,086",2,60,1,0,0,1,0,0,1,0,1,1,0,1,2,1,0,,,,,,
25-7-2024  10:03 PDT,Zc@rt2024016,2,752,44,60,1,0,0,2,0,0,1,0,0,0,1,1,1,2,1,,,,,,
27-6-2024  16:25 PDT,Zc@rt2024051,1,"1,437",0,60,1,1,1,1,0,1,1,0,1,1,0,1,2,1,0,,,,,,
27-6-2024  16:24 PDT,Zc@rt2024051,2,"1,357",23,60,1,1,1,2,0,0,1,0,0,0,1,1,1,2,1,,,,,,
27-6-2024  16:23 PDT,Zc@rt2024051,3,"1,345",7,60,1,1,1,3,0,0,1,0,1,1,0,1,2,1,0,,,,,,
27-6-2024  16:22 PDT,Zc@rt2024051,1,"2,023",2,60,1,1,0,1,0,0,1,1,1,2,0,0,1,0,1,,,,,,
27-6-2024  16:12 PDT,Zc@rt2024051,2,"2,023",2,60,1,1,0,2,0,0,1,1,1,2,0,0,1,0,1,,,,,,
27-6-2024  15:57 PDT,Zc@rt2024051,1,"2,086",2,60,1,0,0,1,0,0,1,0,1,1,0,1,2,1,0,,,,,,
27-6-2024  15:57 PDT,Zc@rt2024051,2,"2,187",12,60,1,0,0,2,0,0,1,1,1,2,0,0,1,0,1,,,,,,
27-6-2024  15:56 PDT,Zc@rt2024051,3,"2,232",3,60,1,0,0,3,0,1,1,1,1,2,0,0,1,0,1,,,,,,
27-6-2024  15:53 PDT,Zc@rt2024051,4,"2,220",4,60,1,0,0,4,0,0,1,1,1,2,0,0,1,0,1,,,,,,
27-6-2024  16:25 PDT,Zc@rt2024053,1,972,39,36,1,1,1,1,0,0,1,0,0,0,1,1,1,2,1,,,,,,
27-6-2024  16:24 PDT,Zc@rt2024053,2,"1,510",16,60,1,1,1,2,0,1,1,0,0,0,1,1,1,2,1,,,,,,
27-6-2024  16:22 PDT,Zc@rt2024053,3,493,44,60,1,1,1,3,0,0,1,0,0,0,1,1,1,2,1,,,,,,
27-6-2024  16:21 PDT,Zc@rt2024053,1,"1,749",2,60,1,1,0,1,0,1,1,1,1,2,0,0,1,0,1,,,,,,
27-6-2024  16:15 PDT,Zc@rt2024053,2,-138,26,60,1,1,0,2,0,0,1,0,0,0,1,1,1,2,1,,,,,,
27-6-2024  16:14 PDT,Zc@rt2024053,3,-367,15,60,1,1,0,3,0,0,1,0,0,0,1,1,1,2,1,,,,,,
27-6-2024  16:13 PDT,Zc@rt2024053,4,0,28,36,1,1,0,4,0,0,1,0,0,0,1,1,1,2,1,,,,,,
27-6-2024  16:12 PDT,Zc@rt2024053,5,988,11,60,1,1,0,5,0,0,1,0,1,1,0,1,2,1,0,,,,,,
27-6-2024  16:07 PDT,Zc@rt2024053,1,"1,998",12,48,1,0,0,1,0,0,1,0,1,1,0,1,2,1,0,,,,,,
27-6-2024  16:05 PDT,Zc@rt2024053,2,"2,317",12,60,1,0,0,2,0,0,1,1,1,2,0,0,1,0,1,,,,,,
27-6-2024  16:00 PDT,Zc@rt2024053,3,"1,954",10,48,1,0,0,3,0,0,1,0,1,1,0,1,2,1,0,,,,,,
27-6-2024  15:58 PDT,Zc@rt2024053,4,"2,319",7,60,1,0,0,4,0,1,1,1,1,2,0,0,1,0,1,,,,,,
27-6-2024  16:25 PDT,Zc@rt2024054,1,"1,412",11,60,1,1,1,1,0,0,1,0,1,1,0,1,2,1,0,,,,,,
27-6-2024  16:24 PDT,Zc@rt2024054,2,"1,294",0,60,1,1,1,2,0,0,1,0,1,1,0,1,2,1,0,,,,,,
27-6-2024  16:23 PDT,Zc@rt2024054,3,"1,517",47,60,1,1,1,3,0,1,1,0,0,0,1,1,1,2,1,,,,,,
27-6-2024  16:22 PDT,Zc@rt2024054,4,371,47,60,1,1,1,4,0,0,1,0,0,0,1,1,1,2,1,,,,,,
27-6-2024  16:20 PDT,Zc@rt2024054,1,529,14,60,1,1,0,1,0,0,1,0,0,0,1,1,1,2,1,,,,,,
27-6-2024  16:16 PDT,Zc@rt2024054,2,"1,857",1,60,1,1,0,2,0,1,1,1,1,2,0,0,1,0,1,,,,,,
27-6-2024  16:14 PDT,Zc@rt2024054,3,"1,718",1,60,1,1,0,3,0,0,1,1,1,2,0,0,1,0,1,,,,,,
27-6-2024  16:13 PDT,Zc@rt2024054,4,"1,745",3,60,1,1,0,4,0,0,1,1,1,2,0,0,1,0,1,,,,,,
27-6-2024  16:12 PDT,Zc@rt2024054,5,"-3,906",40,60,1,1,0,5,0,0,0,0,0,0,1,1,1,2,1,,,,,,
27-6-2024  16:09 PDT,Zc@rt2024054,1,"2,055",5,60,1,0,0,1,0,0,1,0,1,1,0,1,2,1,0,,,,,,
27-6-2024  16:08 PDT,Zc@rt2024054,2,752,44,60,1,0,0,2,0,0,1,0,0,0,1,1,1,2,1,,,,,,
27-6-2024  16:04 PDT,Zc@rt2024054,3,"2,415",10,60,1,0,0,3,0,0,1,1,1,2,0,0,1,0,1,,,,,,
27-6-2024  15:58 PDT,Zc@rt2024054,4,"2,362",12,60,1,0,0,4,0,0,1,1,1,2,0,0,1,0,1,,,,,,
27-6-2024  15:57 PDT,Zc@rt2024054,5,"1,697",14,60,1,0,0,5,0,0,1,0,0,0,1,1,1,2,1,,,,,,
27-6-2024  15:56 PDT,Zc@rt2024054,6,"2,024",11,60,1,0,0,6,0,0,1,0,1,1,0,1,2,1,0,,,,,,
27-6-2024  15:55 PDT,Zc@rt2024054,7,"2,249",8,60,1,0,0,7,0,0,1,1,1,2,0,0,1,0,1,,,,,,
27-6-2024  15:54 PDT,Zc@rt2024054,8,"2,146",6,60,1,0,0,8,0,0,1,1,1,2,0,0,1,0,1,,,,,,
27-6-2024  16:27 PDT,Zc@rt2024055,1,"1,615",7,60,1,1,1,1,0,1,1,0,1,1,0,1,2,1,0,,,,,,
27-6-2024  16:23 PDT,Zc@rt2024055,2,"1,531",3,60,1,1,1,2,0,0,1,0,1,1,0,1,2,1,0,,,,,,
27-6-2024  16:22 PDT,Zc@rt2024055,3,"1,817",7,60,1,1,1,3,0,0,1,1,1,2,0,0,1,0,1,,,,,,
27-6-2024  16:22 PDT,Zc@rt2024055,4,"1,169",35,60,1,1,1,4,0,0,1,0,0,0,1,1,1,2,1,,,,,,
27-6-2024  16:18 PDT,Zc@rt2024055,1,964,16,60,1,1,0,1,0,0,1,0,0,0,1,1,1,2,1,,,,,,
27-6-2024  16:17 PDT,Zc@rt2024055,2,-422,16,60,1,1,0,2,0,0,1,0,0,0,1,1,1,2,1,,,,,,
27-6-2024  16:16 PDT,Zc@rt2024055,3,"-1,245",0,60,1,1,0,3,0,0,1,0,1,1,0,1,2,1,0,,,,,,
27-6-2024  16:14 PDT,Zc@rt2024055,4,"-4,940",49,60,1,1,0,4,0,0,0,0,0,0,1,1,1,2,1,,,,,,
27-6-2024  16:13 PDT,Zc@rt2024055,5,"-3,297",70,60,1,1,0,5,0,0,0,0,0,0,1,1,1,2,1,,,,,,
27-6-2024  15:58 PDT,Zc@rt2024055,1,"1,463",20,60,1,0,0,1,0,0,1,0,0,0,1,1,1,2,1,,,,,,
27-6-2024  15:57 PDT,Zc@rt2024055,2,"1,138",3,12,1,0,0,2,0,0,1,0,1,1,0,1,2,1,0,,,,,,
27-6-2024  15:57 PDT,Zc@rt2024055,3,"1,939",7,60,1,0,0,3,0,0,1,0,1,1,0,1,2,1,0,,,,,,
27-6-2024  15:56 PDT,Zc@rt2024055,4,"2,399",15,60,1,0,0,4,0,0,1,1,0,1,1,0,0,1,2,,,,,,
27-6-2024  15:55 PDT,Zc@rt2024055,5,"2,241",18,60,1,0,0,5,0,0,1,1,0,1,1,0,0,1,2,,,,,,
27-6-2024  16:25 PDT,Zc@rt2024056,1,"1,455",10,60,1,1,1,1,0,1,1,0,1,1,0,1,2,1,0,,,,,,
27-6-2024  16:24 PDT,Zc@rt2024056,2,"1,395",13,60,1,1,1,2,0,0,1,0,0,0,1,1,1,2,1,,,,,,
27-6-2024  16:22 PDT,Zc@rt2024056,3,-699,99,48,1,1,1,3,0,0,1,0,0,0,1,1,1,2,1,,,,,,
27-6-2024  16:21 PDT,Zc@rt2024056,4,828,47,60,1,1,1,4,0,0,1,0,0,0,1,1,1,2,1,,,,,,
27-6-2024  16:16 PDT,Zc@rt2024056,1,"2,058",1,60,1,1,0,1,0,1,1,1,1,2,0,0,1,0,1,,,,,,
27-6-2024  16:15 PDT,Zc@rt2024056,2,"1,967",0,60,1,1,0,2,0,0,1,1,1,2,0,0,1,0,1,,,,,,
27-6-2024  16:13 PDT,Zc@rt2024056,3,"2,052",1,60,1,1,0,3,0,1,1,1,1,2,0,0,1,0,1,,,,,,
27-6-2024  16:12 PDT,Zc@rt2024056,4,-679,27,60,1,1,0,4,0,0,1,0,0,0,1,1,1,2,1,,,,,,
27-6-2024  16:08 PDT,Zc@rt2024056,1,752,44,60,1,0,0,6,0,0,1,0,0,0,1,1,1,2,1,,,,,,
27-6-2024  16:06 PDT,Zc@rt2024056,2,"2,327",5,60,1,0,0,7,0,1,1,1,1,2,0,0,1,0,1,,,,,,
27-6-2024  15:56 PDT,Zc@rt2024056,3,"2,174",8,60,1,0,0,8,0,0,1,1,1,2,0,0,1,0,1,,,,,,
27-6-2024  16:23 PDT,Zc@rt2024057,1,"2,025",1,60,1,1,1,1,0,0,1,1,1,2,0,0,1,0,1,,,,,,
27-6-2024  16:14 PDT,Zc@rt2024057,1,"2,120",5,60,1,1,0,1,0,0,1,1,1,2,0,0,1,0,1,,,,,,
27-6-2024  15:57 PDT,Zc@rt2024057,1,"2,301",13,60,1,0,0,9,0,0,1,1,0,1,1,0,0,1,2,,,,,,
27-6-2024  16:25 PDT,Zc@rt2024058,1,"1,693",41,60,1,1,0,1,0,0,1,1,0,1,1,0,0,1,2,,,,,,
27-6-2024  16:22 PDT,Zc@rt2024058,1,"1,600",43,60,1,1,1,1,0,0,1,0,0,0,1,1,1,2,1,,,,,,
27-6-2024  16:20 PDT,Zc@rt2024058,2,"1,971",33,60,1,1,0,2,0,0,1,1,0,1,1,0,0,1,2,,,,,,
27-6-2024  16:17 PDT,Zc@rt2024058,3,784,38,60,1,1,0,3,0,0,1,0,0,0,1,1,1,2,1,,,,,,
27-6-2024  16:14 PDT,Zc@rt2024058,4,"1,082",4,60,1,1,0,4,0,0,1,0,1,1,0,1,2,1,0,,,,,,
27-6-2024  16:12 PDT,Zc@rt2024058,5,"1,356",39,60,1,1,0,5,0,0,1,0,0,0,1,1,1,2,1,,,,,,
27-6-2024  15:58 PDT,Zc@rt2024058,1,"2,520",3,60,1,0,0,1,0,0,1,1,1,2,0,0,1,0,1,,,,,,
27-6-2024  15:56 PDT,Zc@rt2024058,2,"2,275",7,60,1,0,0,2,0,0,1,1,1,2,0,0,1,0,1,,,,,,
27-6-2024  15:55 PDT,Zc@rt2024058,3,"1,138",3,12,1,0,0,3,0,0,1,0,1,1,0,1,2,1,0,,,,,,
27-6-2024  15:55 PDT,Zc@rt2024058,4,"2,577",12,60,1,0,0,4,0,1,1,1,1,2,0,0,1,0,1,,,,,,
27-6-2024  15:53 PDT,Zc@rt2024058,5,"2,399",15,60,1,0,0,5,0,0,1,1,0,1,1,0,0,1,2,,,,,,
27-6-2024  15:52 PDT,Zc@rt2024058,6,752,44,60,1,0,0,6,0,0,1,0,0,0,1,1,1,2,1,,,,,,
27-6-2024  16:25 PDT,Zc@rt2024059,1,"1,403",33,60,1,1,1,1,0,0,1,0,0,0,1,1,1,2,1,,,,,,
27-6-2024  16:25 PDT,Zc@rt2024059,2,"1,639",25,60,1,1,1,2,0,0,1,0,0,0,1,1,1,2,1,,,,,,
27-6-2024  16:24 PDT,Zc@rt2024059,3,"1,181",47,60,1,1,1,3,0,0,1,0,0,0,1,1,1,2,1,,,,,,
27-6-2024  16:24 PDT,Zc@rt2024059,4,"2,053",9,60,1,1,1,4,0,1,1,1,1,2,0,0,1,0,1,,,,,,
27-6-2024  16:23 PDT,Zc@rt2024059,5,"1,057",36,60,1,1,1,5,0,0,1,0,0,0,1,1,1,2,1,,,,,,
27-6-2024  16:22 PDT,Zc@rt2024059,6,"2,043",2,60,1,1,1,6,0,0,1,1,1,2,0,0,1,0,1,,,,,,
27-6-2024  16:22 PDT,Zc@rt2024059,7,930,47,60,1,1,1,7,0,0,1,0,0,0,1,1,1,2,1,,,,,,
27-6-2024  16:20 PDT,Zc@rt2024059,1,654,57,12,1,1,0,1,0,0,1,0,0,0,1,1,1,2,1,,,,,,
27-6-2024  16:19 PDT,Zc@rt2024059,2,529,14,60,1,1,0,2,0,0,1,0,0,0,1,1,1,2,1,,,,,,
27-6-2024  16:17 PDT,Zc@rt2024059,3,"1,911",3,60,1,1,0,3,0,1,1,1,1,2,0,0,1,0,1,,,,,,
27-6-2024  16:17 PDT,Zc@rt2024059,4,"1,690",10,60,1,1,0,4,0,0,1,1,1,2,0,0,1,0,1,,,,,,
27-6-2024  16:15 PDT,Zc@rt2024059,5,-173,35,60,1,1,0,5,0,0,1,0,0,0,1,1,1,2,1,,,,,,
27-6-2024  16:15 PDT,Zc@rt2024059,6,"1,623",7,60,1,1,0,6,0,0,1,0,1,1,0,1,2,1,0,,,,,,
27-6-2024  16:14 PDT,Zc@rt2024059,7,"1,094",3,60,1,1,0,7,0,0,1,0,1,1,0,1,2,1,0,,,,,,
27-6-2024  16:14 PDT,Zc@rt2024059,8,"1,979",1,60,1,1,0,8,0,1,1,1,1,2,0,0,1,0,1,,,,,,
27-6-2024  16:12 PDT,Zc@rt2024059,9,"1,921",0,60,1,1,0,9,0,0,1,1,1,2,0,0,1,0,1,,,,,,
27-6-2024  16:13 PDT,Zc@rt2024059,10,"1,396",13,60,1,1,0,10,0,0,1,0,0,0,1,1,1,2,1,,,,,,
27-6-2024  15:58 PDT,Zc@rt2024059,1,"2,558",8,60,1,0,0,1,0,1,1,1,1,2,0,0,1,0,1,,,,,,
27-6-2024  15:57 PDT,Zc@rt2024059,2,"2,602",4,60,1,0,0,2,0,0,1,1,1,2,0,0,1,0,1,,,,,,
27-6-2024  15:58 PDT,Zc@rt2024059,3,"2,157",7,60,1,0,0,3,0,0,1,1,1,2,0,0,1,0,1,,,,,,
27-6-2024  15:56 PDT,Zc@rt2024059,4,"2,409",4,60,1,0,0,4,0,0,1,1,1,2,0,0,1,0,1,,,,,,
27-6-2024  15:56 PDT,Zc@rt2024059,5,"2,075",13,60,1,0,0,5,0,0,1,0,0,0,1,1,1,2,1,,,,,,
27-6-2024  16:25 PDT,Zc@rt2024060,1,"1,467",3,60,1,1,1,1,0,0,1,0,1,1,0,1,2,1,0,,,,,,
27-6-2024  16:24 PDT,Zc@rt2024060,2,"1,372",8,60,1,1,1,2,0,0,1,0,1,1,0,1,2,1,0,,,,,,
27-6-2024  16:23 PDT,Zc@rt2024060,3,"1,502",4,60,1,1,1,3,0,0,1,0,1,1,0,1,2,1,0,,,,,,
27-6-2024  16:21 PDT,Zc@rt2024060,4,"1,880",3,60,1,1,1,4,0,1,1,1,1,2,0,0,1,0,1,,,,,,
27-6-2024  16:16 PDT,Zc@rt2024060,1,"2,026",1,60,1,1,0,1,0,1,1,1,1,2,0,0,1,0,1,,,,,,
27-6-2024  16:16 PDT,Zc@rt2024060,2,"1,870",1,60,1,1,0,2,0,0,1,1,1,2,0,0,1,0,1,,,,,,
27-6-2024  16:15 PDT,Zc@rt2024060,3,"1,843",2,60,1,1,0,3,0,0,1,1,1,2,0,0,1,0,1,,,,,,
27-6-2024  16:14 PDT,Zc@rt2024060,4,"1,983",1,60,1,1,0,4,0,0,1,1,1,2,0,0,1,0,1,,,,,,
27-6-2024  16:13 PDT,Zc@rt2024060,5,"1,919",1,60,1,1,0,5,0,0,1,1,1,2,0,0,1,0,1,,,,,,
27-6-2024  16:12 PDT,Zc@rt2024060,6,"1,847",2,60,1,1,0,6,0,0,1,1,1,2,0,0,1,0,1,,,,,,
27-6-2024  16:11 PDT,Zc@rt2024060,7,"1,365",6,60,1,1,0,7,0,0,1,0,1,1,0,1,2,1,0,,,,,,
27-6-2024  15:58 PDT,Zc@rt2024060,1,"2,331",3,60,1,0,0,6,0,1,1,1,1,2,0,0,1,0,1,,,,,,
27-6-2024  15:57 PDT,Zc@rt2024060,2,"2,286",4,60,1,0,0,7,0,0,1,1,1,2,0,0,1,0,1,,,,,,
27-6-2024  15:56 PDT,Zc@rt2024060,3,"2,291",4,60,1,0,0,8,0,0,1,1,1,2,0,0,1,0,1,,,,,,
27-6-2024  15:54 PDT,Zc@rt2024060,4,"2,204",5,60,1,0,0,9,0,0,1,1,1,2,0,0,1,0,1,,,,,,
27-6-2024  16:25 PDT,Zc@rt2024061,1,"-2,266",100,60,1,1,1,1,0,0,0,0,0,0,1,1,1,2,1,,,,,,
27-6-2024  16:24 PDT,Zc@rt2024061,2,"1,403",8,60,1,1,1,2,0,0,1,0,1,1,0,1,2,1,0,,,,,,
27-6-2024  16:24 PDT,Zc@rt2024061,3,"1,640",9,60,1,1,1,3,0,1,1,0,1,1,0,1,2,1,0,,,,,,
27-6-2024  16:23 PDT,Zc@rt2024061,4,"1,345",7,60,1,1,1,4,0,0,1,0,1,1,0,1,2,1,0,,,,,,
27-6-2024  16:22 PDT,Zc@rt2024061,5,"1,594",2,60,1,1,1,5,0,0,1,0,1,1,0,1,2,1,0,,,,,,
27-6-2024  16:22 PDT,Zc@rt2024061,6,"1,364",11,60,1,1,1,6,0,0,1,0,1,1,0,1,2,1,0,,,,,,
27-6-2024  16:21 PDT,Zc@rt2024061,7,"1,534",21,60,1,1,1,7,0,0,1,0,0,0,1,1,1,2,1,,,,,,
27-6-2024  16:17 PDT,Zc@rt2024061,1,"2,026",1,60,1,1,0,1,0,1,1,1,1,2,0,0,1,0,1,,,,,,
27-6-2024  16:16 PDT,Zc@rt2024061,2,"1,659",5,60,1,1,0,2,0,0,1,0,1,1,0,1,2,1,0,,,,,,
27-6-2024  16:15 PDT,Zc@rt2024061,3,"1,161",9,60,1,1,0,3,0,0,1,0,1,1,0,1,2,1,0,,,,,,
27-6-2024  16:13 PDT,Zc@rt2024061,4,"2,026",1,60,1,1,0,4,0,0,1,1,1,2,0,0,1,0,1,,,,,,
27-6-2024  16:13 PDT,Zc@rt2024061,5,"1,808",1,60,1,1,0,5,0,0,1,1,1,2,0,0,1,0,1,,,,,,
27-6-2024  16:12 PDT,Zc@rt2024061,6,"1,833",0,60,1,1,0,6,0,0,1,1,1,2,0,0,1,0,1,,,,,,
27-6-2024  16:12 PDT,Zc@rt2024061,7,"-1,067",31,60,1,1,0,7,0,0,1,0,0,0,1,1,1,2,1,,,,,,
27-6-2024  16:03 PDT,Zc@rt2024061,1,"2,285",12,60,1,0,0,1,0,0,1,1,1,2,0,0,1,0,1,,,,,,
27-6-2024  16:00 PDT,Zc@rt2024061,2,"2,086",2,60,1,0,0,2,0,0,1,0,1,1,0,1,2,1,0,,,,,,
27-6-2024  15:58 PDT,Zc@rt2024061,3,"2,399",15,60,1,0,0,3,0,1,1,1,0,1,1,0,0,1,2,,,,,,
27-6-2024  15:57 PDT,Zc@rt2024061,4,"2,208",12,60,1,0,0,4,0,0,1,1,1,2,0,0,1,0,1,,,,,,
27-6-2024  15:56 PDT,Zc@rt2024061,5,"2,246",15,60,1,0,0,5,0,0,1,1,0,1,1,0,0,1,2,,,,,,
27-6-2024  15:56 PDT,Zc@rt2024061,6,"2,101",16,60,1,0,0,6,0,0,1,0,0,0,1,1,1,2,1,,,,,,
27-6-2024  15:55 PDT,Zc@rt2024061,7,"2,122",11,60,1,0,0,7,0,0,1,0,1,1,0,1,2,1,0,,,,,,
27-6-2024  16:39 PDT,Zc@rt2024062,1,"1,627",0,60,1,1,1,1,0,0,1,0,1,1,0,1,2,1,0,,,,,,
27-6-2024  16:25 PDT,Zc@rt2024062,2,"1,370",0,60,1,1,1,2,0,0,1,0,1,1,0,1,2,1,0,,,,,,
27-6-2024  16:24 PDT,Zc@rt2024062,3,"1,688",4,60,1,1,1,3,0,1,1,1,1,2,0,0,1,0,1,,,,,,
27-6-2024  16:23 PDT,Zc@rt2024062,4,"1,514",0,60,1,1,1,4,0,0,1,0,1,1,0,1,2,1,0,,,,,,
27-6-2024  16:22 PDT,Zc@rt2024062,5,"1,587",1,60,1,1,1,5,0,0,1,0,1,1,0,1,2,1,0,,,,,,
27-6-2024  16:16 PDT,Zc@rt2024062,1,"1,925",1,60,1,1,0,1,0,1,1,1,1,2,0,0,1,0,1,,,,,,
27-6-2024  16:15 PDT,Zc@rt2024062,2,400,11,60,1,1,0,2,0,0,1,0,1,1,0,1,2,1,0,,,,,,
27-6-2024  16:15 PDT,Zc@rt2024062,3,563,5,12,1,1,0,3,0,0,1,0,1,1,0,1,2,1,0,,,,,,
27-6-2024  16:14 PDT,Zc@rt2024062,4,121,20,60,1,1,0,4,0,0,1,0,0,0,1,1,1,2,1,,,,,,
27-6-2024  16:13 PDT,Zc@rt2024062,5,"1,517",2,60,1,1,0,5,0,0,1,0,1,1,0,1,2,1,0,,,,,,
27-6-2024  16:07 PDT,Zc@rt2024062,1,"2,326",5,60,1,0,0,1,0,0,1,1,1,2,0,0,1,0,1,,,,,,
27-6-2024  16:02 PDT,Zc@rt2024062,2,752,44,60,1,0,0,2,0,0,1,0,0,0,1,1,1,2,1,,,,,,
27-6-2024  16:02 PDT,Zc@rt2024062,3,"2,224",9,60,1,0,0,3,0,0,1,1,1,2,0,0,1,0,1,,,,,,
27-6-2024  15:58 PDT,Zc@rt2024062,4,"2,204",4,60,1,0,0,4,0,0,1,1,1,2,0,0,1,0,1,,,,,,
27-6-2024  15:57 PDT,Zc@rt2024062,5,"2,160",6,60,1,0,0,5,0,0,1,1,1,2,0,0,1,0,1,,,,,,
27-6-2024  15:56 PDT,Zc@rt2024062,6,"2,372",5,60,1,0,0,6,0,1,1,1,1,2,0,0,1,0,1,,,,,,
27-6-2024  16:25 PDT,Zc@rt2024063,1,"1,492",1,60,1,1,1,1,0,0,1,0,1,1,0,1,2,1,0,,,,,,
27-6-2024  16:24 PDT,Zc@rt2024063,2,"1,395",7,60,1,1,1,2,0,0,1,0,1,1,0,1,2,1,0,,,,,,
27-6-2024  16:23 PDT,Zc@rt2024063,3,"1,550",0,60,1,1,1,3,0,0,1,0,1,1,0,1,2,1,0,,,,,,
27-6-2024  16:23 PDT,Zc@rt2024063,4,"1,223",5,60,1,1,1,4,0,0,1,0,1,1,0,1,2,1,0,,,,,,
27-6-2024  16:22 PDT,Zc@rt2024063,5,"1,435",15,60,1,1,1,5,0,0,1,0,0,0,1,1,1,2,1,,,,,,
27-6-2024  16:22 PDT,Zc@rt2024063,6,"1,284",0,60,1,1,1,6,0,0,1,0,1,1,0,1,2,1,0,,,,,,
27-6-2024  16:21 PDT,Zc@rt2024063,7,"1,664",8,60,1,1,1,7,0,1,1,0,1,1,0,1,2,1,0,,,,,,
27-6-2024  16:20 PDT,Zc@rt2024063,1,"1,962",1,60,1,1,0,1,0,1,1,1,1,2,0,0,1,0,1,,,,,,
27-6-2024  16:20 PDT,Zc@rt2024063,2,"1,952",1,60,1,1,0,2,0,0,1,1,1,2,0,0,1,0,1,,,,,,
27-6-2024  16:19 PDT,Zc@rt2024063,3,"1,962",1,60,1,1,0,3,0,0,1,1,1,2,0,0,1,0,1,,,,,,
27-6-2024  16:18 PDT,Zc@rt2024063,4,"-3,998",100,60,1,1,0,4,0,0,0,0,0,0,1,1,1,2,1,,,,,,
27-6-2024  16:17 PDT,Zc@rt2024063,5,"1,925",0,60,1,1,0,5,0,0,1,1,1,2,0,0,1,0,1,,,,,,
27-6-2024  16:16 PDT,Zc@rt2024063,6,"1,833",0,60,1,1,0,6,0,0,1,1,1,2,0,0,1,0,1,,,,,,
27-6-2024  16:15 PDT,Zc@rt2024063,7,971,13,60,1,1,0,7,0,0,1,0,0,0,1,1,1,2,1,,,,,,
27-6-2024  16:14 PDT,Zc@rt2024063,8,"1,833",0,60,1,1,0,8,0,0,1,1,1,2,0,0,1,0,1,,,,,,
27-6-2024  16:13 PDT,Zc@rt2024063,9,675,15,60,1,1,0,9,0,0,1,0,0,0,1,1,1,2,1,,,,,,
27-6-2024  16:11 PDT,Zc@rt2024063,1,"1,987",4,60,1,0,0,1,0,0,1,0,1,1,0,1,2,1,0,,,,,,
27-6-2024  16:24 PDT,Zc@rt2024064,1,"2,287",2,60,1,1,1,1,0,1,1,1,1,2,0,0,1,0,1,,,,,,
27-6-2024  16:23 PDT,Zc@rt2024064,2,"1,241",36,60,1,1,1,2,0,0,1,0,0,0,1,1,1,2,1,,,,,,
27-6-2024  16:22 PDT,Zc@rt2024064,3,699,74,60,1,1,1,3,0,0,1,0,0,0,1,1,1,2,1,,,,,,
27-6-2024  16:22 PDT,Zc@rt2024064,4,"2,310",2,60,1,1,1,4,0,0,1,1,1,2,0,0,1,0,1,,,,,,
27-6-2024  16:21 PDT,Zc@rt2024064,5,"1,419",21,60,1,1,1,5,0,0,1,0,0,0,1,1,1,2,1,,,,,,
27-6-2024  16:20 PDT,Zc@rt2024064,1,"1,642",5,60,1,1,0,1,0,0,1,0,1,1,0,1,2,1,0,,,,,,
27-6-2024  16:17 PDT,Zc@rt2024064,2,651,21,60,1,1,0,2,0,0,1,0,0,0,1,1,1,2,1,,,,,,
27-6-2024  16:16 PDT,Zc@rt2024064,3,"-10,078",100,60,1,1,0,3,0,0,0,0,0,0,1,1,1,2,1,,,,,,
27-6-2024  16:14 PDT,Zc@rt2024064,4,581,28,60,1,1,0,4,0,0,1,0,0,0,1,1,1,2,1,,,,,,
27-6-2024  16:13 PDT,Zc@rt2024064,5,934,15,60,1,1,0,5,0,0,1,0,0,0,1,1,1,2,1,,,,,,
27-6-2024  16:10 PDT,Zc@rt2024064,1,"2,288",15,60,1,0,0,1,0,1,1,1,0,1,1,0,0,1,2,,,,,,
27-6-2024  15:57 PDT,Zc@rt2024064,2,"2,160",20,60,1,0,0,2,0,0,1,1,0,1,1,0,0,1,2,,,,,,
27-6-2024  15:56 PDT,Zc@rt2024064,3,"2,146",19,60,1,0,0,3,0,0,1,1,0,1,1,0,0,1,2,,,,,,
27-6-2024  15:54 PDT,Zc@rt2024064,4,"1,959",21,60,1,0,0,4,0,0,1,0,0,0,1,1,1,2,1,,,,,,
27-6-2024  16:25 PDT,Zc@rt2024065,1,"1,886",2,60,1,1,1,1,0,1,1,1,1,2,0,0,1,0,1,,,,,,
27-6-2024  16:24 PDT,Zc@rt2024065,2,"1,684",1,60,1,1,1,2,0,0,1,1,1,2,0,0,1,0,1,,,,,,
27-6-2024  16:23 PDT,Zc@rt2024065,3,"1,910",2,60,1,1,1,3,0,0,1,1,1,2,0,0,1,0,1,,,,,,
27-6-2024  16:23 PDT,Zc@rt2024065,4,418,0,12,1,1,1,4,0,0,1,0,1,1,0,1,2,1,0,,,,,,
27-6-2024  16:22 PDT,Zc@rt2024065,5,"1,522",3,60,1,1,1,5,0,0,1,0,1,1,0,1,2,1,0,,,,,,
27-6-2024  16:22 PDT,Zc@rt2024065,6,"1,566",1,60,1,1,1,6,0,0,1,0,1,1,0,1,2,1,0,,,,,,
27-6-2024  16:21 PDT,Zc@rt2024065,7,"1,347",0,60,1,1,1,7,0,0,1,0,1,1,0,1,2,1,0,,,,,,
27-6-2024  16:16 PDT,Zc@rt2024065,1,"1,794",0,60,1,1,0,1,0,0,1,1,1,2,0,0,1,0,1,,,,,,
27-6-2024  16:16 PDT,Zc@rt2024065,2,"1,281",3,60,1,1,0,2,0,0,1,0,1,1,0,1,2,1,0,,,,,,
27-6-2024  16:15 PDT,Zc@rt2024065,3,"1,717",0,60,1,1,0,3,0,0,1,1,1,2,0,0,1,0,1,,,,,,
27-6-2024  16:14 PDT,Zc@rt2024065,4,314,19,60,1,1,0,4,0,0,1,0,0,0,1,1,1,2,1,,,,,,
27-6-2024  16:14 PDT,Zc@rt2024065,5,"1,514",2,60,1,1,0,5,0,0,1,0,1,1,0,1,2,1,0,,,,,,
27-6-2024  16:13 PDT,Zc@rt2024065,6,"1,626",4,60,1,1,0,6,0,0,1,0,1,1,0,1,2,1,0,,,,,,
27-6-2024  16:13 PDT,Zc@rt2024065,6,"1,833",0,60,1,1,0,6,0,1,1,1,1,2,0,0,1,0,1,,,,,,
27-6-2024  16:12 PDT,Zc@rt2024065,7,217,2,60,1,1,0,7,0,0,1,0,1,1,0,1,2,1,0,,,,,,
27-6-2024  15:58 PDT,Zc@rt2024065,1,"2,339",6,60,1,0,0,1,0,1,1,1,1,2,0,0,1,0,1,,,,,,
27-6-2024  15:57 PDT,Zc@rt2024065,2,"2,195",6,60,1,0,0,2,0,0,1,1,1,2,0,0,1,0,1,,,,,,
27-6-2024  15:56 PDT,Zc@rt2024065,3,"1,520",19,60,1,0,0,3,0,0,1,0,0,0,1,1,1,2,1,,,,,,
27-6-2024  15:56 PDT,Zc@rt2024065,4,"2,283",8,60,1,0,0,4,0,0,1,1,1,2,0,0,1,0,1,,,,,,
27-6-2024  15:54 PDT,Zc@rt2024065,5,"2,258",5,60,1,0,0,5,0,0,1,1,1,2,0,0,1,0,1,,,,,,
27-6-2024  14:54 PDT,Zc@rt2024067,1,991,24,60,1,1,1,1,0,0,1,0,0,0,1,1,1,2,1,,,,,,
27-6-2024  14:53 PDT,Zc@rt2024067,2,"1,636",5,60,1,1,1,2,0,0,1,0,1,1,0,1,2,1,0,,,,,,
27-6-2024  14:52 PDT,Zc@rt2024067,1,"1,848",3,60,1,1,0,1,0,1,1,1,1,2,0,0,1,0,1,,,,,,
27-6-2024  14:49 PDT,Zc@rt2024067,2,929,12,60,1,1,0,2,0,0,1,0,1,1,0,1,2,1,0,,,,,,
27-6-2024  14:48 PDT,Zc@rt2024067,3,-18,11,48,1,1,0,3,0,0,1,0,1,1,0,1,2,1,0,,,,,,
27-6-2024  14:47 PDT,Zc@rt2024067,4,"-2,223",41,60,1,1,0,4,0,0,1,0,0,0,1,1,1,2,1,,,,,,
27-6-2024  14:36 PDT,Zc@rt2024067,1,752,44,60,1,0,0,1,0,0,1,0,0,0,1,1,1,2,1,,,,,,
27-6-2024  14:35 PDT,Zc@rt2024067,2,"1,398",28,60,1,0,0,2,0,0,1,0,0,0,1,1,1,2,1,,,,,,
27-6-2024  14:33 PDT,Zc@rt2024067,3,"2,446",16,60,1,0,0,3,0,1,1,1,0,1,1,0,0,1,2,,,,,,
27-6-2024  14:31 PDT,Zc@rt2024067,4,"2,399",15,60,1,0,0,4,0,0,1,1,0,1,1,0,0,1,2,,,,,,
27-6-2024  14:28 PDT,Zc@rt2024067,5,"2,619",9,60,1,0,0,5,0,0,1,1,1,2,0,0,1,0,1,,,,,,
25-7-2024  10:11 PDT,Zc@rt2024068,1,"2,224",9,60,1,0,0,1,0,1,1,1,1,2,0,0,1,0,1,,,,,,
25-7-2024  10:11 PDT,Zc@rt2024068,2,"1,138",3,12,1,0,0,2,0,0,1,0,1,1,0,1,2,1,0,,,,,,
25-7-2024  10:10 PDT,Zc@rt2024068,3,"1,718",9,60,1,0,0,3,0,0,1,0,1,1,0,1,2,1,0,,,,,,
29-10-2024 BV Tech,1,1,"2,222",8,60,2,0,0,1,0,0,1,1,1,2,0,0,1,0,1,,,,,,
29-10-2024 BV Tech,1,2,"1,967",25,60,2,0,0,2,0,0,1,0,0,0,1,1,1,2,1,,,,,,
29-10-2024 BV Tech,1,3,"2,416",6,60,2,0,0,3,0,0,1,1,1,2,0,0,1,0,1,,,,,,
29-10-2024 BV Tech,1,4,"2,509",3,60,2,0,0,4,0,1,1,1,1,2,0,0,1,0,1,,,,,,
29-10-2024 BV Tech,1,5,"2,092",8,60,2,0,0,5,0,0,1,0,1,1,0,1,2,1,0,,,,,,
29-10-2024 BV Tech,1,6,"2,593",4,60,2,0,0,6,0,0,1,1,1,2,0,0,1,0,1,,,,,,
29-10-2024 BV Tech,1,7,"2,128",7,60,2,0,0,7,0,0,1,1,1,2,0,0,1,0,1,,,,,,
29-10-2024 BV Tech,1,8,"2,267",2,60,2,0,0,8,0,0,1,1,1,2,0,0,1,0,1,,,,,,
29-10-2024 BV Tech,1,9,"2,217",6,60,2,0,0,9,0,0,1,1,1,2,0,0,1,0,1,,,,,,
29-10-2024 BV Tech,1,10,"2,268",4,60,2,0,0,10,0,0,1,1,1,2,0,0,1,0,1,,,,,,
29-10-2024 BV Tech,2,1,"2,034",11,60,2,0,0,1,0,0,1,0,1,1,0,1,2,1,0,,,,,,
29-10-2024 BV Tech,2,2,"1,803",15,60,2,0,0,2,0,0,1,0,0,0,1,1,1,2,1,,,,,,
29-10-2024 BV Tech,2,3,"2,121",6,60,2,0,0,3,0,0,1,0,1,1,0,1,2,1,0,,,,,,
29-10-2024 BV Tech,2,4,"2,156",4,60,2,0,0,4,0,0,1,1,1,2,0,0,1,0,1,,,,,,
29-10-2024 BV Tech,2,5,"2,360",15,60,2,0,0,5,0,0,1,1,0,1,1,0,0,1,2,,,,,,
29-10-2024 BV Tech,2,6,"2,146",8,60,2,0,0,6,0,0,1,1,1,2,0,0,1,0,1,,,,,,
29-10-2024 BV Tech,2,7,"2,134",8,60,2,0,0,7,0,0,1,1,1,2,0,0,1,0,1,,,,,,
29-10-2024 BV Tech,2,8,"2,140",11,60,2,0,0,8,0,0,1,1,1,2,0,0,1,0,1,,,,,,
29-10-2024 BV Tech,2,9,"2,183",4,60,2,0,0,9,0,0,1,1,1,2,0,0,1,0,1,,,,,,
29-10-2024 BV Tech,2,10,"2,428",2,60,2,0,0,10,0,1,1,1,1,2,0,0,1,0,1,,,,,,
29-10-2024 BV Tech,3,1,"2,316",7,60,2,0,0,1,0,0,1,1,1,2,0,0,1,0,1,,,,,,
29-10-2024 BV Tech,3,2,"2,186",8,60,2,0,0,2,0,0,1,1,1,2,0,0,1,0,1,,,,,,
29-10-2024 BV Tech,3,3,"1,843",33,60,2,0,0,3,0,0,1,0,0,0,1,1,1,2,1,,,,,,
29-10-2024 BV Tech,3,4,"2,337",8,60,2,0,0,4,0,0,1,1,1,2,0,0,1,0,1,,,,,,
29-10-2024 BV Tech,3,5,"2,389",9,60,2,0,0,5,0,1,1,1,1,2,0,0,1,0,1,,,,,,
29-10-2024 BV Tech,3,6,"2,143",8,60,2,0,0,6,0,0,1,1,1,2,0,0,1,0,1,,,,,,
29-10-2024 BV Tech,3,7,"2,797",0,60,2,0,0,7,0,0,1,1,1,2,0,0,1,0,1,,,,,,
29-10-2024 BV Tech,3,8,"2,348",6,60,2,0,0,8,0,0,1,1,1,2,0,0,1,0,1,,,,,,
29-10-2024 BV Tech,3,9,"2,045",5,60,2,0,0,9,0,0,1,0,1,1,0,1,2,1,0,,,,,,
29-10-2024 BV Tech,3,10,"2,101",7,60,2,0,0,10,0,0,1,0,1,1,0,1,2,1,0,,,,,,
29-10-2024 BV Tech,4,1,"2,118",9,60,2,0,0,1,0,0,1,0,1,1,0,1,2,1,0,,,,,,
29-10-2024 BV Tech,4,2,"2,406",6,60,2,0,0,2,0,0,1,1,1,2,0,0,1,0,1,,,,,,
29-10-2024 BV Tech,4,3,"2,088",16,60,2,0,0,3,0,0,1,0,0,0,1,1,1,2,1,,,,,,
29-10-2024 BV Tech,4,4,"2,112",12,60,2,0,0,4,0,0,1,0,1,1,0,1,2,1,0,,,,,,
29-10-2024 BV Tech,4,5,"2,217",10,60,2,0,0,5,0,0,1,1,1,2,0,0,1,0,1,,,,,,
29-10-2024 BV Tech,4,6,"2,212",15,60,2,0,0,6,0,0,1,1,0,1,1,0,0,1,2,,,,,,
29-10-2024 BV Tech,4,7,"2,089",5,60,2,0,0,7,0,0,1,0,1,1,0,1,2,1,0,,,,,,
29-10-2024 BV Tech,4,8,"2,643",5,60,2,0,0,8,0,0,1,1,1,2,0,0,1,0,1,,,,,,
29-10-2024 BV Tech,4,9,"3,138",0,60,2,0,0,9,0,1,1,1,1,2,0,0,1,0,1,,,,,,
29-10-2024 BV Tech,4,10,"2,286",4,60,2,0,0,10,0,0,1,1,1,2,0,0,1,0,1,,,,,,
29-10-2024 BV Tech,5,1,"2,418",9,60,2,0,0,1,0,1,1,1,1,2,0,0,1,0,1,,,,,,
29-10-2024 BV Tech,5,2,"2,197",4,60,2,0,0,2,0,0,1,1,1,2,0,0,1,0,1,,,,,,
29-10-2024 BV Tech,5,3,"1,988",12,60,2,0,0,3,0,0,1,0,1,1,0,1,2,1,0,,,,,,
29-10-2024 BV Tech,5,4,"2,012",7,60,2,0,0,4,0,0,1,0,1,1,0,1,2,1,0,,,,,,
29-10-2024 BV Tech,5,5,"2,026",7,60,2,0,0,5,0,0,1,0,1,1,0,1,2,1,0,,,,,,
29-10-2024 BV Tech,5,6,"1,973",11,60,2,0,0,6,0,0,1,0,1,1,0,1,2,1,0,,,,,,
29-10-2024 BV Tech,5,7,"2,067",10,60,2,0,0,7,0,0,1,0,1,1,0,1,2,1,0,,,,,,
29-10-2024 BV Tech,5,8,"2,187",11,60,2,0,0,8,0,0,1,1,1,2,0,0,1,0,1,,,,,,
29-10-2024 BV Tech,5,9,"2,271",6,60,2,0,0,9,0,0,1,1,1,2,0,0,1,0,1,,,,,,
29-10-2024 BV Tech,5,10,"2,198",11,60,2,0,0,10,0,0,1,1,1,2,0,0,1,0,1,,,,,,
29-10-2024 BV Tech,6,1,"2,444",4,60,2,0,0,1,0,0,1,1,1,2,0,0,1,0,1,,,,,,
29-10-2024 BV Tech,6,2,"2,227",8,60,2,0,0,2,0,0,1,1,1,2,0,0,1,0,1,,,,,,
29-10-2024 BV Tech,6,3,"2,258",9,60,2,0,0,3,0,0,1,1,1,2,0,0,1,0,1,,,,,,
29-10-2024 BV Tech,6,4,"2,247",3,60,2,0,0,4,0,0,1,1,1,2,0,0,1,0,1,,,,,,
29-10-2024 BV Tech,6,5,"2,434",13,60,2,0,0,5,0,0,1,1,0,1,1,0,0,1,2,,,,,,
29-10-2024 BV Tech,6,6,"2,116",7,60,2,0,0,6,0,0,1,0,1,1,0,1,2,1,0,,,,,,
29-10-2024 BV Tech,6,7,"2,543",4,60,2,0,0,7,0,1,1,1,1,2,0,0,1,0,1,,,,,,
29-10-2024 BV Tech,6,8,"2,252",7,60,2,0,0,8,0,0,1,1,1,2,0,0,1,0,1,,,,,,
29-10-2024 BV Tech,6,9,"2,310",7,60,2,0,0,9,0,0,1,1,1,2,0,0,1,0,1,,,,,,
29-10-2024 BV Tech,6,10,"2,217",10,60,2,0,0,10,0,0,1,1,1,2,0,0,1,0,1,,,,,,
29-10-2024 BV Tech,7,1,"2,184",12,60,2,0,0,1,0,0,1,1,1,2,0,0,1,0,1,,,,,,
29-10-2024 BV Tech,7,2,"2,215",8,60,2,0,0,2,0,0,1,1,1,2,0,0,1,0,1,,,,,,
29-10-2024 BV Tech,7,3,"2,142",8,60,2,0,0,3,0,0,1,1,1,2,0,0,1,0,1,,,,,,
29-10-2024 BV Tech,7,4,"2,024",5,60,2,0,0,4,0,0,1,0,1,1,0,1,2,1,0,,,,,,
29-10-2024 BV Tech,7,5,"2,095",23,60,2,0,0,5,0,0,1,0,0,0,1,1,1,2,1,,,,,,
29-10-2024 BV Tech,7,6,"2,333",11,60,2,0,0,6,0,0,1,1,1,2,0,0,1,0,1,,,,,,
29-10-2024 BV Tech,7,7,"2,243",8,60,2,0,0,7,0,0,1,1,1,2,0,0,1,0,1,,,,,,
29-10-2024 BV Tech,7,8,"2,468",3,60,2,0,0,8,0,1,1,1,1,2,0,0,1,0,1,,,,,,
29-10-2024 BV Tech,7,9,"2,456",7,60,2,0,0,9,0,0,1,1,1,2,0,0,1,0,1,,,,,,
29-10-2024 BV Tech,7,10,"2,243",9,60,2,0,0,10,0,0,1,1,1,2,0,0,1,0,1,,,,,,
29-10-2024 BV Tech,8,1,"2,192",6,60,2,0,0,1,0,0,1,1,1,2,0,0,1,0,1,,,,,,
29-10-2024 BV Tech,8,2,"2,256",10,60,2,0,0,2,0,0,1,1,1,2,0,0,1,0,1,,,,,,
29-10-2024 BV Tech,8,3,"2,203",10,60,2,0,0,3,0,0,1,1,1,2,0,0,1,0,1,,,,,,
29-10-2024 BV Tech,8,4,"2,174",5,60,2,0,0,4,0,0,1,1,1,2,0,0,1,0,1,,,,,,
29-10-2024 BV Tech,8,5,"1,982",19,60,2,0,0,5,0,0,1,0,0,0,1,1,1,2,1,,,,,,
29-10-2024 BV Tech,8,6,"2,447",2,60,2,0,0,6,0,1,1,1,1,2,0,0,1,0,1,,,,,,
29-10-2024 BV Tech,8,7,"2,132",5,60,2,0,0,7,0,0,1,1,1,2,0,0,1,0,1,,,,,,
29-10-2024 BV Tech,8,8,"2,009",3,60,2,0,0,8,0,0,1,0,1,1,0,1,2,1,0,,,,,,
29-10-2024 BV Tech,8,9,"2,258",2,60,2,0,0,9,0,0,1,1,1,2,0,0,1,0,1,,,,,,
29-10-2024 BV Tech,8,10,"2,371",4,60,2,0,0,10,0,0,1,1,1,2,0,0,1,0,1,,,,,,
29-10-2024 BV Tech,9,1,"2,280",9,60,2,0,0,1,0,0,1,1,1,2,0,0,1,0,1,,,,,,
29-10-2024 BV Tech,9,2,"2,284",11,60,2,0,0,2,0,0,1,1,1,2,0,0,1,0,1,,,,,,
29-10-2024 BV Tech,9,3,"2,155",7,60,2,0,0,3,0,0,1,1,1,2,0,0,1,0,1,,,,,,
29-10-2024 BV Tech,9,4,"2,281",13,60,2,0,0,4,0,0,1,1,0,1,1,0,0,1,2,,,,,,
29-10-2024 BV Tech,9,5,"1,761",26,60,2,0,0,5,0,0,1,0,0,0,1,1,1,2,1,,,,,,
29-10-2024 BV Tech,9,6,"2,219",7,60,2,0,0,6,0,0,1,1,1,2,0,0,1,0,1,,,,,,
29-10-2024 BV Tech,9,7,"2,256",12,60,2,0,0,7,0,0,1,1,1,2,0,0,1,0,1,,,,,,
29-10-2024 BV Tech,9,8,"3,270",0,60,2,0,0,8,0,1,1,1,1,2,0,0,1,0,1,,,,,,
29-10-2024 BV Tech,9,9,"2,295",5,60,2,0,0,9,0,0,1,1,1,2,0,0,1,0,1,,,,,,
29-10-2024 BV Tech,9,10,"2,163",4,60,2,0,0,10,0,0,1,1,1,2,0,0,1,0,1,,,,,,
29-10-2024 BV Tech,10,1,"2,212",8,60,2,0,0,1,0,0,1,1,1,2,0,0,1,0,1,,,,,,
29-10-2024 BV Tech,10,2,"2,618",3,60,2,0,0,2,0,0,1,1,1,2,0,0,1,0,1,,,,,,
29-10-2024 BV Tech,10,3,"1,965",18,60,2,0,0,3,0,0,1,0,0,0,1,1,1,2,1,,,,,,
29-10-2024 BV Tech,10,4,"2,488",14,60,2,0,0,4,0,1,1,1,0,1,1,0,0,1,2,,,,,,
29-10-2024 BV Tech,10,5,"2,219",11,60,2,0,0,5,0,0,1,1,1,2,0,0,1,0,1,,,,,,
29-10-2024 BV Tech,10,6,"2,351",11,60,2,0,0,6,0,0,1,1,1,2,0,0,1,0,1,,,,,,
29-10-2024 BV Tech,10,7,"2,290",12,60,2,0,0,7,0,0,1,1,1,2,0,0,1,0,1,,,,,,
29-10-2024 BV Tech,10,8,"2,329",10,60,2,0,0,8,0,0,1,1,1,2,0,0,1,0,1,,,,,,
29-10-2024 BV Tech,10,9,"2,089",5,60,2,0,0,9,0,0,1,0,1,1,0,1,2,1,0,,,,,,
29-10-2024 BV Tech,10,10,"2,217",3,60,2,0,0,10,0,0,1,1,1,2,0,0,1,0,1,,,,,,
29-10-2024 BV Tech,T01i,1,"2,396",24,60,1,0,0,1,0,1,1,1,0,1,1,0,0,1,2,,,,,,
29-10-2024 BV Tech,T01i,2,"2,457",25,60,1,0,0,2,0,0,1,1,0,1,1,0,0,1,2,,,,,,
29-10-2024 BV Tech,T01i,3,"2,317",22,60,1,0,0,3,0,0,1,1,0,1,1,0,0,1,2,,,,,,
29-10-2024 BV Tech,T01i,4,"2,325",20,60,1,0,0,4,0,0,1,1,0,1,1,0,0,1,2,,,,,,
29-10-2024 BV Tech,T01i,5,"2,403",19,60,1,0,0,5,0,0,1,1,0,1,1,0,0,1,2,,,,,,
29-10-2024 BV Tech,T01i,6,"2,346",19,60,1,0,0,6,0,0,1,1,0,1,1,0,0,1,2,,,,,,
29-10-2024 BV Tech,T01i,7,"2,157",14,60,1,0,0,7,0,0,1,1,0,1,1,0,0,1,2,,,,,,
29-10-2024 BV Tech,T01i,8,"2,223",12,60,1,0,0,8,0,0,1,1,1,2,0,0,1,0,1,,,,,,
29-10-2024 BV Tech,T01i,9,"2,283",15,60,1,0,0,9,0,0,1,1,0,1,1,0,0,1,2,,,,,,
29-10-2024 BV Tech,T01i,10,"2,153",10,60,1,0,0,10,0,0,1,1,1,2,0,0,1,0,1,,,,,,
29-10-2024 BV Tech,T02i,1,"2,147",22,60,1,0,0,1,0,0,1,1,0,1,1,0,0,1,2,,,,,,
29-10-2024 BV Tech,T02i,2,"2,212",20,60,1,0,0,2,0,0,1,1,0,1,1,0,0,1,2,,,,,,
29-10-2024 BV Tech,T02i,3,"2,043",11,60,1,0,0,3,0,0,1,0,1,1,0,1,2,1,0,,,,,,
29-10-2024 BV Tech,T02i,4,"2,238",21,60,1,0,0,4,0,0,1,1,0,1,1,0,0,1,2,,,,,,
29-10-2024 BV Tech,T02i,5,"2,265",15,60,1,0,0,5,0,1,1,1,0,1,1,0,0,1,2,,,,,,
29-10-2024 BV Tech,T02i,6,"2,076",12,60,1,0,0,6,0,0,1,0,1,1,0,1,2,1,0,,,,,,
29-10-2024 BV Tech,T02i,7,"2,120",10,60,1,0,0,7,0,0,1,0,1,1,0,1,2,1,0,,,,,,
29-10-2024 BV Tech,T02i,8,"2,195",10,60,1,0,0,8,0,0,1,1,1,2,0,0,1,0,1,,,,,,
29-10-2024 BV Tech,T02i,9,"2,173",8,60,1,0,0,9,0,0,1,1,1,2,0,0,1,0,1,,,,,,
29-10-2024 BV Tech,T02i,10,"1,968",6,60,1,0,0,10,0,0,1,0,1,1,0,1,2,1,0,,,,,,
29-10-2024 BV Tech,T03i,1,"2,183",37,60,1,0,0,1,0,0,1,1,0,1,1,0,0,1,2,,,,,,
29-10-2024 BV Tech,T03i,2,"2,312",22,60,1,0,0,2,0,0,1,1,0,1,1,0,0,1,2,,,,,,
29-10-2024 BV Tech,T03i,3,"2,343",23,60,1,0,0,3,0,1,1,1,0,1,1,0,0,1,2,,,,,,
29-10-2024 BV Tech,T03i,4,"2,263",21,60,1,0,0,4,0,0,1,1,0,1,1,0,0,1,2,,,,,,
29-10-2024 BV Tech,T03i,5,"2,248",18,60,1,0,0,5,0,0,1,1,0,1,1,0,0,1,2,,,,,,
29-10-2024 BV Tech,T03i,6,"2,248",18,60,1,0,0,6,0,0,1,1,0,1,1,0,0,1,2,,,,,,
29-10-2024 BV Tech,T03i,7,"2,306",19,60,1,0,0,7,0,0,1,1,0,1,1,0,0,1,2,,,,,,
29-10-2024 BV Tech,T03i,8,"2,303",19,60,1,0,0,8,0,0,1,1,0,1,1,0,0,1,2,,,,,,
29-10-2024 BV Tech,T03i,9,"2,287",18,60,1,0,0,9,0,0,1,1,0,1,1,0,0,1,2,,,,,,
29-10-2024 BV Tech,T03i,10,"2,274",18,60,1,0,0,10,0,0,1,1,0,1,1,0,0,1,2,,,,,,
29-10-2024 BV Tech,T04,1,"2,154",33,60,1,0,0,1,1,0,1,1,0,1,1,0,0,1,2,,,,,,
29-10-2024 BV Tech,T04,2,"2,273",35,60,1,0,0,2,1,0,1,1,0,1,1,0,0,1,2,,,,,,
29-10-2024 BV Tech,T04,3,"2,348",32,60,1,0,0,3,1,0,1,1,0,1,1,0,0,1,2,,,,,,
29-10-2024 BV Tech,T04,4,"2,233",30,60,1,0,0,4,1,0,1,1,0,1,1,0,0,1,2,,,,,,
29-10-2024 BV Tech,T04,5,"2,352",31,60,1,0,0,5,1,0,1,1,0,1,1,0,0,1,2,,,,,,
29-10-2024 BV Tech,T04,6,"2,309",30,60,1,0,0,6,1,0,1,1,0,1,1,0,0,1,2,,,,,,
29-10-2024 BV Tech,T04,7,"2,431",25,60,1,0,0,7,1,0,1,1,0,1,1,0,0,1,2,,,,,,
29-10-2024 BV Tech,T04,8,"2,493",20,60,1,0,0,8,1,1,1,1,0,1,1,0,0,1,2,,,,,,
29-10-2024 BV Tech,T04,9,"2,367",21,60,1,0,0,9,1,0,1,1,0,1,1,0,0,1,2,,,,,,
29-10-2024 BV Tech,T04,10,"2,281",15,60,1,0,0,10,1,0,1,1,0,1,1,0,0,1,2,,,,,,
29-10-2024 BV Tech,T05,1,"2,219",33,60,1,0,0,1,1,0,1,1,0,1,1,0,0,1,2,,,,,,
29-10-2024 BV Tech,T05,2,"2,153",26,60,1,0,0,2,1,0,1,1,0,1,1,0,0,1,2,,,,,,
29-10-2024 BV Tech,T05,3,"2,244",19,60,1,0,0,3,1,0,1,1,0,1,1,0,0,1,2,,,,,,
29-10-2024 BV Tech,T05,4,"2,391",17,60,1,0,0,4,1,1,1,1,0,1,1,0,0,1,2,,,,,,
29-10-2024 BV Tech,T05,5,"2,225",14,60,1,0,0,5,1,0,1,1,0,1,1,0,0,1,2,,,,,,
29-10-2024 BV Tech,T05,6,"2,149",12,60,1,0,0,6,1,0,1,1,1,2,0,0,1,0,1,,,,,,
29-10-2024 BV Tech,T05,7,"2,294",10,60,1,0,0,7,1,0,1,1,1,2,0,0,1,0,1,,,,,,
29-10-2024 BV Tech,T05,8,"2,077",9,60,1,0,0,8,1,0,1,0,1,1,0,1,2,1,0,,,,,,
29-10-2024 BV Tech,T05,9,"2,006",9,60,1,0,0,9,1,0,1,0,1,1,0,1,2,1,0,,,,,,
29-10-2024 BV Tech,T05,10,"1,994",6,60,1,0,0,10,1,0,1,0,1,1,0,1,2,1,0,,,,,,
29-10-2024 BV Tech,T06,1,"2,415",17,60,1,0,0,1,1,0,1,1,0,1,1,0,0,1,2,,,,,,
29-10-2024 BV Tech,T06,2,"2,428",15,60,1,0,0,2,1,1,1,1,0,1,1,0,0,1,2,,,,,,
29-10-2024 BV Tech,T06,3,"2,339",19,60,1,0,0,3,1,0,1,1,0,1,1,0,0,1,2,,,,,,
29-10-2024 BV Tech,T06,4,"2,354",18,60,1,0,0,4,1,0,1,1,0,1,1,0,0,1,2,,,,,,
29-10-2024 BV Tech,T06,5,"2,338",18,60,1,0,0,5,1,0,1,1,0,1,1,0,0,1,2,,,,,,
29-10-2024 BV Tech,T06,6,"2,302",16,60,1,0,0,6,1,0,1,1,0,1,1,0,0,1,2,,,,,,
29-10-2024 BV Tech,T06,7,"2,313",15,60,1,0,0,7,1,0,1,1,0,1,1,0,0,1,2,,,,,,
29-10-2024 BV Tech,T06,8,"2,383",16,60,1,0,0,8,1,0,1,1,0,1,1,0,0,1,2,,,,,,
29-10-2024 BV Tech,T06,9,"2,267",14,60,1,0,0,9,1,0,1,1,0,1,1,0,0,1,2,,,,,,
29-10-2024 BV Tech,T06,10,"2,302",12,60,1,0,0,10,1,0,1,1,1,2,0,0,1,0,1,,,,,,
29-10-2024 BV Tech,T07,1,"2,411",32,60,1,0,0,1,1,0,1,1,0,1,1,0,0,1,2,,,,,,
29-10-2024 BV Tech,T07,2,"2,525",22,60,1,0,0,2,1,1,1,1,0,1,1,0,0,1,2,,,,,,
29-10-2024 BV Tech,T07,3,"2,415",22,60,1,0,0,3,1,0,1,1,0,1,1,0,0,1,2,,,,,,
29-10-2024 BV Tech,T07,4,"2,459",21,60,1,0,0,4,1,0,1,1,0,1,1,0,0,1,2,,,,,,
29-10-2024 BV Tech,T07,5,"2,517",16,60,1,0,0,5,1,0,1,1,0,1,1,0,0,1,2,,,,,,
29-10-2024 BV Tech,T07,6,"2,340",20,60,1,0,0,6,1,0,1,1,0,1,1,0,0,1,2,,,,,,
29-10-2024 BV Tech,T07,7,"2,468",20,60,1,0,0,7,1,0,1,1,0,1,1,0,0,1,2,,,,,,
29-10-2024 BV Tech,T07,8,"2,287",20,60,1,0,0,8,1,0,1,1,0,1,1,0,0,1,2,,,,,,
29-10-2024 BV Tech,T07,9,"2,317",14,60,1,0,0,9,1,0,1,1,0,1,1,0,0,1,2,,,,,,
29-10-2024 BV Tech,T07,10,"2,334",15,60,1,0,0,10,1,0,1,1,0,1,1,0,0,1,2,,,,,,
29-10-2024 BV Tech,T08,1,"2,152",42,60,1,0,0,1,1,0,1,1,0,1,1,0,0,1,2,,,,,,
29-10-2024 BV Tech,T08,2,"2,275",41,60,1,0,0,2,1,0,1,1,0,1,1,0,0,1,2,,,,,,
29-10-2024 BV Tech,T08,3,"2,351",36,60,1,0,0,3,1,0,1,1,0,1,1,0,0,1,2,,,,,,
29-10-2024 BV Tech,T08,4,"2,471",31,60,1,0,0,4,1,0,1,1,0,1,1,0,0,1,2,,,,,,
29-10-2024 BV Tech,T08,5,"2,512",28,60,1,0,0,5,1,0,1,1,0,1,1,0,0,1,2,,,,,,
29-10-2024 BV Tech,T08,6,"2,522",29,60,1,0,0,6,1,0,1,1,0,1,1,0,0,1,2,,,,,,
29-10-2024 BV Tech,T08,7,"2,626",22,60,1,0,0,7,1,0,1,1,0,1,1,0,0,1,2,,,,,,
29-10-2024 BV Tech,T08,8,"2,585",22,60,1,0,0,8,1,0,1,1,0,1,1,0,0,1,2,,,,,,
29-10-2024 BV Tech,T08,9,"2,648",20,60,1,0,0,9,1,1,1,1,0,1,1,0,0,1,2,,,,,,
29-10-2024 BV Tech,T08,10,"2,508",19,60,1,0,0,10,1,0,1,1,0,1,1,0,0,1,2,,,,,,
29-10-2024 BV Tech,T09,1,"2,287",30,60,1,0,0,1,1,0,1,1,0,1,1,0,0,1,2,,,,,,
29-10-2024 BV Tech,T09,2,"2,434",26,60,1,0,0,2,1,0,1,1,0,1,1,0,0,1,2,,,,,,
29-10-2024 BV Tech,T09,3,"2,418",25,60,1,0,0,3,1,0,1,1,0,1,1,0,0,1,2,,,,,,
29-10-2024 BV Tech,T09,4,"2,410",26,60,1,0,0,4,1,0,1,1,0,1,1,0,0,1,2,,,,,,
29-10-2024 BV Tech,T09,5,"2,445",25,60,1,0,0,5,1,1,1,1,0,1,1,0,0,1,2,,,,,,
29-10-2024 BV Tech,T09,6,"2,342",23,60,1,0,0,6,1,0,1,1,0,1,1,0,0,1,2,,,,,,
29-10-2024 BV Tech,T09,7,"2,364",22,60,1,0,0,7,1,0,1,1,0,1,1,0,0,1,2,,,,,,
29-10-2024 BV Tech,T09,8,"2,438",21,60,1,0,0,8,1,0,1,1,0,1,1,0,0,1,2,,,,,,
29-10-2024 BV Tech,T09,9,"2,397",18,60,1,0,0,9,1,0,1,1,0,1,1,0,0,1,2,,,,,,
29-10-2024 BV Tech,T09,10,"2,424",15,60,1,0,0,10,1,0,1,1,0,1,1,0,0,1,2,,,,,,
29-10-2024 BV Tech,T10,1,"2,218",44,60,1,0,0,1,1,0,1,1,0,1,1,0,0,1,2,,,,,,
29-10-2024 BV Tech,T10,2,"2,368",36,60,1,0,0,2,1,0,1,1,0,1,1,0,0,1,2,,,,,,
29-10-2024 BV Tech,T10,3,"2,586",28,60,1,0,0,3,1,0,1,1,0,1,1,0,0,1,2,,,,,,
29-10-2024 BV Tech,T10,4,"2,589",27,60,1,0,0,4,1,1,1,1,0,1,1,0,0,1,2,,,,,,
29-10-2024 BV Tech,T10,5,"2,515",31,60,1,0,0,5,1,0,1,1,0,1,1,0,0,1,2,,,,,,
29-10-2024 BV Tech,T10,6,"2,515",31,60,1,0,0,6,1,0,1,1,0,1,1,0,0,1,2,,,,,,
29-10-2024 BV Tech,T10,7,"2,581",28,60,1,0,0,7,1,0,1,1,0,1,1,0,0,1,2,,,,,,
29-10-2024 BV Tech,T10,8,"2,568",28,60,1,0,0,8,1,0,1,1,0,1,1,0,0,1,2,,,,,,
29-10-2024 BV Tech,T10,9,"2,580",28,60,1,0,0,9,1,0,1,1,0,1,1,0,0,1,2,,,,,,
29-10-2024 BV Tech,T10,10,"2,570",27,60,1,0,0,10,1,0,1,1,0,1,1,0,0,1,2,,,,,,
29-10-2024 BV Tech,1C,1,"2,156",8,60,2,0,0,1,1,0,1,1,1,2,0,0,1,0,1,,,,,,
29-10-2024 BV Tech,1C,2,"2,107",9,60,2,0,0,2,1,0,1,0,1,1,0,1,2,1,0,,,,,,
29-10-2024 BV Tech,1C,3,"2,064",13,60,2,0,0,3,1,0,1,0,0,0,1,1,1,2,1,,,,,,
29-10-2024 BV Tech,1C,4,"2,181",8,60,2,0,0,4,1,0,1,1,1,2,0,0,1,0,1,,,,,,
29-10-2024 BV Tech,1C,5,"2,344",8,60,2,0,0,5,1,0,1,1,1,2,0,0,1,0,1,,,,,,
29-10-2024 BV Tech,1C,6,"2,430",14,60,2,0,0,6,1,0,1,1,0,1,1,0,0,1,2,,,,,,
29-10-2024 BV Tech,1C,7,"2,298",7,60,2,0,0,7,1,0,1,1,1,2,0,0,1,0,1,,,,,,
29-10-2024 BV Tech,1C,8,"3,269",0,60,2,0,0,8,1,1,1,1,1,2,0,0,1,0,1,,,,,,
29-10-2024 BV Tech,1C,9,"2,304",5,60,2,0,0,9,1,0,1,1,1,2,0,0,1,0,1,,,,,,
29-10-2024 BV Tech,1C,10,"3,117",0,60,2,0,0,10,1,0,1,1,1,2,0,0,1,0,1,,,,,,
29-10-2024 BV Tech,2C,1,"2,220",16,60,2,0,0,1,1,0,1,1,0,1,1,0,0,1,2,,,,,,
29-10-2024 BV Tech,2C,2,"1,938",24,60,2,0,0,2,1,0,1,0,0,0,1,1,1,2,1,,,,,,
29-10-2024 BV Tech,2C,3,"2,551",5,60,2,0,0,3,1,0,1,1,1,2,0,0,1,0,1,,,,,,
29-10-2024 BV Tech,2C,4,"2,016",8,60,2,0,0,4,1,0,1,0,1,1,0,1,2,1,0,,,,,,
29-10-2024 BV Tech,2C,5,"2,559",12,60,2,0,0,5,1,0,1,1,1,2,0,0,1,0,1,,,,,,
29-10-2024 BV Tech,2C,6,"2,508",6,60,2,0,0,6,1,0,1,1,1,2,0,0,1,0,1,,,,,,
29-10-2024 BV Tech,2C,7,"1,836",10,60,2,0,0,7,1,0,1,0,1,1,0,1,2,1,0,,,,,,
29-10-2024 BV Tech,2C,8,"2,396",3,60,2,0,0,8,1,0,1,1,1,2,0,0,1,0,1,,,,,,
29-10-2024 BV Tech,2C,9,"2,943",0,60,2,0,0,9,1,1,1,1,1,2,0,0,1,0,1,,,,,,
29-10-2024 BV Tech,2C,10,"2,300",11,60,2,0,0,10,1,0,1,1,1,2,0,0,1,0,1,,,,,,
29-10-2024 BV Tech,3C,1,"1,895",11,60,2,0,0,1,1,0,1,0,1,1,0,1,2,1,0,,,,,,
29-10-2024 BV Tech,3C,2,"1,889",18,60,2,0,0,2,1,0,1,0,0,0,1,1,1,2,1,,,,,,
29-10-2024 BV Tech,3C,3,"1,995",14,60,2,0,0,3,1,0,1,0,0,0,1,1,1,2,1,,,,,,
29-10-2024 BV Tech,3C,4,"1,830",24,60,2,0,0,4,1,0,1,0,0,0,1,1,1,2,1,,,,,,
29-10-2024 BV Tech,3C,5,"2,035",9,60,2,0,0,5,1,0,1,0,1,1,0,1,2,1,0,,,,,,
29-10-2024 BV Tech,3C,6,"2,197",17,60,2,0,0,6,1,0,1,1,0,1,1,0,0,1,2,,,,,,
29-10-2024 BV Tech,3C,7,"2,074",11,60,2,0,0,7,1,0,1,0,1,1,0,1,2,1,0,,,,,,
29-10-2024 BV Tech,3C,8,"3,327",0,60,2,0,0,8,1,1,1,1,1,2,0,0,1,0,1,,,,,,
29-10-2024 BV Tech,3C,9,"2,636",4,60,2,0,0,9,1,0,1,1,1,2,0,0,1,0,1,,,,,,
29-10-2024 BV Tech,3C,10,"2,281",3,60,2,0,0,10,1,0,1,1,1,2,0,0,1,0,1,,,,,,
29-10-2024 BV Tech,4C,1,"2,266",11,60,2,0,0,1,1,0,1,1,1,2,0,0,1,0,1,,,,,,
29-10-2024 BV Tech,4C,2,"2,154",9,60,2,0,0,2,1,0,1,1,1,2,0,0,1,0,1,,,,,,
29-10-2024 BV Tech,4C,3,"2,073",23,60,2,0,0,3,1,0,1,0,0,0,1,1,1,2,1,,,,,,
29-10-2024 BV Tech,4C,4,"2,122",13,60,2,0,0,4,1,0,1,0,0,0,1,1,1,2,1,,,,,,
29-10-2024 BV Tech,4C,5,"2,401",3,60,2,0,0,5,1,0,1,1,1,2,0,0,1,0,1,,,,,,
29-10-2024 BV Tech,4C,6,"2,130",3,60,2,0,0,6,1,0,1,1,1,2,0,0,1,0,1,,,,,,
29-10-2024 BV Tech,4C,7,"2,088",8,60,2,0,0,7,1,0,1,0,1,1,0,1,2,1,0,,,,,,
29-10-2024 BV Tech,4C,8,"2,402",6,60,2,0,0,8,1,0,1,1,1,2,0,0,1,0,1,,,,,,
29-10-2024 BV Tech,4C,9,"2,168",5,60,2,0,0,9,1,0,1,1,1,2,0,0,1,0,1,,,,,,
29-10-2024 BV Tech,4C,10,"2,887",0,60,2,0,0,10,1,1,1,1,1,2,0,0,1,0,1,,,,,,
29-10-2024 BV Tech,5C,1,"2,140",10,60,2,0,0,1,1,0,1,1,1,2,0,0,1,0,1,,,,,,
29-10-2024 BV Tech,5C,2,"2,062",14,60,2,0,0,2,1,0,1,0,0,0,1,1,1,2,1,,,,,,
29-10-2024 BV Tech,5C,3,"2,118",13,60,2,0,0,3,1,0,1,0,0,0,1,1,1,2,1,,,,,,
29-10-2024 BV Tech,5C,4,"2,339",1,60,2,0,0,4,1,0,1,1,1,2,0,0,1,0,1,,,,,,
29-10-2024 BV Tech,5C,5,"2,062",21,60,2,0,0,5,1,0,1,0,0,0,1,1,1,2,1,,,,,,
29-10-2024 BV Tech,5C,6,"2,241",6,60,2,0,0,6,1,0,1,1,1,2,0,0,1,0,1,,,,,,
29-10-2024 BV Tech,5C,7,"2,330",10,60,2,0,0,7,1,0,1,1,1,2,0,0,1,0,1,,,,,,
29-10-2024 BV Tech,5C,8,"2,518",5,60,2,0,0,8,1,1,1,1,1,2,0,0,1,0,1,,,,,,
29-10-2024 BV Tech,5C,9,"2,172",10,60,2,0,0,9,1,0,1,1,1,2,0,0,1,0,1,,,,,,
29-10-2024 BV Tech,5C,10,"1,988",6,60,2,0,0,10,1,0,1,0,1,1,0,1,2,1,0,,,,,,
29-10-2024 BV Tech,6C,1,"2,010",6,60,2,0,0,1,1,0,1,0,1,1,0,1,2,1,0,,,,,,
29-10-2024 BV Tech,6C,2,"2,016",21,60,2,0,0,2,1,0,1,0,0,0,1,1,1,2,1,,,,,,
29-10-2024 BV Tech,6C,3,"2,124",5,60,2,0,0,3,1,0,1,0,1,1,0,1,2,1,0,,,,,,
29-10-2024 BV Tech,6C,4,"2,002",28,60,2,0,0,4,1,0,1,0,0,0,1,1,1,2,1,,,,,,
29-10-2024 BV Tech,6C,5,"2,185",6,60,2,0,0,5,1,0,1,1,1,2,0,0,1,0,1,,,,,,
29-10-2024 BV Tech,6C,6,"2,514",2,60,2,0,0,6,1,1,1,1,1,2,0,0,1,0,1,,,,,,
29-10-2024 BV Tech,6C,7,"2,333",10,60,2,0,0,7,1,0,1,1,1,2,0,0,1,0,1,,,,,,
29-10-2024 BV Tech,6C,8,"2,242",4,60,2,0,0,8,1,0,1,1,1,2,0,0,1,0,1,,,,,,
29-10-2024 BV Tech,6C,9,"2,265",4,60,2,0,0,9,1,0,1,1,1,2,0,0,1,0,1,,,,,,
29-10-2024 BV Tech,6C,10,"2,592",3,60,2,0,0,10,1,0,1,1,1,2,0,0,1,0,1,,,,,,
29-10-2024 BV Tech,7C,1,"2,160",3,60,2,0,0,1,1,0,1,1,1,2,0,0,1,0,1,,,,,,
29-10-2024 BV Tech,7C,2,"2,390",7,60,2,0,0,2,1,0,1,1,1,2,0,0,1,0,1,,,,,,
29-10-2024 BV Tech,7C,3,"1,946",25,60,2,0,0,3,1,0,1,0,0,0,1,1,1,2,1,,,,,,
29-10-2024 BV Tech,7C,4,"2,147",11,60,2,0,0,4,1,0,1,1,1,2,0,0,1,0,1,,,,,,
29-10-2024 BV Tech,7C,5,"2,103",11,60,2,0,0,5,1,0,1,0,1,1,0,1,2,1,0,,,,,,
29-10-2024 BV Tech,7C,6,"2,210",4,60,2,0,0,6,1,0,1,1,1,2,0,0,1,0,1,,,,,,
29-10-2024 BV Tech,7C,7,"2,406",8,60,2,0,0,7,1,0,1,1,1,2,0,0,1,0,1,,,,,,
29-10-2024 BV Tech,7C,8,"2,439",6,60,2,0,0,8,1,1,1,1,1,2,0,0,1,0,1,,,,,,
29-10-2024 BV Tech,7C,9,"3,184",0,60,2,0,0,9,1,0,1,1,1,2,0,0,1,0,1,,,,,,
29-10-2024 BV Tech,7C,10,"2,176",6,60,2,0,0,10,1,0,1,1,1,2,0,0,1,0,1,,,,,,
29-10-2024 BV Tech,8C,1,"2,245",10,60,2,0,0,1,1,0,1,1,1,2,0,0,1,0,1,,,,,,
29-10-2024 BV Tech,8C,2,"2,048",17,60,2,0,0,2,1,0,1,0,0,0,1,1,1,2,1,,,,,,
29-10-2024 BV Tech,8C,3,"2,283",17,60,2,0,0,3,1,0,1,1,0,1,1,0,0,1,2,,,,,,
29-10-2024 BV Tech,8C,4,"2,157",4,60,2,0,0,4,1,0,1,1,1,2,0,0,1,0,1,,,,,,
29-10-2024 BV Tech,8C,5,"3,205",0,60,2,0,0,5,1,0,1,1,1,2,0,0,1,0,1,,,,,,
29-10-2024 BV Tech,8C,6,"2,322",7,60,2,0,0,6,1,0,1,1,1,2,0,0,1,0,1,,,,,,
29-10-2024 BV Tech,8C,7,"2,083",4,60,2,0,0,7,1,0,1,0,1,1,0,1,2,1,0,,,,,,
29-10-2024 BV Tech,8C,8,"3,302",0,60,2,0,0,8,1,1,1,1,1,2,0,0,1,0,1,,,,,,
29-10-2024 BV Tech,8C,9,"3,034",0,60,2,0,0,9,1,0,1,1,1,2,0,0,1,0,1,,,,,,
29-10-2024 BV Tech,8C,10,"2,078",9,60,2,0,0,10,1,0,1,0,1,1,0,1,2,1,0,,,,,,
29-10-2024 BV Tech,9C,1,"2,060",17,60,2,0,0,1,1,0,1,0,0,0,1,1,1,2,1,,,,,,
29-10-2024 BV Tech,9C,2,"1,785",19,60,2,0,0,2,1,0,1,0,0,0,1,1,1,2,1,,,,,,
29-10-2024 BV Tech,9C,3,"2,104",16,60,2,0,0,3,1,0,1,0,0,0,1,1,1,2,1,,,,,,
29-10-2024 BV Tech,9C,4,"2,005",18,60,2,0,0,4,1,0,1,0,0,0,1,1,1,2,1,,,,,,
29-10-2024 BV Tech,9C,5,"2,379",5,60,2,0,0,5,1,1,1,1,1,2,0,0,1,0,1,,,,,,
29-10-2024 BV Tech,9C,6,"2,284",9,60,2,0,0,6,1,0,1,1,1,2,0,0,1,0,1,,,,,,
29-10-2024 BV Tech,9C,7,"2,526",2,60,2,0,0,7,1,0,1,1,1,2,0,0,1,0,1,,,,,,
29-10-2024 BV Tech,9C,8,"2,005",4,60,2,0,0,8,1,0,1,0,1,1,0,1,2,1,0,,,,,,
29-10-2024 BV Tech,9C,9,"2,109",7,60,2,0,0,9,1,0,1,0,1,1,0,1,2,1,0,,,,,,
29-10-2024 BV Tech,9C,10,"2,072",5,60,2,0,0,10,1,0,1,0,1,1,0,1,2,1,0,,,,,,
29-10-2024 BV Tech,10C,1,"1,884",22,60,2,0,0,1,1,0,1,0,0,0,1,1,1,2,1,,,,,,
29-10-2024 BV Tech,10C,2,"2,267",10,60,2,0,0,2,1,0,1,1,1,2,0,0,1,0,1,,,,,,
29-10-2024 BV Tech,10C,3,"2,187",5,60,2,0,0,3,1,0,1,1,1,2,0,0,1,0,1,,,,,,
29-10-2024 BV Tech,10C,4,"2,074",15,60,2,0,0,4,1,0,1,0,0,0,1,1,1,2,1,,,,,,
29-10-2024 BV Tech,10C,5,"2,358",8,60,2,0,0,5,1,1,1,1,1,2,0,0,1,0,1,,,,,,
29-10-2024 BV Tech,10C,6,"2,155",9,60,2,0,0,6,1,0,1,1,1,2,0,0,1,0,1,,,,,,
29-10-2024 BV Tech,10C,7,"2,222",9,60,2,0,0,7,1,0,1,1,1,2,0,0,1,0,1,,,,,,
29-10-2024 BV Tech,10C,8,"2,033",5,60,2,0,0,8,1,0,1,0,1,1,0,1,2,1,0,,,,,,
29-10-2024 BV Tech,10C,9,"2,274",12,60,2,0,0,9,1,0,1,1,1,2,0,0,1,0,1,,,,,,
29-10-2024 BV Tech,10C,10,"2,309",6,60,2,0,0,10,1,0,1,1,1,2,0,0,1,0,1,,,,,,
26-9-2025  11:21 PDT,2025 NN&ING@001,1,"1,034",23,60,1,1,1,,,,,0,0,0,1,1,1,2,1,,,,,,
26-9-2025  11:14 PDT,2025 NN&ING@001,1,"-2,685",66,60,1,1,0,,,,,0,0,0,1,1,1,2,1,,,,,,
26-9-2025  11:08 PDT,2025 NN&ING@001,2,926,3,60,1,1,0,,,,,0,1,1,0,1,2,1,0,,,,,,
26-9-2025  11:07 PDT,2025 NN&ING@001,3,"1,055",1,60,1,1,0,,,,,0,1,1,0,1,2,1,0,,,,,,
26-9-2025  09:50 PDT,2025 NN&ING@001,1,"2,269",6,60,2,0,0,,,,,1,1,2,0,0,1,0,1,,,,,,
26-9-2025  09:48 PDT,2025 NN&ING@001,1,"2,062",7,60,1,0,0,,,,,0,1,1,0,1,2,1,0,,,,,,
26-9-2025  09:44 PDT,2025 NN&ING@001,2,"1,942",15,60,1,0,0,,,,,0,0,0,1,1,1,2,1,,,,,,
26-9-2025  09:50 PDT,2025 NN&ING@002,1,"1,812",7,60,1,0,0,,,,,0,1,1,0,1,2,1,0,,,,,,
26-9-2025  09:46 PDT,2025 NN&ING@002,2,908,1,12,1,0,0,,,,,0,1,1,0,1,2,1,0,,,,,,
26-9-2025  09:45 PDT,2025 NN&ING@002,3,1,2,12,1,0,0,,,,,0,1,1,0,1,2,1,0,,,,,,
26-9-2025  09:43 PDT,2025 NN&ING@002,4,"1,882",12,36,1,0,0,,,,,0,1,1,0,1,2,1,0,,,,,,
26-9-2025  11:22 PDT,2025 NN&ING@006,1,"1,217",4,60,1,1,1,,,,,0,1,1,0,1,2,1,0,,,,,,
26-9-2025  11:21 PDT,2025 NN&ING@006,2,"1,272",10,60,1,1,1,,,,,0,1,1,0,1,2,1,0,,,,,,
26-9-2025  11:20 PDT,2025 NN&ING@006,3,"1,237",14,60,1,1,1,,,,,0,0,0,1,1,1,2,1,,,,,,
26-9-2025  11:13 PDT,2025 NN&ING@006,1,588,7,12,1,1,0,,,,,0,1,1,0,1,2,1,0,,,,,,
26-9-2025  11:09 PDT,2025 NN&ING@006,2,835,0,60,1,1,0,,,,,0,1,1,0,1,2,1,0,,,,,,
26-9-2025  11:08 PDT,2025 NN&ING@006,3,"1,052",8,60,1,1,0,,,,,0,1,1,0,1,2,1,0,,,,,,
26-9-2025  11:08 PDT,2025 NN&ING@006,4,"1,325",6,60,1,1,0,,,,,0,1,1,0,1,2,1,0,,,,,,
26-9-2025  09:50 PDT,2025 NN&ING@006,1,"2,029",5,60,1,0,0,,,,,0,1,1,0,1,2,1,0,,,,,,
26-9-2025  09:48 PDT,2025 NN&ING@006,2,"1,155",44,48,1,0,0,,,,,0,0,0,1,1,1,2,1,,,,,,
26-9-2025  09:48 PDT,2025 NN&ING@006,3,"2,049",8,60,1,0,0,,,,,0,1,1,0,1,2,1,0,,,,,,
26-9-2025  09:47 PDT,2025 NN&ING@006,4,"1,944",12,60,1,0,0,,,,,0,1,1,0,1,2,1,0,,,,,,
26-9-2025  09:46 PDT,2025 NN&ING@006,5,615,44,60,1,0,0,,,,,0,0,0,1,1,1,2,1,,,,,,
26-9-2025  09:45 PDT,2025 NN&ING@006,6,"1,368",30,60,1,0,0,,,,,0,0,0,1,1,1,2,1,,,,,,
26-9-2025  09:44 PDT,2025 NN&ING@006,7,946,38,60,1,0,0,,,,,0,0,0,1,1,1,2,1,,,,,,
26-9-2025  09:43 PDT,2025 NN&ING@006,8,951,1,12,1,0,0,,,,,0,1,1,0,1,2,1,0,,,,,,
26-9-2025  11:14 PDT,2025 NN&ING@007,1,"-3,677",43,60,1,1,0,,,,,0,0,0,1,1,1,2,1,,,,,,
26-9-2025  11:13 PDT,2025 NN&ING@007,2,"-2,715",42,60,1,1,0,,,,,0,0,0,1,1,1,2,1,,,,,,
26-9-2025  11:10 PDT,2025 NN&ING@007,3,"-1,450",31,60,1,1,0,,,,,0,0,0,1,1,1,2,1,,,,,,
26-9-2025  11:07 PDT,2025 NN&ING@007,4,-564,31,60,1,1,0,,,,,0,0,0,1,1,1,2,1,,,,,,
26-9-2025  09:49 PDT,2025 NN&ING@007,1,"2,302",12,60,1,0,0,,,,,1,1,2,0,0,1,0,1,,,,,,
26-9-2025  09:48 PDT,2025 NN&ING@007,2,"2,240",11,60,1,0,0,,,,,1,1,2,0,0,1,0,1,,,,,,
26-9-2025  09:45 PDT,2025 NN&ING@007,3,"2,258",11,60,1,0,0,,,,,1,1,2,0,0,1,0,1,,,,,,
26-9-2025  09:43 PDT,2025 NN&ING@007,4,"2,074",15,60,1,0,0,,,,,0,0,0,1,1,1,2,1,,,,,,
26-9-2025  09:41 PDT,2025 NN&ING@007,5,"1,564",8,24,1,0,0,,,,,0,1,1,0,1,2,1,0,,,,,,
26-9-2025  11:22 PDT,2025 NN&ING@008,1,"-1,025",100,60,1,1,1,,,,,0,0,0,1,1,1,2,1,,,,,,
26-9-2025  11:21 PDT,2025 NN&ING@008,2,"1,407",14,60,1,1,1,,,,,0,0,0,1,1,1,2,1,,,,,,
26-9-2025  11:07 PDT,2025 NN&ING@008,1,"1,249",2,60,1,1,0,,,,,0,1,1,0,1,2,1,0,,,,,,
26-9-2025  11:06 PDT,2025 NN&ING@008,2,924,10,60,1,1,0,,,,,0,1,1,0,1,2,1,0,,,,,,
26-9-2025  09:50 PDT,2025 NN&ING@008,1,"2,419",7,60,2,0,0,,,,,1,1,2,0,0,1,0,1,,,,,,
26-9-2025  09:47 PDT,2025 NN&ING@008,1,"2,403",6,60,1,0,0,,,,,1,1,2,0,0,1,0,1,,,,,,
26-9-2025  09:46 PDT,2025 NN&ING@008,2,"1,593",23,24,1,0,0,,,,,0,0,0,1,1,1,2,1,,,,,,
26-9-2025  09:45 PDT,2025 NN&ING@008,3,"2,306",7,60,1,0,0,,,,,1,1,2,0,0,1,0,1,,,,,,
26-9-2025  09:43 PDT,2025 NN&ING@008,4,"1,756",11,36,1,0,0,,,,,0,1,1,0,1,2,1,0,,,,,,
26-9-2025  11:20 PDT,2025 NN&ING@010,1,"1,070",20,60,1,1,1,,,,,0,0,0,1,1,1,2,1,,,,,,
26-9-2025  11:16 PDT,2025 NN&ING@010,1,513,4,60,1,1,0,,,,,0,1,1,0,1,2,1,0,,,,,,
26-9-2025  11:16 PDT,2025 NN&ING@010,2,331,17,60,1,1,0,,,,,0,0,0,1,1,1,2,1,,,,,,
26-9-2025  11:15 PDT,2025 NN&ING@010,3,"-2,198",68,60,1,1,0,,,,,0,0,0,1,1,1,2,1,,,,,,
26-9-2025  11:14 PDT,2025 NN&ING@010,4,529,14,60,1,1,0,,,,,0,0,0,1,1,1,2,1,,,,,,
26-9-2025  11:14 PDT,2025 NN&ING@010,5,"-14,743",100,60,1,1,0,,,,,0,0,0,1,1,1,2,1,,,,,,
26-9-2025  11:09 PDT,2025 NN&ING@010,6,"1,491",3,60,1,1,0,,,,,0,1,1,0,1,2,1,0,,,,,,
26-9-2025  11:08 PDT,2025 NN&ING@010,7,"-1,064",63,60,1,1,0,,,,,0,0,0,1,1,1,2,1,,,,,,
26-9-2025  11:08 PDT,2025 NN&ING@010,8,835,0,60,1,1,0,,,,,0,1,1,0,1,2,1,0,,,,,,
26-9-2025  11:07 PDT,2025 NN&ING@010,9,"-14,743",100,60,1,1,0,,,,,0,0,0,1,1,1,2,1,,,,,,
26-9-2025  09:50 PDT,2025 NN&ING@010,1,"2,178",5,60,2,0,0,,,,,1,1,2,0,0,1,0,1,,,,,,
26-9-2025  09:47 PDT,2025 NN&ING@010,1,"1,353",26,60,1,0,0,,,,,0,0,0,1,1,1,2,1,,,,,,
26-9-2025  09:47 PDT,2025 NN&ING@010,2,"2,086",2,60,1,0,0,,,,,0,1,1,0,1,2,1,0,,,,,,
26-9-2025  09:46 PDT,2025 NN&ING@010,3,"2,185",12,60,1,0,0,,,,,1,1,2,0,0,1,0,1,,,,,,
26-9-2025  09:45 PDT,2025 NN&ING@010,4,"2,086",2,60,1,0,0,,,,,0,1,1,0,1,2,1,0,,,,,,
26-9-2025  09:44 PDT,2025 NN&ING@010,5,752,44,60,1,0,0,,,,,0,0,0,1,1,1,2,1,,,,,,
26-9-2025  09:44 PDT,2025 NN&ING@010,6,"2,399",15,60,1,0,0,,,,,1,0,1,1,0,0,1,2,,,,,,
26-9-2025  09:43 PDT,2025 NN&ING@010,7,752,44,60,1,0,0,,,,,0,0,0,1,1,1,2,1,,,,,,
26-9-2025  11:22 PDT,2025 NN&ING@011,1,"1,105",39,60,1,1,1,,,,,0,0,0,1,1,1,2,1,,,,,,
26-9-2025  11:20 PDT,2025 NN&ING@011,2,"-2,722",100,60,1,1,1,,,,,0,0,0,1,1,1,2,1,,,,,,
26-9-2025  11:13 PDT,2025 NN&ING@011,1,-934,61,48,1,1,0,,,,,0,0,0,1,1,1,2,1,,,,,,
26-9-2025  11:12 PDT,2025 NN&ING@011,2,529,14,60,1,1,0,,,,,0,0,0,1,1,1,2,1,,,,,,
26-9-2025  11:11 PDT,2025 NN&ING@011,3,-985,62,60,1,1,0,,,,,0,0,0,1,1,1,2,1,,,,,,
26-9-2025  11:10 PDT,2025 NN&ING@011,4,278,10,60,1,1,0,,,,,0,1,1,0,1,2,1,0,,,,,,
26-9-2025  11:09 PDT,2025 NN&ING@011,5,165,17,60,1,1,0,,,,,0,0,0,1,1,1,2,1,,,,,,
26-9-2025  11:08 PDT,2025 NN&ING@011,6,792,15,60,1,1,0,,,,,0,0,0,1,1,1,2,1,,,,,,
26-9-2025  11:07 PDT,2025 NN&ING@011,7,-515,16,60,1,1,0,,,,,0,0,0,1,1,1,2,1,,,,,,
26-9-2025  09:50 PDT,2025 NN&ING@011,1,"2,208",8,60,2,0,0,,,,,1,1,2,0,0,1,0,1,,,,,,
26-9-2025  09:48 PDT,2025 NN&ING@011,1,"2,271",12,60,1,0,0,,,,,1,1,2,0,0,1,0,1,,,,,,
26-9-2025  09:45 PDT,2025 NN&ING@011,2,"2,470",10,60,1,0,0,,,,,1,1,2,0,0,1,0,1,,,,,,
26-9-2025  09:44 PDT,2025 NN&ING@011,3,"2,417",10,60,1,0,0,,,,,1,1,2,0,0,1,0,1,,,,,,
26-9-2025  11:22 PDT,2025 NN&ING@012,1,"1,048",26,60,1,1,1,,,,,0,0,0,1,1,1,2,1,,,,,,
26-9-2025  11:17 PDT,2025 NN&ING@012,1,529,14,60,1,1,0,,,,,0,0,0,1,1,1,2,1,,,,,,
26-9-2025  11:16 PDT,2025 NN&ING@012,2,88,23,60,1,1,0,,,,,0,0,0,1,1,1,2,1,,,,,,
26-9-2025  11:10 PDT,2025 NN&ING@012,3,469,28,60,1,1,0,,,,,0,0,0,1,1,1,2,1,,,,,,
26-9-2025  11:07 PDT,2025 NN&ING@012,4,167,4,60,1,1,0,,,,,0,1,1,0,1,2,1,0,,,,,,
26-9-2025  09:51 PDT,2025 NN&ING@012,1,"2,562",11,60,2,0,0,,,,,1,1,2,0,0,1,0,1,,,,,,
26-9-2025  09:48 PDT,2025 NN&ING@012,1,"1,950",14,60,1,0,0,,,,,0,0,0,1,1,1,2,1,,,,,,
26-9-2025  11:22 PDT,2025 NN&ING@013,1,"1,288",17,60,1,1,1,,,,,0,0,0,1,1,1,2,1,,,,,,
26-9-2025  11:20 PDT,2025 NN&ING@013,2,"1,617",4,60,1,1,1,,,,,0,1,1,0,1,2,1,0,,,,,,
26-9-2025  11:14 PDT,2025 NN&ING@013,1,894,13,60,1,1,0,,,,,0,0,0,1,1,1,2,1,,,,,,
26-9-2025  11:13 PDT,2025 NN&ING@013,2,529,14,60,1,1,0,,,,,0,0,0,1,1,1,2,1,,,,,,
26-9-2025  11:08 PDT,2025 NN&ING@013,3,"1,349",2,60,1,1,0,,,,,0,1,1,0,1,2,1,0,,,,,,
26-9-2025  11:07 PDT,2025 NN&ING@013,4,"1,131",8,60,1,1,0,,,,,0,1,1,0,1,2,1,0,,,,,,
26-9-2025  11:06 PDT,2025 NN&ING@013,5,186,22,60,1,1,0,,,,,0,0,0,1,1,1,2,1,,,,,,
26-9-2025  11:06 PDT,2025 NN&ING@013,6,"1,233",2,60,1,1,0,,,,,0,1,1,0,1,2,1,0,,,,,,
26-9-2025  09:51 PDT,2025 NN&ING@013,1,"2,109",10,60,1,0,0,,,,,0,1,1,0,1,2,1,0,,,,,,
26-9-2025  09:46 PDT,2025 NN&ING@013,2,"1,775",13,60,1,0,0,,,,,0,0,0,1,1,1,2,1,,,,,,
26-9-2025  09:45 PDT,2025 NN&ING@013,3,"2,154",7,60,1,0,0,,,,,1,1,2,0,0,1,0,1,,,,,,
26-9-2025  09:43 PDT,2025 NN&ING@013,4,"2,082",16,60,1,0,0,,,,,0,0,0,1,1,1,2,1,,,,,,
26-9-2025  11:23 PDT,2025 NN&ING@016,1,"1,233",10,60,1,1,1,,,,,0,1,1,0,1,2,1,0,,,,,,
26-9-2025  11:22 PDT,2025 NN&ING@016,2,"1,497",16,60,1,1,1,,,,,0,0,0,1,1,1,2,1,,,,,,
26-9-2025  11:21 PDT,2025 NN&ING@016,3,-705,93,60,1,1,1,,,,,0,0,0,1,1,1,2,1,,,,,,
26-9-2025  11:20 PDT,2025 NN&ING@016,4,627,33,60,1,1,1,,,,,0,0,0,1,1,1,2,1,,,,,,
26-9-2025  11:08 PDT,2025 NN&ING@016,1,"1,610",3,60,1,1,0,,,,,0,1,1,0,1,2,1,0,,,,,,
26-9-2025  11:06 PDT,2025 NN&ING@016,2,"1,189",6,60,1,1,0,,,,,0,1,1,0,1,2,1,0,,,,,,
26-9-2025  11:06 PDT,2025 NN&ING@016,3,"-1,694",9,60,1,1,0,,,,,0,1,1,0,1,2,1,0,,,,,,
26-9-2025  09:50 PDT,2025 NN&ING@016,1,"2,337",17,60,2,0,0,,,,,1,0,1,1,0,0,1,2,,,,,,
26-9-2025  09:49 PDT,2025 NN&ING@016,1,"2,159",4,60,1,0,0,,,,,1,1,2,0,0,1,0,1,,,,,,
26-9-2025  09:48 PDT,2025 NN&ING@016,2,"2,268",8,60,1,0,0,,,,,1,1,2,0,0,1,0,1,,,,,,
26-9-2025  09:46 PDT,2025 NN&ING@016,3,752,44,60,1,0,0,,,,,0,0,0,1,1,1,2,1,,,,,,
26-9-2025  09:45 PDT,2025 NN&ING@016,4,"1,312",31,60,1,0,0,,,,,0,0,0,1,1,1,2,1,,,,,,
26-9-2025  11:36 PDT,2025 NN&ING@017,1,"1,515",8,60,1,1,1,,,,,0,1,1,0,1,2,1,0,,,,,,
26-9-2025  11:25 PDT,2025 NN&ING@017,2,"1,349",30,60,1,1,1,,,,,0,0,0,1,1,1,2,1,,,,,,
26-9-2025  11:24 PDT,2025 NN&ING@017,3,"1,088",20,60,1,1,1,,,,,0,0,0,1,1,1,2,1,,,,,,
26-9-2025  11:23 PDT,2025 NN&ING@017,4,"1,195",21,60,1,1,1,,,,,0,0,0,1,1,1,2,1,,,,,,
26-9-2025  11:21 PDT,2025 NN&ING@017,5,955,29,60,1,1,1,,,,,0,0,0,1,1,1,2,1,,,,,,
26-9-2025  11:14 PDT,2025 NN&ING@017,1,"-2,465",88,60,1,1,0,,,,,0,0,0,1,1,1,2,1,,,,,,
26-9-2025  11:13 PDT,2025 NN&ING@017,2,679,25,60,1,1,0,,,,,0,0,0,1,1,1,2,1,,,,,,
26-9-2025  11:12 PDT,2025 NN&ING@017,3,971,6,60,1,1,0,,,,,0,1,1,0,1,2,1,0,,,,,,
26-9-2025  11:11 PDT,2025 NN&ING@017,4,569,1,60,1,1,0,,,,,0,1,1,0,1,2,1,0,,,,,,
26-9-2025  11:09 PDT,2025 NN&ING@017,5,621,15,48,1,1,0,,,,,0,0,0,1,1,1,2,1,,,,,,
26-9-2025  11:08 PDT,2025 NN&ING@017,6,835,0,60,1,1,0,,,,,0,1,1,0,1,2,1,0,,,,,,
26-9-2025  11:08 PDT,2025 NN&ING@017,7,"1,665",2,60,1,1,0,,,,,0,1,1,0,1,2,1,0,,,,,,
26-9-2025  11:07 PDT,2025 NN&ING@017,8,514,10,60,1,1,0,,,,,0,1,1,0,1,2,1,0,,,,,,
26-9-2025  11:06 PDT,2025 NN&ING@017,9,-23,24,60,1,1,0,,,,,0,0,0,1,1,1,2,1,,,,,,
26-9-2025  11:05 PDT,2025 NN&ING@017,10,"1,182",11,60,1,1,0,,,,,0,1,1,0,1,2,1,0,,,,,,
26-9-2025  09:51 PDT,2025 NN&ING@017,1,"2,361",17,60,2,0,0,,,,,1,0,1,1,0,0,1,2,,,,,,
26-9-2025  09:49 PDT,2025 NN&ING@017,1,"2,340",5,60,1,0,0,,,,,1,1,2,0,0,1,0,1,,,,,,
26-9-2025  09:48 PDT,2025 NN&ING@017,2,"2,504",3,60,1,0,0,,,,,1,1,2,0,0,1,0,1,,,,,,
26-9-2025  09:46 PDT,2025 NN&ING@017,3,"2,428",3,60,1,0,0,,,,,1,1,2,0,0,1,0,1,,,,,,
26-9-2025  09:45 PDT,2025 NN&ING@017,4,"2,377",3,60,1,0,0,,,,,1,1,2,0,0,1,0,1,,,,,,
26-9-2025  09:44 PDT,2025 NN&ING@017,5,"2,252",6,60,1,0,0,,,,,1,1,2,0,0,1,0,1,,,,,,
26-9-2025  09:43 PDT,2025 NN&ING@017,6,"2,156",3,60,1,0,0,,,,,1,1,2,0,0,1,0,1,,,,,,
26-9-2025  09:42 PDT,2025 NN&ING@017,7,"2,086",2,60,1,0,0,,,,,0,1,1,0,1,2,1,0,,,,,,
26-9-2025  09:42 PDT,2025 NN&ING@017,8,"1,593",23,24,1,0,0,,,,,0,0,0,1,1,1,2,1,,,,,,
26-9-2025  09:42 PDT,2025 NN&ING@017,9,"2,156",3,60,1,0,0,,,,,1,1,2,0,0,1,0,1,,,,,,
26-9-2025  09:41 PDT,2025 NN&ING@017,10,"2,204",4,60,1,0,0,,,,,1,1,2,0,0,1,0,1,,,,,,
26-9-2025  09:41 PDT,2025 NN&ING@017,11,"2,086",2,60,1,0,0,,,,,0,1,1,0,1,2,1,0,,,,,,
26-9-2025  09:41 PDT,2025 NN&ING@017,12,"2,224",9,60,1,0,0,,,,,1,1,2,0,0,1,0,1,,,,,,
26-9-2025  09:39 PDT,2025 NN&ING@017,13,"1,504",16,24,1,0,0,,,,,0,0,0,1,1,1,2,1,,,,,,
26-9-2025  11:09 PDT,2025 NN&ING@019,1,"-1,581",53,60,1,1,0,,,,,0,0,0,1,1,1,2,1,,,,,,
26-9-2025  11:07 PDT,2025 NN&ING@019,2,"-4,348",70,60,1,1,0,,,,,0,0,0,1,1,1,2,1,,,,,,
26-9-2025  11:06 PDT,2025 NN&ING@019,3,"-4,397",63,60,1,1,0,,,,,0,0,0,1,1,1,2,1,,,,,,
26-9-2025  09:51 PDT,2025 NN&ING@019,1,"2,482",26,60,2,0,0,,,,,1,0,1,1,0,0,1,2,,,,,,
26-9-2025  09:48 PDT,2025 NN&ING@019,1,"2,292",17,60,1,0,0,,,,,1,0,1,1,0,0,1,2,,,,,,
26-9-2025  09:47 PDT,2025 NN&ING@019,2,"2,371",11,60,1,0,0,,,,,1,1,2,0,0,1,0,1,,,,,,
26-9-2025  09:45 PDT,2025 NN&ING@019,3,682,44,60,1,0,0,,,,,0,0,0,1,1,1,2,1,,,,,,
26-9-2025  09:44 PDT,2025 NN&ING@019,4,"1,208",35,60,1,0,0,,,,,0,0,0,1,1,1,2,1,,,,,,
26-9-2025  09:44 PDT,2025 NN&ING@019,5,"2,098",22,60,1,0,0,,,,,0,0,0,1,1,1,2,1,,,,,,
26-9-2025  11:34 PDT,2025 NN&ING@020,1,908,15,48,1,1,1,,,,,0,0,0,1,1,1,2,1,,,,,,
26-9-2025  11:33 PDT,2025 NN&ING@020,2,"1,031",27,60,1,1,1,,,,,0,0,0,1,1,1,2,1,,,,,,
26-9-2025  11:32 PDT,2025 NN&ING@020,3,512,35,60,1,1,1,,,,,0,0,0,1,1,1,2,1,,,,,,
26-9-2025  11:27 PDT,2025 NN&ING@020,4,144,30,60,1,1,1,,,,,0,0,0,1,1,1,2,1,,,,,,
26-9-2025  11:26 PDT,2025 NN&ING@020,5,-766,91,60,1,1,1,,,,,0,0,0,1,1,1,2,1,,,,,,
26-9-2025  11:24 PDT,2025 NN&ING@020,6,"-1,504",94,60,1,1,1,,,,,0,0,0,1,1,1,2,1,,,,,,
26-9-2025  11:17 PDT,2025 NN&ING@020,1,"-1,085",71,24,1,1,0,,,,,0,0,0,1,1,1,2,1,,,,,,
26-9-2025  11:17 PDT,2025 NN&ING@020,2,"-4,450",82,36,1,1,0,,,,,0,0,0,1,1,1,2,1,,,,,,
26-9-2025  11:16 PDT,2025 NN&ING@020,3,"-8,717",88,48,1,1,0,,,,,0,0,0,1,1,1,2,1,,,,,,
26-9-2025  11:13 PDT,2025 NN&ING@020,4,"-4,768",84,60,1,1,0,,,,,0,0,0,1,1,1,2,1,,,,,,
26-9-2025  11:11 PDT,2025 NN&ING@020,5,"-6,122",79,60,1,1,0,,,,,0,0,0,1,1,1,2,1,,,,,,
26-9-2025  11:06 PDT,2025 NN&ING@020,6,"-5,263",78,60,1,1,0,,,,,0,0,0,1,1,1,2,1,,,,,,
26-9-2025  09:50 PDT,2025 NN&ING@020,1,"1,735",16,48,2,0,0,,,,,0,0,0,1,1,1,2,1,,,,,,
26-9-2025  09:49 PDT,2025 NN&ING@020,1,"1,254",6,24,1,0,0,,,,,0,1,1,0,1,2,1,0,,,,,,
26-9-2025  11:23 PDT,2025 NN&ING@021,1,326,52,60,1,1,1,,,,,0,0,0,1,1,1,2,1,,,,,,
26-9-2025  11:21 PDT,2025 NN&ING@021,2,720,24,60,1,1,1,,,,,0,0,0,1,1,1,2,1,,,,,,
26-9-2025  11:13 PDT,2025 NN&ING@021,1,"1,089",5,60,1,1,0,,,,,0,1,1,0,1,2,1,0,,,,,,
26-9-2025  11:10 PDT,2025 NN&ING@021,2,"1,456",7,60,1,1,0,,,,,0,1,1,0,1,2,1,0,,,,,,
26-9-2025  11:09 PDT,2025 NN&ING@021,3,206,20,60,1,1,0,,,,,0,0,0,1,1,1,2,1,,,,,,
26-9-2025  11:09 PDT,2025 NN&ING@021,4,-727,32,60,1,1,0,,,,,0,0,0,1,1,1,2,1,,,,,,
26-9-2025  11:08 PDT,2025 NN&ING@021,5,860,11,60,1,1,0,,,,,0,1,1,0,1,2,1,0,,,,,,
26-9-2025  11:07 PDT,2025 NN&ING@021,6,862,11,60,1,1,0,,,,,0,1,1,0,1,2,1,0,,,,,,
26-9-2025  11:07 PDT,2025 NN&ING@021,7,"-2,065",55,60,1,1,0,,,,,0,0,0,1,1,1,2,1,,,,,,
26-9-2025  11:06 PDT,2025 NN&ING@021,8,"-2,664",42,60,1,1,0,,,,,0,0,0,1,1,1,2,1,,,,,,
26-9-2025  09:49 PDT,2025 NN&ING@021,1,"2,374",13,60,2,0,0,,,,,1,0,1,1,0,0,1,2,,,,,,
26-9-2025  09:48 PDT,2025 NN&ING@021,2,"2,140",11,60,1,0,0,,,,,1,1,2,0,0,1,0,1,,,,,,
26-9-2025  09:46 PDT,2025 NN&ING@021,3,"2,086",16,60,1,0,0,,,,,0,0,0,1,1,1,2,1,,,,,,
26-9-2025  11:22 PDT,2025 NN&ING@022,1,974,41,60,1,1,1,,,,,0,0,0,1,1,1,2,1,,,,,,
26-9-2025  11:07 PDT,2025 NN&ING@022,1,51,1,60,1,1,0,,,,,0,1,1,0,1,2,1,0,,,,,,
26-9-2025  09:51 PDT,2025 NN&ING@022,1,"2,890",20,60,2,0,0,,,,,1,0,1,1,0,0,1,2,,,,,,
26-9-2025  09:47 PDT,2025 NN&ING@022,1,871,1,12,1,0,0,,,,,0,1,1,0,1,2,1,0,,,,,,
26-9-2025  09:46 PDT,2025 NN&ING@022,2,871,1,12,1,0,0,,,,,0,1,1,0,1,2,1,0,,,,,,
26-9-2025  11:22 PDT,2025 NN&ING@023,1,"1,363",8,60,1,1,1,,,,,0,1,1,0,1,2,1,0,,,,,,
26-9-2025  11:21 PDT,2025 NN&ING@023,2,"1,005",4,60,1,1,1,,,,,0,1,1,0,1,2,1,0,,,,,,
26-9-2025  11:14 PDT,2025 NN&ING@023,1,929,9,60,1,1,0,,,,,0,1,1,0,1,2,1,0,,,,,,
26-9-2025  11:11 PDT,2025 NN&ING@023,2,"1,002",7,60,1,1,0,,,,,0,1,1,0,1,2,1,0,,,,,,
26-9-2025  11:10 PDT,2025 NN&ING@023,3,"1,269",1,60,1,1,0,,,,,0,1,1,0,1,2,1,0,,,,,,
26-9-2025  11:09 PDT,2025 NN&ING@023,4,"1,258",1,60,1,1,0,,,,,0,1,1,0,1,2,1,0,,,,,,
26-9-2025  11:08 PDT,2025 NN&ING@023,5,"1,407",1,60,1,1,0,,,,,0,1,1,0,1,2,1,0,,,,,,
26-9-2025  11:07 PDT,2025 NN&ING@023,6,"1,059",0,60,1,1,0,,,,,0,1,1,0,1,2,1,0,,,,,,
26-9-2025  11:06 PDT,2025 NN&ING@023,7,808,11,60,1,1,0,,,,,0,1,1,0,1,2,1,0,,,,,,
26-9-2025  09:49 PDT,2025 NN&ING@023,1,"2,618",9,60,2,0,0,,,,,1,1,2,0,0,1,0,1,,,,,,
26-9-2025  09:48 PDT,2025 NN&ING@023,1,"2,363",3,60,1,0,0,,,,,1,1,2,0,0,1,0,1,,,,,,
26-9-2025  09:47 PDT,2025 NN&ING@023,2,"2,140",9,60,1,0,0,,,,,1,1,2,0,0,1,0,1,,,,,,
26-9-2025  09:46 PDT,2025 NN&ING@023,3,615,44,60,1,0,0,,,,,0,0,0,1,1,1,2,1,,,,,,
26-9-2025  09:45 PDT,2025 NN&ING@023,4,"1,368",30,60,1,0,0,,,,,0,0,0,1,1,1,2,1,,,,,,
26-9-2025  09:45 PDT,2025 NN&ING@023,5,"2,399",15,60,1,0,0,,,,,1,0,1,1,0,0,1,2,,,,,,
26-9-2025  09:44 PDT,2025 NN&ING@023,6,752,44,60,1,0,0,,,,,0,0,0,1,1,1,2,1,,,,,,
26-9-2025  11:10 PDT,2025 NN&ING@024,1,"1,781",3,60,1,1,0,,,,,1,1,2,0,0,1,0,1,,,,,,
26-9-2025  11:08 PDT,2025 NN&ING@024,2,"1,300",5,48,1,1,0,,,,,0,1,1,0,1,2,1,0,,,,,,
26-9-2025  09:53 PDT,2025 NN&ING@024,1,"2,478",20,60,2,0,0,,,,,1,0,1,1,0,0,1,2,,,,,,
26-9-2025  09:48 PDT,2025 NN&ING@024,1,"2,003",10,60,1,0,0,,,,,0,1,1,0,1,2,1,0,,,,,,
26-9-2025  09:46 PDT,2025 NN&ING@024,2,"1,664",18,48,1,0,0,,,,,0,0,0,1,1,1,2,1,,,,,,
26-9-2025  11:24 PDT,2025 NN&ING@026,1,"1,570",5,60,1,1,1,,,,,0,1,1,0,1,2,1,0,,,,,,
26-9-2025  11:22 PDT,2025 NN&ING@026,2,"1,343",5,60,1,1,1,,,,,0,1,1,0,1,2,1,0,,,,,,
26-9-2025  11:21 PDT,2025 NN&ING@026,3,"1,355",2,60,1,1,1,,,,,0,1,1,0,1,2,1,0,,,,,,
26-9-2025  11:20 PDT,2025 NN&ING@026,4,-850,100,60,1,1,1,,,,,0,0,0,1,1,1,2,1,,,,,,
26-9-2025  11:18 PDT,2025 NN&ING@026,1,"1,325",6,60,1,1,0,,,,,0,1,1,0,1,2,1,0,,,,,,
26-9-2025  11:15 PDT,2025 NN&ING@026,2,"1,264",7,60,1,1,0,,,,,0,1,1,0,1,2,1,0,,,,,,
26-9-2025  11:14 PDT,2025 NN&ING@026,3,"1,665",2,60,1,1,0,,,,,0,1,1,0,1,2,1,0,,,,,,
26-9-2025  11:13 PDT,2025 NN&ING@026,4,880,14,60,1,1,0,,,,,0,0,0,1,1,1,2,1,,,,,,
26-9-2025  11:10 PDT,2025 NN&ING@026,5,"1,147",1,60,1,1,0,,,,,0,1,1,0,1,2,1,0,,,,,,
26-9-2025  11:09 PDT,2025 NN&ING@026,6,"1,119",0,60,1,1,0,,,,,0,1,1,0,1,2,1,0,,,,,,
26-9-2025  11:08 PDT,2025 NN&ING@026,7,600,0,60,1,1,0,,,,,0,1,1,0,1,2,1,0,,,,,,
26-9-2025  11:07 PDT,2025 NN&ING@026,8,940,1,48,1,1,0,,,,,0,1,1,0,1,2,1,0,,,,,,
26-9-2025  11:06 PDT,2025 NN&ING@026,9,835,0,60,1,1,0,,,,,0,1,1,0,1,2,1,0,,,,,,
26-9-2025  11:05 PDT,2025 NN&ING@026,10,781,12,12,1,1,0,,,,,0,1,1,0,1,2,1,0,,,,,,
26-9-2025  11:05 PDT,2025 NN&ING@026,11,"-14,743",100,60,1,1,0,,,,,0,0,0,1,1,1,2,1,,,,,,
26-9-2025  09:49 PDT,2025 NN&ING@026,1,"2,569",3,60,1,0,0,,,,,1,1,2,0,0,1,0,1,,,,,,
26-9-2025  09:48 PDT,2025 NN&ING@026,2,"2,475",4,60,1,0,0,,,,,1,1,2,0,0,1,0,1,,,,,,
26-9-2025  09:47 PDT,2025 NN&ING@026,3,"2,086",2,60,1,0,0,,,,,0,1,1,0,1,2,1,0,,,,,,
26-9-2025  09:46 PDT,2025 NN&ING@026,4,"2,151",2,60,1,0,0,,,,,1,1,2,0,0,1,0,1,,,,,,
26-9-2025  09:45 PDT,2025 NN&ING@026,5,752,44,60,1,0,0,,,,,0,0,0,1,1,1,2,1,,,,,,
26-9-2025  09:44 PDT,2025 NN&ING@026,6,"2,086",2,60,1,0,0,,,,,0,1,1,0,1,2,1,0,,,,,,
26-9-2025  09:44 PDT,2025 NN&ING@026,7,"2,142",4,60,1,0,0,,,,,1,1,2,0,0,1,0,1,,,,,,
26-9-2025  11:21 PDT,2025 NN&ING@027,1,"1,512",5,60,1,1,1,,,,,0,1,1,0,1,2,1,0,,,,,,
26-9-2025  11:20 PDT,2025 NN&ING@027,2,"1,299",6,60,1,1,1,,,,,0,1,1,0,1,2,1,0,,,,,,
26-9-2025  11:15 PDT,2025 NN&ING@027,1,550,2,36,1,1,0,,,,,0,1,1,0,1,2,1,0,,,,,,
26-9-2025  11:14 PDT,2025 NN&ING@027,2,"1,516",3,60,1,1,0,,,,,0,1,1,0,1,2,1,0,,,,,,
26-9-2025  11:08 PDT,2025 NN&ING@027,3,"1,704",3,60,1,1,0,,,,,1,1,2,0,0,1,0,1,,,,,,
26-9-2025  11:08 PDT,2025 NN&ING@027,4,"1,594",1,60,1,1,0,,,,,0,1,1,0,1,2,1,0,,,,,,
26-9-2025  11:07 PDT,2025 NN&ING@027,5,"1,334",5,60,1,1,0,,,,,0,1,1,0,1,2,1,0,,,,,,
26-9-2025  11:06 PDT,2025 NN&ING@027,6,"1,282",1,60,1,1,0,,,,,0,1,1,0,1,2,1,0,,,,,,
26-9-2025  09:49 PDT,2025 NN&ING@027,1,"2,422",9,60,2,0,0,,,,,1,1,2,0,0,1,0,1,,,,,,
26-9-2025  09:48 PDT,2025 NN&ING@027,1,"1,592",21,60,1,0,0,,,,,0,0,0,1,1,1,2,1,,,,,,
26-9-2025  09:48 PDT,2025 NN&ING@027,2,"2,101",16,60,1,0,0,,,,,0,0,0,1,1,1,2,1,,,,,,
26-9-2025  09:45 PDT,2025 NN&ING@027,3,"2,190",3,60,1,0,0,,,,,1,1,2,0,0,1,0,1,,,,,,
26-9-2025  11:22 PDT,2025 NN&ING@028,1,"1,620",7,60,1,1,1,,,,,0,1,1,0,1,2,1,0,,,,,,
26-9-2025  11:21 PDT,2025 NN&ING@028,2,704,0,60,1,1,1,,,,,0,1,1,0,1,2,1,0,,,,,,
26-9-2025  11:20 PDT,2025 NN&ING@028,3,"1,225",2,60,1,1,1,,,,,0,1,1,0,1,2,1,0,,,,,,
26-9-2025  11:15 PDT,2025 NN&ING@028,1,"1,802",3,60,1,1,0,,,,,1,1,2,0,0,1,0,1,,,,,,
26-9-2025  11:14 PDT,2025 NN&ING@028,2,"1,500",1,60,1,1,0,,,,,0,1,1,0,1,2,1,0,,,,,,
26-9-2025  11:13 PDT,2025 NN&ING@028,3,"1,165",8,60,1,1,0,,,,,0,1,1,0,1,2,1,0,,,,,,
26-9-2025  11:08 PDT,2025 NN&ING@028,4,"1,531",2,60,1,1,0,,,,,0,1,1,0,1,2,1,0,,,,,,
26-9-2025  11:08 PDT,2025 NN&ING@028,5,-679,27,60,1,1,0,,,,,0,0,0,1,1,1,2,1,,,,,,
26-9-2025  11:07 PDT,2025 NN&ING@028,6,264,0,60,1,1,0,,,,,0,1,1,0,1,2,1,0,,,,,,
26-9-2025  11:06 PDT,2025 NN&ING@028,7,835,0,60,1,1,0,,,,,0,1,1,0,1,2,1,0,,,,,,
26-9-2025  09:51 PDT,2025 NN&ING@028,1,"2,988",15,60,2,0,0,,,,,1,0,1,1,0,0,1,2,,,,,,
26-9-2025  09:48 PDT,2025 NN&ING@028,1,"2,378",2,60,1,0,0,,,,,1,1,2,0,0,1,0,1,,,,,,
26-9-2025  09:47 PDT,2025 NN&ING@028,2,"2,388",10,60,1,0,0,,,,,1,1,2,0,0,1,0,1,,,,,,
26-9-2025  09:46 PDT,2025 NN&ING@028,3,"2,456",10,60,1,0,0,,,,,1,1,2,0,0,1,0,1,,,,,,
26-9-2025  09:45 PDT,2025 NN&ING@028,4,"2,185",12,60,1,0,0,,,,,1,1,2,0,0,1,0,1,,,,,,
26-9-2025  09:44 PDT,2025 NN&ING@028,5,"2,093",12,60,1,0,0,,,,,0,1,1,0,1,2,1,0,,,,,,
26-9-2025  09:43 PDT,2025 NN&ING@028,6,"2,086",2,60,1,0,0,,,,,0,1,1,0,1,2,1,0,,,,,,
26-9-2025  09:43 PDT,2025 NN&ING@028,7,"2,206",6,60,1,0,0,,,,,1,1,2,0,0,1,0,1,,,,,,
26-9-2025  09:42 PDT,2025 NN&ING@028,8,752,44,60,1,0,0,,,,,0,0,0,1,1,1,2,1,,,,,,
26-9-2025  09:42 PDT,2025 NN&ING@028,9,"2,299",10,60,1,0,0,,,,,1,1,2,0,0,1,0,1,,,,,,
26-9-2025  11:23 PDT,2025 NN&ING@029,1,"1,324",13,60,1,1,1,,,,,0,0,0,1,1,1,2,1,,,,,,
26-9-2025  11:14 PDT,2025 NN&ING@029,1,-531,34,60,1,1,0,,,,,0,0,0,1,1,1,2,1,,,,,,
26-9-2025  11:08 PDT,2025 NN&ING@029,2,"1,236",7,60,1,1,0,,,,,0,1,1,0,1,2,1,0,,,,,,
26-9-2025  09:47 PDT,2025 NN&ING@029,1,"2,402",9,60,1,0,0,,,,,1,1,2,0,0,1,0,1,,,,,,
26-9-2025  11:23 PDT,2025 NN&ING@030,1,"1,430",6,60,1,1,1,,,,,0,1,1,0,1,2,1,0,,,,,,
26-9-2025  11:21 PDT,2025 NN&ING@030,2,"1,551",6,60,1,1,1,,,,,0,1,1,0,1,2,1,0,,,,,,
26-9-2025  11:14 PDT,2025 NN&ING@030,1,"-3,920",65,60,1,1,0,,,,,0,0,0,1,1,1,2,1,,,,,,
26-9-2025  11:12 PDT,2025 NN&ING@030,2,"-2,499",2,60,1,1,0,,,,,0,1,1,0,1,2,1,0,,,,,,
26-9-2025  11:10 PDT,2025 NN&ING@030,3,"-12,851",100,60,1,1,0,,,,,0,0,0,1,1,1,2,1,,,,,,
26-9-2025  11:08 PDT,2025 NN&ING@030,4,"-3,257",57,60,1,1,0,,,,,0,0,0,1,1,1,2,1,,,,,,
26-9-2025  11:07 PDT,2025 NN&ING@030,5,"-3,069",51,60,1,1,0,,,,,0,0,0,1,1,1,2,1,,,,,,
26-9-2025  11:07 PDT,2025 NN&ING@030,6,"-3,817",53,60,1,1,0,,,,,0,0,0,1,1,1,2,1,,,,,,
26-9-2025  11:06 PDT,2025 NN&ING@030,7,"-2,137",43,60,1,1,0,,,,,0,0,0,1,1,1,2,1,,,,,,
26-9-2025  09:51 PDT,2025 NN&ING@030,1,"3,035",21,60,2,0,0,,,,,1,0,1,1,0,0,1,2,,,,,,
26-9-2025  09:48 PDT,2025 NN&ING@030,1,"2,269",16,60,1,0,0,,,,,1,0,1,1,0,0,1,2,,,,,,
26-9-2025  09:47 PDT,2025 NN&ING@030,2,"2,356",16,60,1,0,0,,,,,1,0,1,1,0,0,1,2,,,,,,
26-9-2025  09:46 PDT,2025 NN&ING@030,3,801,44,60,1,0,0,,,,,0,0,0,1,1,1,2,1,,,,,,
26-9-2025  09:45 PDT,2025 NN&ING@030,4,"1,903",21,60,1,0,0,,,,,0,0,0,1,1,1,2,1,,,,,,
26-9-2025  11:22 PDT,2025 NN&ING@033,1,"1,074",25,60,1,1,1,,,,,0,0,0,1,1,1,2,1,,,,,,
26-9-2025  11:11 PDT,2025 NN&ING@033,1,"-1,425",36,60,1,1,0,,,,,0,0,0,1,1,1,2,1,,,,,,
26-9-2025  11:09 PDT,2025 NN&ING@033,2,"-1,974",43,60,1,1,0,,,,,0,0,0,1,1,1,2,1,,,,,,
26-9-2025  11:05 PDT,2025 NN&ING@033,3,"-2,980",66,60,1,1,0,,,,,0,0,0,1,1,1,2,1,,,,,,
26-9-2025  11:23 PDT,2025 NN&ING@034,1,"1,138",42,60,1,1,1,,,,,0,0,0,1,1,1,2,1,,,,,,
26-9-2025  11:21 PDT,2025 NN&ING@034,2,"1,559",38,60,1,1,1,,,,,0,0,0,1,1,1,2,1,,,,,,
26-9-2025  11:11 PDT,2025 NN&ING@034,1,"1,046",19,60,1,1,0,,,,,0,0,0,1,1,1,2,1,,,,,,
26-9-2025  11:09 PDT,2025 NN&ING@034,2,664,25,48,1,1,0,,,,,0,0,0,1,1,1,2,1,,,,,,
26-9-2025  11:07 PDT,2025 NN&ING@034,3,"1,620",2,60,1,1,0,,,,,0,1,1,0,1,2,1,0,,,,,,
26-9-2025  09:51 PDT,2025 NN&ING@034,1,"2,389",10,60,1,0,0,,,,,1,1,2,0,0,1,0,1,,,,,,
26-9-2025  09:47 PDT,2025 NN&ING@034,2,"2,264",13,60,1,0,0,,,,,1,0,1,1,0,0,1,2,,,,,,
26-9-2025  09:45 PDT,2025 NN&ING@034,3,"1,970",14,48,1,0,0,,,,,0,0,0,1,1,1,2,1,,,,,,
26-9-2025  11:22 PDT,2025 NN&ING@035,1,696,12,12,1,1,1,,,,,0,1,1,0,1,2,1,0,,,,,,
26-9-2025  11:22 PDT,2025 NN&ING@035,1,"-5,498",72,60,1,1,0,,,,,0,0,0,1,1,1,2,1,,,,,,
26-9-2025  11:09 PDT,2025 NN&ING@035,2,"-1,013",48,36,1,1,0,,,,,0,0,0,1,1,1,2,1,,,,,,
26-9-2025  11:08 PDT,2025 NN&ING@035,1,"2,179",14,60,1,0,0,,,,,1,0,1,1,0,0,1,2,,,,,,
26-9-2025  11:24 PDT,2025 NN&ING@037,1,"-1,457",49,60,1,1,0,,,,,0,0,0,1,1,1,2,1,,,,,,
26-9-2025  11:22 PDT,2025 NN&ING@037,1,"1,296",2,60,1,1,1,,,,,0,1,1,0,1,2,1,0,,,,,,
26-9-2025  11:16 PDT,2025 NN&ING@037,2,489,6,60,1,1,0,,,,,0,1,1,0,1,2,1,0,,,,,,
26-9-2025  11:14 PDT,2025 NN&ING@037,3,"1,012",6,60,1,1,0,,,,,0,1,1,0,1,2,1,0,,,,,,
26-9-2025  11:11 PDT,2025 NN&ING@037,4,"1,163",0,60,1,1,0,,,,,0,1,1,0,1,2,1,0,,,,,,
26-9-2025  11:09 PDT,2025 NN&ING@037,5,"1,248",2,60,1,1,0,,,,,0,1,1,0,1,2,1,0,,,,,,
26-9-2025  11:07 PDT,2025 NN&ING@037,6,"1,331",9,60,1,1,0,,,,,0,1,1,0,1,2,1,0,,,,,,
26-9-2025  11:06 PDT,2025 NN&ING@037,7,664,24,12,1,1,0,,,,,0,0,0,1,1,1,2,1,,,,,,
26-9-2025  11:05 PDT,2025 NN&ING@037,8,"1,118",1,60,1,1,0,,,,,0,1,1,0,1,2,1,0,,,,,,
26-9-2025  09:49 PDT,2025 NN&ING@037,1,"2,420",19,60,2,0,0,,,,,1,0,1,1,0,0,1,2,,,,,,
26-9-2025  09:47 PDT,2025 NN&ING@037,1,"2,281",8,60,1,0,0,,,,,1,1,2,0,0,1,0,1,,,,,,
26-9-2025  09:45 PDT,2025 NN&ING@037,2,"2,086",2,60,1,0,0,,,,,0,1,1,0,1,2,1,0,,,,,,
26-9-2025  09:45 PDT,2025 NN&ING@037,3,"1,605",22,60,1,0,0,,,,,0,0,0,1,1,1,2,1,,,,,,
26-9-2025  09:44 PDT,2025 NN&ING@037,4,752,44,60,1,0,0,,,,,0,0,0,1,1,1,2,1,,,,,,
26-9-2025  09:43 PDT,2025 NN&ING@037,5,"2,224",9,60,1,0,0,,,,,1,1,2,0,0,1,0,1,,,,,,
26-9-2025  09:42 PDT,2025 NN&ING@037,6,"1,833",20,60,1,0,0,,,,,0,0,0,1,1,1,2,1,,,,,,
26-9-2025  09:41 PDT,2025 NN&ING@037,7,"2,369",14,60,1,0,0,,,,,1,0,1,1,0,0,1,2,,,,,,
26-9-2025  09:40 PDT,2025 NN&ING@037,8,793,1,12,1,0,0,,,,,0,1,1,0,1,2,1,0,,,,,,
26-9-2025  09:39 PDT,2025 NN&ING@037,9,"1,587",21,24,1,0,0,,,,,0,0,0,1,1,1,2,1,,,,,,
26-9-2025  11:12 PDT,2025 NN&ING@039,1,"-3,044",45,60,1,1,0,,,,,0,0,0,1,1,1,2,1,,,,,,
26-9-2025  11:10 PDT,2025 NN&ING@039,2,"-1,461",63,60,1,1,0,,,,,0,0,0,1,1,1,2,1,,,,,,
26-9-2025  09:50 PDT,2025 NN&ING@039,1,"3,397",22,60,2,0,0,,,,,1,0,1,1,0,0,1,2,,,,,,
26-9-2025  09:48 PDT,2025 NN&ING@039,1,"1,548",6,24,1,0,0,,,,,0,1,1,0,1,2,1,0,,,,,,
26-9-2025  09:47 PDT,2025 NN&ING@039,2,"1,343",6,24,1,0,0,,,,,0,1,1,0,1,2,1,0,,,,,,
26-9-2025  09:45 PDT,2025 NN&ING@039,3,777,1,12,1,0,0,,,,,0,1,1,0,1,2,1,0,,,,,,
26-9-2025  09:44 PDT,2025 NN&ING@039,4,796,1,12,1,0,0,,,,,0,1,1,0,1,2,1,0,,,,,,
26-9-2025  11:22 PDT,2025 NN&ING@041,1,"-2,140",100,60,1,1,1,,,,,0,0,0,1,1,1,2,1,,,,,,
26-9-2025  11:21 PDT,2025 NN&ING@041,2,373,1,60,1,1,1,,,,,0,1,1,0,1,2,1,0,,,,,,
26-9-2025  11:20 PDT,2025 NN&ING@041,3,"1,085",1,60,1,1,1,,,,,0,1,1,0,1,2,1,0,,,,,,
26-9-2025  11:14 PDT,2025 NN&ING@041,1,"1,454",1,60,1,1,0,,,,,0,1,1,0,1,2,1,0,,,,,,
26-9-2025  11:14 PDT,2025 NN&ING@041,2,835,0,60,1,1,0,,,,,0,1,1,0,1,2,1,0,,,,,,
26-9-2025  11:07 PDT,2025 NN&ING@041,3,"1,265",7,60,1,1,0,,,,,0,1,1,0,1,2,1,0,,,,,,
26-9-2025  11:07 PDT,2025 NN&ING@041,4,835,0,60,1,1,0,,,,,0,1,1,0,1,2,1,0,,,,,,
26-9-2025  11:06 PDT,2025 NN&ING@041,5,"-8,334",74,60,1,1,0,,,,,0,0,0,1,1,1,2,1,,,,,,
26-9-2025  11:06 PDT,2025 NN&ING@041,6,"-10,982",88,60,1,1,0,,,,,0,0,0,1,1,1,2,1,,,,,,
26-9-2025  09:50 PDT,2025 NN&ING@041,1,"2,548",8,60,2,0,0,,,,,1,1,2,0,0,1,0,1,,,,,,
26-9-2025  09:46 PDT,2025 NN&ING@041,1,"1,138",3,12,1,0,0,,,,,0,1,1,0,1,2,1,0,,,,,,
26-9-2025  09:46 PDT,2025 NN&ING@041,2,"1,504",16,24,1,0,0,,,,,0,0,0,1,1,1,2,1,,,,,,
26-9-2025  09:43 PDT,2025 NN&ING@041,3,"1,360",4,24,1,0,0,,,,,0,1,1,0,1,2,1,0,,,,,,
26-9-2025  09:43 PDT,2025 NN&ING@041,4,"1,501",12,24,1,0,0,,,,,0,1,1,0,1,2,1,0,,,,,,
26-9-2025  11:22 PDT,2025 NN&ING@042,1,275,0,60,1,1,1,,,,,0,1,1,0,1,2,1,0,,,,,,
26-9-2025  11:21 PDT,2025 NN&ING@042,2,588,28,60,1,1,1,,,,,0,0,0,1,1,1,2,1,,,,,,
26-9-2025  11:20 PDT,2025 NN&ING@042,3,"-1,911",100,60,1,1,1,,,,,0,0,0,1,1,1,2,1,,,,,,
26-9-2025  11:15 PDT,2025 NN&ING@042,1,"-3,974",57,60,1,1,0,,,,,0,0,0,1,1,1,2,1,,,,,,
26-9-2025  11:12 PDT,2025 NN&ING@042,2,-679,27,60,1,1,0,,,,,0,0,0,1,1,1,2,1,,,,,,
26-9-2025  11:11 PDT,2025 NN&ING@042,3,"-5,045",72,60,1,1,0,,,,,0,0,0,1,1,1,2,1,,,,,,
26-9-2025  11:09 PDT,2025 NN&ING@042,4,"-4,274",68,60,1,1,0,,,,,0,0,0,1,1,1,2,1,,,,,,
26-9-2025  11:07 PDT,2025 NN&ING@042,5,"-1,572",47,60,1,1,0,,,,,0,0,0,1,1,1,2,1,,,,,,
26-9-2025  09:52 PDT,2025 NN&ING@042,1,"2,939",25,60,2,0,0,,,,,1,0,1,1,0,0,1,2,,,,,,
26-9-2025  09:49 PDT,2025 NN&ING@042,1,"2,272",13,60,1,0,0,,,,,1,0,1,1,0,0,1,2,,,,,,
26-9-2025  09:46 PDT,2025 NN&ING@042,2,"2,015",14,60,1,0,0,,,,,0,0,0,1,1,1,2,1,,,,,,
26-9-2025  09:45 PDT,2025 NN&ING@042,3,"2,186",11,60,1,0,0,,,,,1,1,2,0,0,1,0,1,,,,,,
26-9-2025  09:44 PDT,2025 NN&ING@042,4,"2,182",17,60,1,0,0,,,,,1,0,1,1,0,0,1,2,,,,,,
26-9-2025  11:23 PDT,2025 NN&ING@043,1,"1,166",27,60,1,1,1,,,,,0,0,0,1,1,1,2,1,,,,,,
26-9-2025  11:21 PDT,2025 NN&ING@043,2,903,22,60,1,1,1,,,,,0,0,0,1,1,1,2,1,,,,,,
26-9-2025  11:14 PDT,2025 NN&ING@043,1,-706,24,60,1,1,0,,,,,0,0,0,1,1,1,2,1,,,,,,
26-9-2025  11:13 PDT,2025 NN&ING@043,2,"-1,483",25,60,1,1,0,,,,,0,0,0,1,1,1,2,1,,,,,,
26-9-2025  11:12 PDT,2025 NN&ING@043,3,205,2,60,1,1,0,,,,,0,1,1,0,1,2,1,0,,,,,,
26-9-2025  11:11 PDT,2025 NN&ING@043,4,"-1,902",39,60,1,1,0,,,,,0,0,0,1,1,1,2,1,,,,,,
26-9-2025  11:10 PDT,2025 NN&ING@043,5,"-2,068",39,60,1,1,0,,,,,0,0,0,1,1,1,2,1,,,,,,
26-9-2025  11:08 PDT,2025 NN&ING@043,6,-627,29,60,1,1,0,,,,,0,0,0,1,1,1,2,1,,,,,,
26-9-2025  11:07 PDT,2025 NN&ING@043,7,-218,23,60,1,1,0,,,,,0,0,0,1,1,1,2,1,,,,,,
26-9-2025  11:06 PDT,2025 NN&ING@043,8,-512,22,60,1,1,0,,,,,0,0,0,1,1,1,2,1,,,,,,
26-9-2025  09:50 PDT,2025 NN&ING@043,1,"2,468",15,60,2,0,0,,,,,1,0,1,1,0,0,1,2,,,,,,
26-9-2025  09:48 PDT,2025 NN&ING@043,1,"2,368",9,60,1,0,0,,,,,1,1,2,0,0,1,0,1,,,,,,
26-9-2025  09:47 PDT,2025 NN&ING@043,2,"2,097",4,60,1,0,0,,,,,0,1,1,0,1,2,1,0,,,,,,
26-9-2025  09:46 PDT,2025 NN&ING@043,3,"1,368",30,60,1,0,0,,,,,0,0,0,1,1,1,2,1,,,,,,
26-9-2025  09:45 PDT,2025 NN&ING@043,4,"2,399",15,60,1,0,0,,,,,1,0,1,1,0,0,1,2,,,,,,
26-9-2025  09:45 PDT,2025 NN&ING@043,5,"1,714",13,60,1,0,0,,,,,0,0,0,1,1,1,2,1,,,,,,
26-9-2025  09:44 PDT,2025 NN&ING@043,6,"1,987",14,60,1,0,0,,,,,0,0,0,1,1,1,2,1,,,,,,
26-9-2025  11:21 PDT,2025 NN&ING@044,1,"-1,108",95,60,1,1,1,,,,,0,0,0,1,1,1,2,1,,,,,,
26-9-2025  11:21 PDT,2025 NN&ING@044,2,-513,80,60,1,1,1,,,,,0,0,0,1,1,1,2,1,,,,,,
26-9-2025  11:14 PDT,2025 NN&ING@044,1,"-12,002",91,60,1,1,0,,,,,0,0,0,1,1,1,2,1,,,,,,
26-9-2025  11:06 PDT,2025 NN&ING@044,2,"-14,743",100,60,1,1,0,,,,,0,0,0,1,1,1,2,1,,,,,,
26-9-2025  11:06 PDT,2025 NN&ING@044,3,243,32,24,1,1,0,,,,,0,0,0,1,1,1,2,1,,,,,,
26-9-2025  09:47 PDT,2025 NN&ING@044,1,"1,839",21,60,1,0,0,,,,,0,0,0,1,1,1,2,1,,,,,,
26-9-2025  09:45 PDT,2025 NN&ING@044,2,"1,254",34,60,1,0,0,,,,,0,0,0,1,1,1,2,1,,,,,,
26-9-2025  11:24 PDT,2025 NN&ING@045,1,"1,181",29,60,1,1,1,,,,,0,0,0,1,1,1,2,1,,,,,,
26-9-2025  11:21 PDT,2025 NN&ING@045,2,808,48,60,1,1,1,,,,,0,0,0,1,1,1,2,1,,,,,,
26-9-2025  11:14 PDT,2025 NN&ING@045,1,198,28,60,1,1,0,,,,,0,0,0,1,1,1,2,1,,,,,,
26-9-2025  11:10 PDT,2025 NN&ING@045,2,854,29,60,1,1,0,,,,,0,0,0,1,1,1,2,1,,,,,,
26-9-2025  11:08 PDT,2025 NN&ING@045,3,"1,092",9,60,1,1,0,,,,,0,1,1,0,1,2,1,0,,,,,,
26-9-2025  11:07 PDT,2025 NN&ING@045,4,"1,094",11,60,1,1,0,,,,,0,1,1,0,1,2,1,0,,,,,,
26-9-2025  11:06 PDT,2025 NN&ING@045,5,"1,339",6,60,1,1,0,,,,,0,1,1,0,1,2,1,0,,,,,,
26-9-2025  09:49 PDT,2025 NN&ING@045,1,"2,184",4,60,1,0,0,,,,,1,1,2,0,0,1,0,1,,,,,,
26-9-2025  09:46 PDT,2025 NN&ING@045,2,"2,086",2,60,1,0,0,,,,,0,1,1,0,1,2,1,0,,,,,,
26-9-2025  09:43 PDT,2025 NN&ING@045,3,"2,181",7,60,1,0,0,,,,,1,1,2,0,0,1,0,1,,,,,,
26-9-2025  09:42 PDT,2025 NN&ING@045,4,"1,223",5,24,1,0,0,,,,,0,1,1,0,1,2,1,0,,,,,,
26-9-2025  09:42 PDT,2025 NN&ING@045,5,"1,613",11,36,1,0,0,,,,,0,1,1,0,1,2,1,0,,,,,,
26-9-2025  09:40 PDT,2025 NN&ING@045,6,"1,702",16,36,1,0,0,,,,,0,0,0,1,1,1,2,1,,,,,,
26-9-2025  11:08 PDT,2025 NN&ING@046,1,"1,469",4,60,1,1,0,,,,,0,1,1,0,1,2,1,0,,,,,,
26-9-2025  11:07 PDT,2025 NN&ING@046,2,835,0,60,1,1,0,,,,,0,1,1,0,1,2,1,0,,,,,,
26-9-2025  11:07 PDT,2025 NN&ING@046,3,-700,36,60,1,1,0,,,,,0,0,0,1,1,1,2,1,,,,,,
26-9-2025  11:06 PDT,2025 NN&ING@046,4,"1,201",2,60,1,1,0,,,,,0,1,1,0,1,2,1,0,,,,,,
26-9-2025  11:06 PDT,2025 NN&ING@046,5,614,13,48,1,1,0,,,,,0,0,0,1,1,1,2,1,,,,,,
26-9-2025  09:50 PDT,2025 NN&ING@046,1,"2,389",7,60,2,0,0,,,,,1,1,2,0,0,1,0,1,,,,,,
26-9-2025  09:48 PDT,2025 NN&ING@046,1,"2,230",2,60,1,0,0,,,,,1,1,2,0,0,1,0,1,,,,,,
26-9-2025  09:48 PDT,2025 NN&ING@046,2,"2,086",2,60,1,0,0,,,,,0,1,1,0,1,2,1,0,,,,,,
26-9-2025  09:46 PDT,2025 NN&ING@046,3,"2,009",7,60,1,0,0,,,,,0,1,1,0,1,2,1,0,,,,,,
26-9-2025  09:45 PDT,2025 NN&ING@046,4,"1,597",13,36,1,0,0,,,,,0,0,0,1,1,1,2,1,,,,,,
26-9-2025  11:24 PDT,2025 NN&ING@047,1,"1,081",3,60,1,1,1,,,,,0,1,1,0,1,2,1,0,,,,,,
26-9-2025  11:23 PDT,2025 NN&ING@047,2,"1,358",1,60,1,1,1,,,,,0,1,1,0,1,2,1,0,,,,,,
26-9-2025  11:22 PDT,2025 NN&ING@047,3,"1,337",7,60,1,1,1,,,,,0,1,1,0,1,2,1,0,,,,,,
26-9-2025  11:21 PDT,2025 NN&ING@047,1,529,14,60,1,1,0,,,,,0,0,0,1,1,1,2,1,,,,,,
26-9-2025  11:08 PDT,2025 NN&ING@047,2,835,0,60,1,1,0,,,,,0,1,1,0,1,2,1,0,,,,,,
26-9-2025  11:07 PDT,2025 NN&ING@047,3,"1,543",2,60,1,1,0,,,,,0,1,1,0,1,2,1,0,,,,,,
26-9-2025  11:06 PDT,2025 NN&ING@047,4,"1,697",2,60,1,1,0,,,,,1,1,2,0,0,1,0,1,,,,,,
26-9-2025  11:05 PDT,2025 NN&ING@047,5,"1,674",4,60,1,1,0,,,,,0,1,1,0,1,2,1,0,,,,,,
26-9-2025  09:53 PDT,2025 NN&ING@047,1,"2,373",10,60,2,0,0,,,,,1,1,2,0,0,1,0,1,,,,,,
26-9-2025  09:49 PDT,2025 NN&ING@047,1,"2,174",7,60,1,0,0,,,,,1,1,2,0,0,1,0,1,,,,,,
26-9-2025  09:48 PDT,2025 NN&ING@047,2,"2,199",8,60,1,0,0,,,,,1,1,2,0,0,1,0,1,,,,,,
26-9-2025  09:47 PDT,2025 NN&ING@047,3,"2,199",8,60,1,0,0,,,,,1,1,2,0,0,1,0,1,,,,,,
26-9-2025  09:46 PDT,2025 NN&ING@047,4,"2,188",12,60,1,0,0,,,,,1,1,2,0,0,1,0,1,,,,,,
26-9-2025  09:45 PDT,2025 NN&ING@047,5,"2,086",2,60,1,0,0,,,,,0,1,1,0,1,2,1,0,,,,,,
26-9-2025  09:44 PDT,2025 NN&ING@047,6,"2,174",7,60,1,0,0,,,,,1,1,2,0,0,1,0,1,,,,,,
26-9-2025  09:43 PDT,2025 NN&ING@047,7,"2,096",10,60,1,0,0,,,,,0,1,1,0,1,2,1,0,,,,,,
26-9-2025  11:22 PDT,2025 NN&ING@048,1,"1,700",7,60,1,1,1,,,,,1,1,2,0,0,1,0,1,,,,,,
26-9-2025  11:21 PDT,2025 NN&ING@048,2,"1,188",14,60,1,1,1,,,,,0,0,0,1,1,1,2,1,,,,,,
26-9-2025  11:14 PDT,2025 NN&ING@048,1,-256,19,60,1,1,0,,,,,0,0,0,1,1,1,2,1,,,,,,
26-9-2025  11:12 PDT,2025 NN&ING@048,2,"-1,175",35,36,1,1,0,,,,,0,0,0,1,1,1,2,1,,,,,,
26-9-2025  11:12 PDT,2025 NN&ING@048,3,"-3,901",81,36,1,1,0,,,,,0,0,0,1,1,1,2,1,,,,,,
26-9-2025  11:11 PDT,2025 NN&ING@048,4,"-3,585",81,36,1,1,0,,,,,0,0,0,1,1,1,2,1,,,,,,
26-9-2025  11:10 PDT,2025 NN&ING@048,5,"-3,864",81,36,1,1,0,,,,,0,0,0,1,1,1,2,1,,,,,,
26-9-2025  11:08 PDT,2025 NN&ING@048,6,887,4,60,1,1,0,,,,,0,1,1,0,1,2,1,0,,,,,,
26-9-2025  11:06 PDT,2025 NN&ING@048,7,"-1,836",30,60,1,1,0,,,,,0,0,0,1,1,1,2,1,,,,,,
26-9-2025  09:50 PDT,2025 NN&ING@048,1,"2,123",38,60,2,0,0,,,,,0,0,0,1,1,1,2,1,,,,,,
26-9-2025  09:48 PDT,2025 NN&ING@048,1,"1,105",2,12,1,0,0,,,,,0,1,1,0,1,2,1,0,,,,,,
26-9-2025  09:48 PDT,2025 NN&ING@048,2,"1,464",37,48,1,0,0,,,,,0,0,0,1,1,1,2,1,,,,,,
26-9-2025  09:47 PDT,2025 NN&ING@048,3,"1,538",33,48,1,0,0,,,,,0,0,0,1,1,1,2,1,,,,,,
26-9-2025  09:46 PDT,2025 NN&ING@048,4,"1,450",30,60,1,0,0,,,,,0,0,0,1,1,1,2,1,,,,,,
26-9-2025  09:45 PDT,2025 NN&ING@048,5,"1,033",36,60,1,0,0,,,,,0,0,0,1,1,1,2,1,,,,,,
26-9-2025  09:44 PDT,2025 NN&ING@048,6,"1,750",26,60,1,0,0,,,,,0,0,0,1,1,1,2,1,,,,,,
26-9-2025  11:22 PDT,2025 NN&ING@049,1,"1,635",3,60,1,1,1,,,,,0,1,1,0,1,2,1,0,,,,,,
26-9-2025  11:20 PDT,2025 NN&ING@049,2,"1,318",9,60,1,1,1,,,,,0,1,1,0,1,2,1,0,,,,,,
26-9-2025  11:15 PDT,2025 NN&ING@049,1,"1,165",8,60,1,1,0,,,,,0,1,1,0,1,2,1,0,,,,,,
26-9-2025  11:14 PDT,2025 NN&ING@049,2,835,0,60,1,1,0,,,,,0,1,1,0,1,2,1,0,,,,,,
26-9-2025  09:50 PDT,2025 NN&ING@049,1,"2,086",2,60,1,0,0,,,,,0,1,1,0,1,2,1,0,,,,,,
26-9-2025  11:24 PDT,2025 NN&ING@050,1,472,28,36,1,1,1,,,,,0,0,0,1,1,1,2,1,,,,,,
26-9-2025  11:23 PDT,2025 NN&ING@050,2,"1,440",11,60,1,1,1,,,,,0,1,1,0,1,2,1,0,,,,,,
26-9-2025  11:23 PDT,2025 NN&ING@050,3,"-2,018",100,60,1,1,1,,,,,0,0,0,1,1,1,2,1,,,,,,
26-9-2025  11:22 PDT,2025 NN&ING@050,4,"1,478",10,60,1,1,1,,,,,0,1,1,0,1,2,1,0,,,,,,
26-9-2025  11:21 PDT,2025 NN&ING@050,5,"1,363",10,60,1,1,1,,,,,0,1,1,0,1,2,1,0,,,,,,
26-9-2025  11:13 PDT,2025 NN&ING@050,1,602,11,60,1,1,0,,,,,0,1,1,0,1,2,1,0,,,,,,
26-9-2025  11:08 PDT,2025 NN&ING@050,2,"1,405",2,60,1,1,0,,,,,0,1,1,0,1,2,1,0,,,,,,
26-9-2025  11:07 PDT,2025 NN&ING@050,3,39,10,60,1,1,0,,,,,0,1,1,0,1,2,1,0,,,,,,
26-9-2025  11:07 PDT,2025 NN&ING@050,4,835,0,60,1,1,0,,,,,0,1,1,0,1,2,1,0,,,,,,
26-9-2025  11:06 PDT,2025 NN&ING@050,5,"-14,743",100,60,1,1,0,,,,,0,0,0,1,1,1,2,1,,,,,,
26-9-2025  11:06 PDT,2025 NN&ING@050,6,"1,537",5,60,1,1,0,,,,,0,1,1,0,1,2,1,0,,,,,,
26-9-2025  09:51 PDT,2025 NN&ING@050,1,"2,500",10,60,2,0,0,,,,,1,1,2,0,0,1,0,1,,,,,,
26-9-2025  09:48 PDT,2025 NN&ING@050,1,"2,180",14,60,1,0,0,,,,,1,0,1,1,0,0,1,2,,,,,,
26-9-2025  09:47 PDT,2025 NN&ING@050,2,"2,325",8,60,1,0,0,,,,,1,1,2,0,0,1,0,1,,,,,,
26-9-2025  09:47 PDT,2025 NN&ING@050,3,"1,744",9,60,1,0,0,,,,,0,1,1,0,1,2,1,0,,,,,,
26-9-2025  09:46 PDT,2025 NN&ING@050,4,"2,126",8,60,1,0,0,,,,,0,1,1,0,1,2,1,0,,,,,,
26-9-2025  11:22 PDT,2025 NN&ING@052,1,"1,908",4,60,1,1,0,,,,,1,1,2,0,0,1,0,1,,,,,,
26-9-2025  11:07 PDT,2025 NN&ING@052,2,748,13,60,1,1,0,,,,,0,0,0,1,1,1,2,1,,,,,,
26-9-2025  11:07 PDT,2025 NN&ING@052,3,"1,616",5,60,1,1,0,,,,,0,1,1,0,1,2,1,0,,,,,,
26-9-2025  11:06 PDT,2025 NN&ING@052,4,"1,109",7,60,1,1,0,,,,,0,1,1,0,1,2,1,0,,,,,,
26-9-2025  11:05 PDT,2025 NN&ING@052,1,"2,583",5,60,2,0,0,,,,,1,1,2,0,0,1,0,1,,,,,,
26-9-2025  09:46 PDT,2025 NN&ING@052,1,"2,324",3,60,1,0,0,,,,,1,1,2,0,0,1,0,1,,,,,,
26-9-2025  09:45 PDT,2025 NN&ING@052,2,"2,235",4,60,1,0,0,,,,,1,1,2,0,0,1,0,1,,,,,,
26-9-2025  11:22 PDT,2025 NN&ING@053,1,"1,581",2,60,1,1,1,,,,,0,1,1,0,1,2,1,0,,,,,,
26-9-2025  11:21 PDT,2025 NN&ING@053,2,"1,156",2,60,1,1,1,,,,,0,1,1,0,1,2,1,0,,,,,,
26-9-2025  11:14 PDT,2025 NN&ING@053,1,"1,566",9,60,1,1,0,,,,,0,1,1,0,1,2,1,0,,,,,,
26-9-2025  11:13 PDT,2025 NN&ING@053,2,"1,388",2,60,1,1,0,,,,,0,1,1,0,1,2,1,0,,,,,,
26-9-2025  11:11 PDT,2025 NN&ING@053,3,"1,609",2,60,1,1,0,,,,,0,1,1,0,1,2,1,0,,,,,,
26-9-2025  11:10 PDT,2025 NN&ING@053,4,835,0,60,1,1,0,,,,,0,1,1,0,1,2,1,0,,,,,,
26-9-2025  11:09 PDT,2025 NN&ING@053,5,"1,292",1,60,1,1,0,,,,,0,1,1,0,1,2,1,0,,,,,,
26-9-2025  11:08 PDT,2025 NN&ING@053,6,"1,582",2,60,1,1,0,,,,,0,1,1,0,1,2,1,0,,,,,,
26-9-2025  11:07 PDT,2025 NN&ING@053,7,"1,543",2,60,1,1,0,,,,,0,1,1,0,1,2,1,0,,,,,,
26-9-2025  11:06 PDT,2025 NN&ING@053,8,912,6,60,1,1,0,,,,,0,1,1,0,1,2,1,0,,,,,,
26-9-2025  09:48 PDT,2025 NN&ING@053,1,"1,446",5,24,1,0,0,,,,,0,1,1,0,1,2,1,0,,,,,,
26-9-2025  09:48 PDT,2025 NN&ING@053,2,"2,256",6,60,1,0,0,,,,,1,1,2,0,0,1,0,1,,,,,,
26-9-2025  09:47 PDT,2025 NN&ING@053,3,"1,883",8,60,1,0,0,,,,,0,1,1,0,1,2,1,0,,,,,,
26-9-2025  09:45 PDT,2025 NN&ING@053,4,"2,126",7,60,1,0,0,,,,,0,1,1,0,1,2,1,0,,,,,,
26-9-2025  09:44 PDT,2025 NN&ING@053,5,"2,026",6,60,1,0,0,,,,,0,1,1,0,1,2,1,0,,,,,,
26-9-2025  09:42 PDT,2025 NN&ING@053,6,"2,218",4,60,1,0,0,,,,,1,1,2,0,0,1,0,1,,,,,,
26-9-2025  11:22 PDT,2025 NN&ING@054,1,"1,396",13,60,1,1,1,,,,,0,0,0,1,1,1,2,1,,,,,,
26-9-2025  11:20 PDT,2025 NN&ING@054,2,"1,549",4,60,1,1,1,,,,,0,1,1,0,1,2,1,0,,,,,,
26-9-2025  11:13 PDT,2025 NN&ING@054,1,"1,602",4,60,1,1,0,,,,,0,1,1,0,1,2,1,0,,,,,,
26-9-2025  11:13 PDT,2025 NN&ING@054,2,529,14,60,1,1,0,,,,,0,0,0,1,1,1,2,1,,,,,,
26-9-2025  11:09 PDT,2025 NN&ING@054,3,"1,701",3,60,1,1,0,,,,,1,1,2,0,0,1,0,1,,,,,,
26-9-2025  11:08 PDT,2025 NN&ING@054,4,"1,753",3,60,1,1,0,,,,,1,1,2,0,0,1,0,1,,,,,,
26-9-2025  09:50 PDT,2025 NN&ING@054,1,"2,314",11,60,2,0,0,,,,,1,1,2,0,0,1,0,1,,,,,,
26-9-2025  09:48 PDT,2025 NN&ING@054,1,"1,831",14,60,1,0,0,,,,,0,0,0,1,1,1,2,1,,,,,,
26-9-2025  09:47 PDT,2025 NN&ING@054,2,"2,234",7,60,1,0,0,,,,,1,1,2,0,0,1,0,1,,,,,,
26-9-2025  11:10 PDT,2025 NN&ING@055,1,874,12,60,1,1,0,,,,,0,1,1,0,1,2,1,0,,,,,,
26-9-2025  09:49 PDT,2025 NN&ING@055,1,"2,494",9,60,2,0,0,,,,,1,1,2,0,0,1,0,1,,,,,,
26-9-2025  09:46 PDT,2025 NN&ING@055,1,"1,438",24,60,1,0,0,,,,,0,0,0,1,1,1,2,1,,,,,,
26-9-2025  09:44 PDT,2025 NN&ING@055,2,"1,953",5,60,1,0,0,,,,,0,1,1,0,1,2,1,0,,,,,,
26-9-2025  09:44 PDT,2025 NN&ING@055,3,"2,189",7,60,1,0,0,,,,,1,1,2,0,0,1,0,1,,,,,,
26-9-2025  09:42 PDT,2025 NN&ING@055,4,"2,164",10,60,1,0,0,,,,,1,1,2,0,0,1,0,1,,,,,,
26-9-2025  09:42 PDT,2025 NN&ING@055,5,"2,083",10,60,1,0,0,,,,,0,1,1,0,1,2,1,0,,,,,,
26-9-2025  11:21 PDT,2025 NN&ING@056,1,"1,283",14,60,1,1,1,,,,,0,0,0,1,1,1,2,1,,,,,,
26-9-2025  11:14 PDT,2025 NN&ING@056,1,"-1,529",48,60,1,1,0,,,,,0,0,0,1,1,1,2,1,,,,,,
26-9-2025  11:09 PDT,2025 NN&ING@056,2,"-2,897",45,60,1,1,0,,,,,0,0,0,1,1,1,2,1,,,,,,
26-9-2025  11:07 PDT,2025 NN&ING@056,3,-403,44,60,1,1,0,,,,,0,0,0,1,1,1,2,1,,,,,,
26-9-2025  11:06 PDT,2025 NN&ING@056,4,366,22,60,1,1,0,,,,,0,0,0,1,1,1,2,1,,,,,,
26-9-2025  09:49 PDT,2025 NN&ING@056,1,"2,538",10,60,2,0,0,,,,,1,1,2,0,0,1,0,1,,,,,,
26-9-2025  09:45 PDT,2025 NN&ING@056,1,"2,286",9,60,1,0,0,,,,,1,1,2,0,0,1,0,1,,,,,,
26-9-2025  09:44 PDT,2025 NN&ING@056,2,"1,061",36,60,1,0,0,,,,,0,0,0,1,1,1,2,1,,,,,,
26-9-2025  09:44 PDT,2025 NN&ING@056,3,"1,602",9,36,1,0,0,,,,,0,1,1,0,1,2,1,0,,,,,,
26-9-2025  11:13 PDT,2025 NN&ING@057,1,342,33,24,1,1,0,,,,,0,0,0,1,1,1,2,1,,,,,,
26-9-2025  11:12 PDT,2025 NN&ING@057,2,-216,39,36,1,1,0,,,,,0,0,0,1,1,1,2,1,,,,,,
26-9-2025  11:12 PDT,2025 NN&ING@057,3,591,19,24,1,1,0,,,,,0,0,0,1,1,1,2,1,,,,,,
26-9-2025  11:12 PDT,2025 NN&ING@057,4,"1,048",3,48,1,1,0,,,,,0,1,1,0,1,2,1,0,,,,,,
26-9-2025  11:11 PDT,2025 NN&ING@057,5,567,1,24,1,1,0,,,,,0,1,1,0,1,2,1,0,,,,,,
26-9-2025  11:11 PDT,2025 NN&ING@057,6,"1,039",7,48,1,1,0,,,,,0,1,1,0,1,2,1,0,,,,,,
26-9-2025  11:10 PDT,2025 NN&ING@057,7,646,12,48,1,1,0,,,,,0,1,1,0,1,2,1,0,,,,,,
26-9-2025  11:10 PDT,2025 NN&ING@057,8,"1,264",7,60,1,1,0,,,,,0,1,1,0,1,2,1,0,,,,,,
26-9-2025  11:09 PDT,2025 NN&ING@057,9,-24,19,48,1,1,0,,,,,0,0,0,1,1,1,2,1,,,,,,
26-9-2025  11:09 PDT,2025 NN&ING@057,10,-570,42,36,1,1,0,,,,,0,0,0,1,1,1,2,1,,,,,,
26-9-2025  11:09 PDT,2025 NN&ING@057,11,"1,298",2,48,1,1,0,,,,,0,1,1,0,1,2,1,0,,,,,,
26-9-2025  11:08 PDT,2025 NN&ING@057,12,651,1,48,1,1,0,,,,,0,1,1,0,1,2,1,0,,,,,,
26-9-2025  11:08 PDT,2025 NN&ING@057,13,"-5,791",62,60,1,1,0,,,,,0,0,0,1,1,1,2,1,,,,,,
26-9-2025  11:07 PDT,2025 NN&ING@057,14,"-6,727",83,60,1,1,0,,,,,0,0,0,1,1,1,2,1,,,,,,
26-9-2025  11:07 PDT,2025 NN&ING@057,15,"-3,268",39,48,1,1,0,,,,,0,0,0,1,1,1,2,1,,,,,,
26-9-2025  09:51 PDT,2025 NN&ING@057,1,"2,722",22,60,2,0,0,,,,,1,0,1,1,0,0,1,2,,,,,,
26-9-2025  09:48 PDT,2025 NN&ING@057,1,"2,426",15,60,1,0,0,,,,,1,0,1,1,0,0,1,2,,,,,,
26-9-2025  09:47 PDT,2025 NN&ING@057,2,"2,223",12,60,1,0,0,,,,,1,1,2,0,0,1,0,1,,,,,,
26-9-2025  09:46 PDT,2025 NN&ING@057,3,"1,138",3,12,1,0,0,,,,,0,1,1,0,1,2,1,0,,,,,,
26-9-2025  09:46 PDT,2025 NN&ING@057,4,"2,228",6,60,1,0,0,,,,,1,1,2,0,0,1,0,1,,,,,,
26-9-2025  09:46 PDT,2025 NN&ING@057,5,"1,425",30,60,1,0,0,,,,,0,0,0,1,1,1,2,1,,,,,,
26-9-2025  09:45 PDT,2025 NN&ING@057,6,"1,711",26,60,1,0,0,,,,,0,0,0,1,1,1,2,1,,,,,,
26-9-2025  09:44 PDT,2025 NN&ING@057,7,"1,645",20,60,1,0,0,,,,,0,0,0,1,1,1,2,1,,,,,,
26-9-2025  11:23 PDT,2025 NN&ING@058,1,"1,594",8,60,1,1,1,,,,,0,1,1,0,1,2,1,0,,,,,,
26-9-2025  11:22 PDT,2025 NN&ING@058,2,"1,080",39,60,1,1,1,,,,,0,0,0,1,1,1,2,1,,,,,,
26-9-2025  11:21 PDT,2025 NN&ING@058,3,"1,396",7,60,1,1,1,,,,,0,1,1,0,1,2,1,0,,,,,,
26-9-2025  11:15 PDT,2025 NN&ING@058,1,"1,128",11,60,1,1,0,,,,,0,1,1,0,1,2,1,0,,,,,,
26-9-2025  11:13 PDT,2025 NN&ING@058,2,"1,216",1,60,1,1,0,,,,,0,1,1,0,1,2,1,0,,,,,,
26-9-2025  11:12 PDT,2025 NN&ING@058,3,529,14,60,1,1,0,,,,,0,0,0,1,1,1,2,1,,,,,,
26-9-2025  11:11 PDT,2025 NN&ING@058,4,-201,6,60,1,1,0,,,,,0,1,1,0,1,2,1,0,,,,,,
26-9-2025  11:09 PDT,2025 NN&ING@058,5,879,3,60,1,1,0,,,,,0,1,1,0,1,2,1,0,,,,,,
26-9-2025  11:07 PDT,2025 NN&ING@058,6,-816,32,48,1,1,0,,,,,0,0,0,1,1,1,2,1,,,,,,
26-9-2025  09:54 PDT,2025 NN&ING@058,1,"2,257",14,60,2,0,0,,,,,1,0,1,1,0,0,1,2,,,,,,
26-9-2025  09:48 PDT,2025 NN&ING@058,7,"-1,338",20,60,1,1,0,,,,,0,0,0,1,1,1,2,1,,,,,,
26-9-2025  09:48 PDT,2025 NN&ING@058,1,"1,141",36,60,1,0,0,,,,,0,0,0,1,1,1,2,1,,,,,,
26-9-2025  09:47 PDT,2025 NN&ING@058,2,"2,228",6,60,1,0,0,,,,,1,1,2,0,0,1,0,1,,,,,,
26-9-2025  09:46 PDT,2025 NN&ING@058,3,"2,185",12,60,1,0,0,,,,,1,1,2,0,0,1,0,1,,,,,,
26-9-2025  09:44 PDT,2025 NN&ING@058,4,850,1,12,1,0,0,,,,,0,1,1,0,1,2,1,0,,,,,,
26-9-2025  11:22 PDT,2025 NN&ING@059,1,"1,018",1,60,1,1,1,,,,,0,1,1,0,1,2,1,0,,,,,,
26-9-2025  11:10 PDT,2025 NN&ING@059,1,"1,221",0,60,1,1,0,,,,,0,1,1,0,1,2,1,0,,,,,,
26-9-2025  11:09 PDT,2025 NN&ING@059,2,"-1,222",11,60,1,1,0,,,,,0,1,1,0,1,2,1,0,,,,,,
26-9-2025  11:08 PDT,2025 NN&ING@059,3,362,2,60,1,1,0,,,,,0,1,1,0,1,2,1,0,,,,,,
26-9-2025  11:07 PDT,2025 NN&ING@059,4,"-5,302",72,60,1,1,0,,,,,0,0,0,1,1,1,2,1,,,,,,
26-9-2025  11:05 PDT,2025 NN&ING@059,1,"1,322",39,48,1,0,0,,,,,0,0,0,1,1,1,2,1,,,,,,
26-9-2025  09:44 PDT,2025 NN&ING@059,2,"1,024",2,12,1,0,0,,,,,0,1,1,0,1,2,1,0,,,,,,
26-9-2025  11:23 PDT,2025 NN&ING@060,1,904,2,60,1,1,1,,,,,0,1,1,0,1,2,1,0,,,,,,
26-9-2025  11:22 PDT,2025 NN&ING@060,2,"-2,280",100,60,1,1,1,,,,,0,0,0,1,1,1,2,1,,,,,,
26-9-2025  11:21 PDT,2025 NN&ING@060,3,"1,109",10,60,1,1,1,,,,,0,1,1,0,1,2,1,0,,,,,,
26-9-2025  11:12 PDT,2025 NN&ING@060,1,529,14,60,1,1,0,,,,,0,0,0,1,1,1,2,1,,,,,,
26-9-2025  11:09 PDT,2025 NN&ING@060,2,"1,441",11,60,1,1,0,,,,,0,1,1,0,1,2,1,0,,,,,,
26-9-2025  11:07 PDT,2025 NN&ING@060,3,835,0,60,1,1,0,,,,,0,1,1,0,1,2,1,0,,,,,,
26-9-2025  11:06 PDT,2025 NN&ING@060,4,"1,631",2,60,1,1,0,,,,,0,1,1,0,1,2,1,0,,,,,,
26-9-2025  09:54 PDT,2025 NN&ING@060,1,"2,427",8,60,2,0,0,,,,,1,1,2,0,0,1,0,1,,,,,,
26-9-2025  09:48 PDT,2025 NN&ING@060,1,"2,253",5,60,1,0,0,,,,,1,1,2,0,0,1,0,1,,,,,,
26-9-2025  09:45 PDT,2025 NN&ING@060,2,"2,149",2,60,1,0,0,,,,,1,1,2,0,0,1,0,1,,,,,,
26-9-2025  09:44 PDT,2025 NN&ING@060,3,"2,133",2,60,1,0,0,,,,,1,1,2,0,0,1,0,1,,,,,,
26-9-2025  09:43 PDT,2025 NN&ING@060,4,"2,205",2,60,1,0,0,,,,,1,1,2,0,0,1,0,1,,,,,,
26-9-2025  09:42 PDT,2025 NN&ING@060,5,"2,224",3,60,1,0,0,,,,,1,1,2,0,0,1,0,1,,,,,,
26-9-2025  09:41 PDT,2025 NN&ING@060,6,"2,086",2,60,1,0,0,,,,,0,1,1,0,1,2,1,0,,,,,,
26-9-2025  11:21 PDT,2025 NN&ING@061,1,-89,58,60,1,1,1,,,,,0,0,0,1,1,1,2,1,,,,,,
26-9-2025  11:14 PDT,2025 NN&ING@061,1,-286,27,48,1,1,0,,,,,0,0,0,1,1,1,2,1,,,,,,
26-9-2025  11:07 PDT,2025 NN&ING@061,2,857,19,60,1,1,0,,,,,0,0,0,1,1,1,2,1,,,,,,
26-9-2025  09:52 PDT,2025 NN&ING@061,1,"2,430",9,60,1,0,0,,,,,1,1,2,0,0,1,0,1,,,,,,
26-9-2025  11:22 PDT,2025 NN&ING@062,1,"1,165",17,60,1,1,1,,,,,0,0,0,1,1,1,2,1,,,,,,
26-9-2025  11:21 PDT,2025 NN&ING@062,2,"1,147",22,48,1,1,1,,,,,0,0,0,1,1,1,2,1,,,,,,
26-9-2025  11:13 PDT,2025 NN&ING@062,1,1,1,60,1,1,0,,,,,0,1,1,0,1,2,1,0,,,,,,
26-9-2025  11:11 PDT,2025 NN&ING@062,2,"1,226",8,60,1,1,0,,,,,0,1,1,0,1,2,1,0,,,,,,
26-9-2025  11:10 PDT,2025 NN&ING@062,3,"1,223",10,60,1,1,0,,,,,0,1,1,0,1,2,1,0,,,,,,
26-9-2025  11:08 PDT,2025 NN&ING@062,4,669,25,60,1,1,0,,,,,0,0,0,1,1,1,2,1,,,,,,
26-9-2025  11:07 PDT,2025 NN&ING@062,5,160,51,60,1,1,0,,,,,0,0,0,1,1,1,2,1,,,,,,
26-9-2025  11:06 PDT,2025 NN&ING@062,6,651,1,48,1,1,0,,,,,0,1,1,0,1,2,1,0,,,,,,
26-9-2025  11:05 PDT,2025 NN&ING@062,7,-817,44,60,1,1,0,,,,,0,0,0,1,1,1,2,1,,,,,,
26-9-2025  09:49 PDT,2025 NN&ING@062,1,"2,205",16,60,1,0,0,,,,,1,0,1,1,0,0,1,2,,,,,,
26-9-2025  09:48 PDT,2025 NN&ING@062,2,"1,487",15,60,1,0,0,,,,,0,0,0,1,1,1,2,1,,,,,,
26-9-2025  09:47 PDT,2025 NN&ING@062,3,"2,086",2,60,1,0,0,,,,,0,1,1,0,1,2,1,0,,,,,,
26-9-2025  09:46 PDT,2025 NN&ING@062,4,"1,538",18,48,1,0,0,,,,,0,0,0,1,1,1,2,1,,,,,,
26-9-2025  09:45 PDT,2025 NN&ING@062,5,752,44,60,1,0,0,,,,,0,0,0,1,1,1,2,1,,,,,,
26-9-2025  09:44 PDT,2025 NN&ING@062,6,"2,086",2,60,1,0,0,,,,,0,1,1,0,1,2,1,0,,,,,,
26-9-2025  09:44 PDT,2025 NN&ING@062,7,"2,070",5,60,1,0,0,,,,,0,1,1,0,1,2,1,0,,,,,,
26-9-2025  09:43 PDT,2025 NN&ING@062,8,"2,178",3,60,1,0,0,,,,,1,1,2,0,0,1,0,1,,,,,,
26-9-2025  09:42 PDT,2025 NN&ING@062,9,"2,136",9,60,1,0,0,,,,,1,1,2,0,0,1,0,1,,,,,,
26-9-2025  09:41 PDT,2025 NN&ING@062,10,"1,833",16,60,1,0,0,,,,,0,0,0,1,1,1,2,1,,,,,,
26-9-2025  09:40 PDT,2025 NN&ING@062,11,"2,086",2,60,1,0,0,,,,,0,1,1,0,1,2,1,0,,,,,,
26-9-2025  11:24 PDT,2025 NN&ING@063,1,"1,414",8,60,1,1,1,,,,,0,1,1,0,1,2,1,0,,,,,,
26-9-2025  11:22 PDT,2025 NN&ING@063,2,790,2,60,1,1,1,,,,,0,1,1,0,1,2,1,0,,,,,,
26-9-2025  11:21 PDT,2025 NN&ING@063,3,"1,300",5,60,1,1,1,,,,,0,1,1,0,1,2,1,0,,,,,,
26-9-2025  11:20 PDT,2025 NN&ING@063,4,997,6,60,1,1,1,,,,,0,1,1,0,1,2,1,0,,,,,,
26-9-2025  11:14 PDT,2025 NN&ING@063,1,780,2,60,1,1,0,,,,,0,1,1,0,1,2,1,0,,,,,,
26-9-2025  11:13 PDT,2025 NN&ING@063,2,966,2,60,1,1,0,,,,,0,1,1,0,1,2,1,0,,,,,,
26-9-2025  11:11 PDT,2025 NN&ING@063,3,"1,802",3,60,1,1,0,,,,,1,1,2,0,0,1,0,1,,,,,,
26-9-2025  11:08 PDT,2025 NN&ING@063,4,835,0,60,1,1,0,,,,,0,1,1,0,1,2,1,0,,,,,,
26-9-2025  11:07 PDT,2025 NN&ING@063,5,"1,264",7,60,1,1,0,,,,,0,1,1,0,1,2,1,0,,,,,,
26-9-2025  11:07 PDT,2025 NN&ING@063,6,-184,25,60,1,1,0,,,,,0,0,0,1,1,1,2,1,,,,,,
26-9-2025  11:06 PDT,2025 NN&ING@063,7,"-3,924",63,60,1,1,0,,,,,0,0,0,1,1,1,2,1,,,,,,
26-9-2025  11:05 PDT,2025 NN&ING@063,1,"2,580",23,60,2,0,0,,,,,1,0,1,1,0,0,1,2,,,,,,
26-9-2025  09:48 PDT,2025 NN&ING@063,1,"1,952",20,60,1,0,0,,,,,0,0,0,1,1,1,2,1,,,,,,
26-9-2025  09:46 PDT,2025 NN&ING@063,2,951,1,12,1,0,0,,,,,0,1,1,0,1,2,1,0,,,,,,
26-9-2025  09:45 PDT,2025 NN&ING@063,3,"1,584",16,24,1,0,0,,,,,0,0,0,1,1,1,2,1,,,,,,
26-9-2025  09:44 PDT,2025 NN&ING@063,4,"1,138",3,12,1,0,0,,,,,0,1,1,0,1,2,1,0,,,,,,
26-9-2025  09:43 PDT,2025 NN&ING@063,5,"1,138",3,12,1,0,0,,,,,0,1,1,0,1,2,1,0,,,,,,
26-9-2025  11:21 PDT,2025 NN&ING@064,1,-187,64,60,1,1,1,,,,,0,0,0,1,1,1,2,1,,,,,,
26-9-2025  11:14 PDT,2025 NN&ING@064,1,"-5,070",76,60,1,1,0,,,,,0,0,0,1,1,1,2,1,,,,,,
26-9-2025  11:13 PDT,2025 NN&ING@064,2,"-2,227",41,60,1,1,0,,,,,0,0,0,1,1,1,2,1,,,,,,
26-9-2025  11:06 PDT,2025 NN&ING@064,3,-328,29,60,1,1,0,,,,,0,0,0,1,1,1,2,1,,,,,,
26-9-2025  09:50 PDT,2025 NN&ING@064,1,"2,883",14,60,2,0,0,,,,,1,0,1,1,0,0,1,2,,,,,,
26-9-2025  09:48 PDT,2025 NN&ING@064,1,"1,872",12,60,1,0,0,,,,,0,1,1,0,1,2,1,0,,,,,,
26-9-2025  11:21 PDT,2025 NN&ING@065,1,"1,541",11,60,1,1,1,,,,,0,1,1,0,1,2,1,0,,,,,,
26-9-2025  11:14 PDT,2025 NN&ING@065,1,"1,225",2,60,1,1,0,,,,,0,1,1,0,1,2,1,0,,,,,,
26-9-2025  11:13 PDT,2025 NN&ING@065,2,"1,047",1,60,1,1,0,,,,,0,1,1,0,1,2,1,0,,,,,,
26-9-2025  11:12 PDT,2025 NN&ING@065,3,"1,158",1,60,1,1,0,,,,,0,1,1,0,1,2,1,0,,,,,,
26-9-2025  11:11 PDT,2025 NN&ING@065,4,"1,419",1,60,1,1,0,,,,,0,1,1,0,1,2,1,0,,,,,,
26-9-2025  11:10 PDT,2025 NN&ING@065,5,"1,249",1,60,1,1,0,,,,,0,1,1,0,1,2,1,0,,,,,,
26-9-2025  11:09 PDT,2025 NN&ING@065,6,"1,494",3,60,1,1,0,,,,,0,1,1,0,1,2,1,0,,,,,,
26-9-2025  11:08 PDT,2025 NN&ING@065,7,587,1,60,1,1,0,,,,,0,1,1,0,1,2,1,0,,,,,,
26-9-2025  11:07 PDT,2025 NN&ING@065,8,"1,226",1,60,1,1,0,,,,,0,1,1,0,1,2,1,0,,,,,,
26-9-2025  09:49 PDT,2025 NN&ING@065,1,"2,133",3,60,2,0,0,,,,,1,1,2,0,0,1,0,1,,,,,,
26-9-2025  09:48 PDT,2025 NN&ING@065,1,"2,196",5,60,1,0,0,,,,,1,1,2,0,0,1,0,1,,,,,,
26-9-2025  09:47 PDT,2025 NN&ING@065,2,"1,654",18,48,1,0,0,,,,,0,0,0,1,1,1,2,1,,,,,,
26-9-2025  09:46 PDT,2025 NN&ING@065,3,"1,251",5,24,1,0,0,,,,,0,1,1,0,1,2,1,0,,,,,,
26-9-2025  11:25 PDT,2025 NN&ING@067,1,"1,514",8,60,1,1,1,,,,,0,1,1,0,1,2,1,0,,,,,,
26-9-2025  11:25 PDT,2025 NN&ING@067,2,"1,353",2,60,1,1,1,,,,,0,1,1,0,1,2,1,0,,,,,,
26-9-2025  11:24 PDT,2025 NN&ING@067,3,"1,389",9,60,1,1,1,,,,,0,1,1,0,1,2,1,0,,,,,,
26-9-2025  11:22 PDT,2025 NN&ING@067,4,"1,813",8,60,1,1,1,,,,,1,1,2,0,0,1,0,1,,,,,,
26-9-2025  11:21 PDT,2025 NN&ING@067,5,"1,490",2,60,1,1,1,,,,,0,1,1,0,1,2,1,0,,,,,,
26-9-2025  11:20 PDT,2025 NN&ING@067,6,"1,500",7,60,1,1,1,,,,,0,1,1,0,1,2,1,0,,,,,,
26-9-2025  11:14 PDT,2025 NN&ING@067,1,"1,235",7,60,1,1,0,,,,,0,1,1,0,1,2,1,0,,,,,,
26-9-2025  11:14 PDT,2025 NN&ING@067,2,"-1,329",45,60,1,1,0,,,,,0,0,0,1,1,1,2,1,,,,,,
26-9-2025  11:11 PDT,2025 NN&ING@067,3,"1,531",2,60,1,1,0,,,,,0,1,1,0,1,2,1,0,,,,,,
26-9-2025  11:10 PDT,2025 NN&ING@067,4,936,5,60,1,1,0,,,,,0,1,1,0,1,2,1,0,,,,,,
26-9-2025  11:08 PDT,2025 NN&ING@067,5,"1,473",1,60,1,1,0,,,,,0,1,1,0,1,2,1,0,,,,,,
26-9-2025  11:07 PDT,2025 NN&ING@067,6,835,0,60,1,1,0,,,,,0,1,1,0,1,2,1,0,,,,,,
26-9-2025  11:07 PDT,2025 NN&ING@067,7,"1,219",0,60,1,1,0,,,,,0,1,1,0,1,2,1,0,,,,,,
26-9-2025  11:06 PDT,2025 NN&ING@067,8,"-14,743",100,60,1,1,0,,,,,0,0,0,1,1,1,2,1,,,,,,
26-9-2025  11:06 PDT,2025 NN&ING@067,9,-190,26,60,1,1,0,,,,,0,0,0,1,1,1,2,1,,,,,,
26-9-2025  11:05 PDT,2025 NN&ING@067,10,835,0,60,1,1,0,,,,,0,1,1,0,1,2,1,0,,,,,,
26-9-2025  11:04 PDT,2025 NN&ING@067,11,"-14,743",100,60,1,1,0,,,,,0,0,0,1,1,1,2,1,,,,,,
26-9-2025  09:50 PDT,2025 NN&ING@067,1,"2,074",3,60,2,0,0,,,,,0,1,1,0,1,2,1,0,,,,,,
26-9-2025  09:48 PDT,2025 NN&ING@067,1,"1,376",25,60,1,0,0,,,,,0,0,0,1,1,1,2,1,,,,,,
26-9-2025  09:48 PDT,2025 NN&ING@067,2,"2,086",2,60,1,0,0,,,,,0,1,1,0,1,2,1,0,,,,,,
26-9-2025  09:46 PDT,2025 NN&ING@067,3,"2,185",12,60,1,0,0,,,,,1,1,2,0,0,1,0,1,,,,,,
26-9-2025  09:45 PDT,2025 NN&ING@067,4,"2,011",5,60,1,0,0,,,,,0,1,1,0,1,2,1,0,,,,,,
26-9-2025  09:45 PDT,2025 NN&ING@067,5,752,44,60,1,0,0,,,,,0,0,0,1,1,1,2,1,,,,,,
26-9-2025  09:44 PDT,2025 NN&ING@067,6,"2,185",12,60,1,0,0,,,,,1,1,2,0,0,1,0,1,,,,,,
26-9-2025  09:44 PDT,2025 NN&ING@067,7,"2,086",2,60,1,0,0,,,,,0,1,1,0,1,2,1,0,,,,,,
26-9-2025  09:43 PDT,2025 NN&ING@067,8,"2,299",10,60,1,0,0,,,,,1,1,2,0,0,1,0,1,,,,,,
26-9-2025  09:42 PDT,2025 NN&ING@067,9,"2,086",2,60,1,0,0,,,,,0,1,1,0,1,2,1,0,,,,,,
26-9-2025  11:23 PDT,2025 NN&ING@069,1,200,46,60,1,1,1,,,,,0,0,0,1,1,1,2,1,,,,,,
26-9-2025  11:22 PDT,2025 NN&ING@069,2,"1,086",21,60,1,1,1,,,,,0,0,0,1,1,1,2,1,,,,,,
26-9-2025  11:20 PDT,2025 NN&ING@069,3,376,40,60,1,1,1,,,,,0,0,0,1,1,1,2,1,,,,,,
26-9-2025  11:12 PDT,2025 NN&ING@069,1,529,14,60,1,1,0,,,,,0,0,0,1,1,1,2,1,,,,,,
26-9-2025  11:08 PDT,2025 NN&ING@069,2,"-3,277",58,60,1,1,0,,,,,0,0,0,1,1,1,2,1,,,,,,
26-9-2025  11:07 PDT,2025 NN&ING@069,3,"-1,937",58,60,1,1,0,,,,,0,0,0,1,1,1,2,1,,,,,,
26-9-2025  11:06 PDT,2025 NN&ING@069,4,"-2,588",55,60,1,1,0,,,,,0,0,0,1,1,1,2,1,,,,,,
26-9-2025  09:48 PDT,2025 NN&ING@069,1,"2,310",15,60,1,0,0,,,,,1,0,1,1,0,0,1,2,,,,,,
26-9-2025  09:47 PDT,2025 NN&ING@069,2,"2,176",15,60,1,0,0,,,,,1,0,1,1,0,0,1,2,,,,,,
26-9-2025  09:46 PDT,2025 NN&ING@069,3,"2,177",16,60,1,0,0,,,,,1,0,1,1,0,0,1,2,,,,,,
26-9-2025  09:44 PDT,2025 NN&ING@069,4,"2,233",17,60,1,0,0,,,,,1,0,1,1,0,0,1,2,,,,,,
26-9-2025  11:21 PDT,2025 NN&ING@070,1,538,48,60,1,1,1,,,,,0,0,0,1,1,1,2,1,,,,,,
26-9-2025  11:09 PDT,2025 NN&ING@070,1,"-1,743",89,24,1,1,0,,,,,0,0,0,1,1,1,2,1,,,,,,
26-9-2025  11:08 PDT,2025 NN&ING@070,2,"-1,733",63,60,1,1,0,,,,,0,0,0,1,1,1,2,1,,,,,,
26-9-2025  11:07 PDT,2025 NN&ING@070,3,"-1,025",60,60,1,1,0,,,,,0,0,0,1,1,1,2,1,,,,,,
26-9-2025  09:50 PDT,2025 NN&ING@070,1,"2,363",3,60,1,0,0,,,,,1,1,2,0,0,1,0,1,,,,,,
26-9-2025  09:44 PDT,2025 NN&ING@070,2,"2,162",4,60,1,0,0,,,,,1,1,2,0,0,1,0,1,,,,,,
26-9-2025  11:22 PDT,2025 NN&ING@071,1,"1,213",14,60,1,1,1,,,,,0,0,0,1,1,1,2,1,,,,,,
26-9-2025  11:21 PDT,2025 NN&ING@071,2,924,7,60,1,1,1,,,,,0,1,1,0,1,2,1,0,,,,,,
26-9-2025  11:10 PDT,2025 NN&ING@071,1,-679,27,60,1,1,0,,,,,0,0,0,1,1,1,2,1,,,,,,
26-9-2025  11:08 PDT,2025 NN&ING@071,2,"1,237",2,60,1,1,0,,,,,0,1,1,0,1,2,1,0,,,,,,
26-9-2025  11:07 PDT,2025 NN&ING@071,3,-667,10,60,1,1,0,,,,,0,1,1,0,1,2,1,0,,,,,,
26-9-2025  11:06 PDT,2025 NN&ING@071,4,835,0,60,1,1,0,,,,,0,1,1,0,1,2,1,0,,,,,,
26-9-2025  11:06 PDT,2025 NN&ING@071,5,"-2,136",45,60,1,1,0,,,,,0,0,0,1,1,1,2,1,,,,,,
26-9-2025  09:50 PDT,2025 NN&ING@071,1,"2,227",4,60,2,0,0,,,,,1,1,2,0,0,1,0,1,,,,,,
26-9-2025  09:48 PDT,2025 NN&ING@071,1,"2,425",5,60,1,0,0,,,,,1,1,2,0,0,1,0,1,,,,,,
26-9-2025  09:47 PDT,2025 NN&ING@071,2,"2,204",4,60,1,0,0,,,,,1,1,2,0,0,1,0,1,,,,,,
26-9-2025  09:46 PDT,2025 NN&ING@071,3,"2,086",2,60,1,0,0,,,,,0,1,1,0,1,2,1,0,,,,,,
26-9-2025  09:45 PDT,2025 NN&ING@071,4,"2,204",4,60,1,0,0,,,,,1,1,2,0,0,1,0,1,,,,,,
26-9-2025  09:45 PDT,2025 NN&ING@071,5,"2,224",9,60,1,0,0,,,,,1,1,2,0,0,1,0,1,,,,,,
26-9-2025  09:44 PDT,2025 NN&ING@071,6,"1,708",18,60,1,0,0,,,,,0,0,0,1,1,1,2,1,,,,,,
26-9-2025  09:43 PDT,2025 NN&ING@071,7,"1,490",26,60,1,0,0,,,,,0,0,0,1,1,1,2,1,,,,,,
26-9-2025  11:36 PDT,2025 NN&ING@072,1,"1,320",5,60,1,1,1,,,,,0,1,1,0,1,2,1,0,,,,,,
26-9-2025  11:24 PDT,2025 NN&ING@072,2,622,67,60,1,1,1,,,,,0,0,0,1,1,1,2,1,,,,,,
26-9-2025  11:23 PDT,2025 NN&ING@072,3,24,61,60,1,1,1,,,,,0,0,0,1,1,1,2,1,,,,,,
26-9-2025  11:21 PDT,2025 NN&ING@072,4,340,84,60,1,1,1,,,,,0,0,0,1,1,1,2,1,,,,,,
26-9-2025  11:17 PDT,2025 NN&ING@072,1,"-7,673",92,60,1,1,0,,,,,0,0,0,1,1,1,2,1,,,,,,
26-9-2025  11:15 PDT,2025 NN&ING@072,2,"-7,195",94,60,1,1,0,,,,,0,0,0,1,1,1,2,1,,,,,,
26-9-2025  11:14 PDT,2025 NN&ING@072,3,"-9,870",98,60,1,1,0,,,,,0,0,0,1,1,1,2,1,,,,,,
26-9-2025  11:12 PDT,2025 NN&ING@072,4,"-9,528",96,60,1,1,0,,,,,0,0,0,1,1,1,2,1,,,,,,
26-9-2025  11:11 PDT,2025 NN&ING@072,5,"-11,554",97,60,1,1,0,,,,,0,0,0,1,1,1,2,1,,,,,,
26-9-2025  11:09 PDT,2025 NN&ING@072,6,"-10,531",91,60,1,1,0,,,,,0,0,0,1,1,1,2,1,,,,,,
26-9-2025  11:07 PDT,2025 NN&ING@072,7,"-3,727",62,60,1,1,0,,,,,0,0,0,1,1,1,2,1,,,,,,
26-9-2025  10:06 PDT,2025 NN&ING@072,1,"3,060",38,60,2,0,0,,,,,1,0,1,1,0,0,1,2,,,,,,
26-9-2025  09:49 PDT,2025 NN&ING@072,1,"2,422",11,60,1,0,0,,,,,1,1,2,0,0,1,0,1,,,,,,
26-9-2025  09:46 PDT,2025 NN&ING@072,2,"2,089",16,60,1,0,0,,,,,0,0,0,1,1,1,2,1,,,,,,
26-9-2025  09:44 PDT,2025 NN&ING@072,3,910,1,12,1,0,0,,,,,0,1,1,0,1,2,1,0,,,,,,
26-9-2025  11:13 PDT,2025 NN&ING@074,1,"1,005",5,60,1,1,0,,,,,0,1,1,0,1,2,1,0,,,,,,
26-9-2025  11:13 PDT,2025 NN&ING@074,2,139,10,60,1,1,0,,,,,0,1,1,0,1,2,1,0,,,,,,
26-9-2025  11:10 PDT,2025 NN&ING@074,3,"1,279",2,60,1,1,0,,,,,0,1,1,0,1,2,1,0,,,,,,
26-9-2025  11:09 PDT,2025 NN&ING@074,4,72,18,60,1,1,0,,,,,0,0,0,1,1,1,2,1,,,,,,
26-9-2025  09:53 PDT,2025 NN&ING@074,1,"2,204",9,60,1,0,0,,,,,1,1,2,0,0,1,0,1,,,,,,
26-9-2025  09:44 PDT,2025 NN&ING@074,2,812,1,12,1,0,0,,,,,0,1,1,0,1,2,1,0,,,,,,
26-9-2025  09:44 PDT,2025 NN&ING@074,3,"2,064",16,60,1,0,0,,,,,0,0,0,1,1,1,2,1,,,,,,
26-9-2025  11:21 PDT,2025 NN&ING@075,1,"1,048",1,60,1,1,1,,,,,0,1,1,0,1,2,1,0,,,,,,
26-9-2025  11:20 PDT,2025 NN&ING@075,2,900,58,12,1,1,1,,,,,0,0,0,1,1,1,2,1,,,,,,
26-9-2025  11:07 PDT,2025 NN&ING@075,5,"1,282",1,60,1,1,0,,,,,0,1,1,0,1,2,1,0,,,,,,
26-9-2025  11:07 PDT,2025 NN&ING@075,6,808,17,60,1,1,0,,,,,0,0,0,1,1,1,2,1,,,,,,
26-9-2025  11:06 PDT,2025 NN&ING@075,7,207,23,60,1,1,0,,,,,0,0,0,1,1,1,2,1,,,,,,
26-9-2025  11:05 PDT,2025 NN&ING@075,8,"1,666",3,60,1,1,0,,,,,0,1,1,0,1,2,1,0,,,,,,
26-9-2025  09:48 PDT,2025 NN&ING@075,1,"2,143",7,60,1,0,0,,,,,1,1,2,0,0,1,0,1,,,,,,
26-9-2025  09:44 PDT,2025 NN&ING@075,2,"2,209",3,60,1,0,0,,,,,1,1,2,0,0,1,0,1,,,,,,
26-9-2025  09:44 PDT,2025 NN&ING@075,3,"2,235",8,60,1,0,0,,,,,1,1,2,0,0,1,0,1,,,,,,
26-9-2025  09:43 PDT,2025 NN&ING@075,4,752,44,60,1,0,0,,,,,0,0,0,1,1,1,2,1,,,,,,
26-9-2025  11:24 PDT,2025 NN&ING@076,1,"-1,087",90,48,1,1,1,,,,,0,0,0,1,1,1,2,1,,,,,,
26-9-2025  11:23 PDT,2025 NN&ING@076,2,-671,97,36,1,1,1,,,,,0,0,0,1,1,1,2,1,,,,,,
26-9-2025  11:22 PDT,2025 NN&ING@076,3,"-1,164",89,60,1,1,1,,,,,0,0,0,1,1,1,2,1,,,,,,
26-9-2025  11:21 PDT,2025 NN&ING@076,4,-411,81,60,1,1,1,,,,,0,0,0,1,1,1,2,1,,,,,,
26-9-2025  11:20 PDT,2025 NN&ING@076,5,"-1,389",96,60,1,1,1,,,,,0,0,0,1,1,1,2,1,,,,,,
26-9-2025  11:13 PDT,2025 NN&ING@076,1,"-2,612",55,48,1,1,0,,,,,0,0,0,1,1,1,2,1,,,,,,
26-9-2025  11:12 PDT,2025 NN&ING@076,2,"-1,156",19,48,1,1,0,,,,,0,0,0,1,1,1,2,1,,,,,,
26-9-2025  11:10 PDT,2025 NN&ING@076,3,501,5,60,1,1,0,,,,,0,1,1,0,1,2,1,0,,,,,,
26-9-2025  11:09 PDT,2025 NN&ING@076,4,-790,11,48,1,1,0,,,,,0,1,1,0,1,2,1,0,,,,,,
26-9-2025  11:07 PDT,2025 NN&ING@076,5,-430,24,60,1,1,0,,,,,0,0,0,1,1,1,2,1,,,,,,
26-9-2025  09:50 PDT,2025 NN&ING@076,1,"2,433",17,60,2,0,0,,,,,1,0,1,1,0,0,1,2,,,,,,
26-9-2025  09:48 PDT,2025 NN&ING@076,1,"2,186",11,60,1,0,0,,,,,1,1,2,0,0,1,0,1,,,,,,
26-9-2025  09:46 PDT,2025 NN&ING@076,2,"2,189",15,60,1,0,0,,,,,1,0,1,1,0,0,1,2,,,,,,
26-9-2025  09:45 PDT,2025 NN&ING@076,3,"1,543",24,48,1,0,0,,,,,0,0,0,1,1,1,2,1,,,,,,
26-9-2025  09:44 PDT,2025 NN&ING@076,4,"1,267",42,48,1,0,0,,,,,0,0,0,1,1,1,2,1,,,,,,
26-9-2025  09:51 PDT,2025 NN&ING@077,1,"2,501",13,60,1,0,0,,,,,1,0,1,1,0,0,1,2,,,,,,
26-9-2025  11:24 PDT,2025 NN&ING@078,1,"1,029",22,48,1,1,1,,,,,0,0,0,1,1,1,2,1,,,,,,
26-9-2025  11:23 PDT,2025 NN&ING@078,2,"1,041",22,60,1,1,1,,,,,0,0,0,1,1,1,2,1,,,,,,
26-9-2025  11:21 PDT,2025 NN&ING@078,3,"1,137",25,60,1,1,1,,,,,0,0,0,1,1,1,2,1,,,,,,
26-9-2025  11:19 PDT,2025 NN&ING@078,4,"1,371",18,60,1,1,1,,,,,0,0,0,1,1,1,2,1,,,,,,
26-9-2025  11:17 PDT,2025 NN&ING@078,6,496,17,60,1,1,0,,,,,0,0,0,1,1,1,2,1,,,,,,
26-9-2025  11:16 PDT,2025 NN&ING@078,7,739,23,60,1,1,0,,,,,0,0,0,1,1,1,2,1,,,,,,
26-9-2025  11:14 PDT,2025 NN&ING@078,8,570,21,60,1,1,0,,,,,0,0,0,1,1,1,2,1,,,,,,
26-9-2025  11:13 PDT,2025 NN&ING@078,9,568,27,60,1,1,0,,,,,0,0,0,1,1,1,2,1,,,,,,
26-9-2025  11:12 PDT,2025 NN&ING@078,10,"1,095",13,60,1,1,0,,,,,0,0,0,1,1,1,2,1,,,,,,
26-9-2025  11:11 PDT,2025 NN&ING@078,11,856,33,60,1,1,0,,,,,0,0,0,1,1,1,2,1,,,,,,
26-9-2025  11:10 PDT,2025 NN&ING@078,12,613,18,60,1,1,0,,,,,0,0,0,1,1,1,2,1,,,,,,
26-9-2025  11:09 PDT,2025 NN&ING@078,13,"1,305",2,60,1,1,0,,,,,0,1,1,0,1,2,1,0,,,,,,
26-9-2025  11:08 PDT,2025 NN&ING@078,14,936,19,60,1,1,0,,,,,0,0,0,1,1,1,2,1,,,,,,
26-9-2025  11:07 PDT,2025 NN&ING@078,15,"1,325",8,60,1,1,0,,,,,0,1,1,0,1,2,1,0,,,,,,
26-9-2025  11:06 PDT,2025 NN&ING@078,16,978,12,60,1,1,0,,,,,0,1,1,0,1,2,1,0,,,,,,
26-9-2025  09:51 PDT,2025 NN&ING@078,1,"1,791",25,60,1,0,0,,,,,0,0,0,1,1,1,2,1,,,,,,
26-9-2025  09:47 PDT,2025 NN&ING@078,2,"2,487",16,60,1,0,0,,,,,1,0,1,1,0,0,1,2,,,,,,
26-9-2025  11:25 PDT,2025 NN&ING@079,1,665,3,60,1,1,1,,,,,0,1,1,0,1,2,1,0,,,,,,
26-9-2025  11:24 PDT,2025 NN&ING@079,2,467,1,60,1,1,1,,,,,0,1,1,0,1,2,1,0,,,,,,
26-9-2025  11:23 PDT,2025 NN&ING@079,3,591,0,60,1,1,1,,,,,0,1,1,0,1,2,1,0,,,,,,
26-9-2025  11:21 PDT,2025 NN&ING@079,4,873,0,60,1,1,1,,,,,0,1,1,0,1,2,1,0,,,,,,
26-9-2025  11:10 PDT,2025 NN&ING@079,1,835,0,60,1,1,0,,,,,0,1,1,0,1,2,1,0,,,,,,
26-9-2025  11:09 PDT,2025 NN&ING@079,2,"1,108",0,60,1,1,0,,,,,0,1,1,0,1,2,1,0,,,,,,
26-9-2025  11:07 PDT,2025 NN&ING@079,3,"1,204",0,60,1,1,0,,,,,0,1,1,0,1,2,1,0,,,,,,
26-9-2025  09:50 PDT,2025 NN&ING@079,1,"2,357",8,60,2,0,0,,,,,1,1,2,0,0,1,0,1,,,,,,
26-9-2025  09:49 PDT,2025 NN&ING@079,1,"2,265",6,60,1,0,0,,,,,1,1,2,0,0,1,0,1,,,,,,
26-9-2025  09:46 PDT,2025 NN&ING@079,2,"1,991",8,60,1,0,0,,,,,0,1,1,0,1,2,1,0,,,,,,
26-9-2025  09:45 PDT,2025 NN&ING@079,3,"1,991",8,60,1,0,0,,,,,0,1,1,0,1,2,1,0,,,,,,
26-9-2025  09:44 PDT,2025 NN&ING@079,4,"1,778",14,60,1,0,0,,,,,0,0,0,1,1,1,2,1,,,,,,
26-9-2025  11:22 PDT,2025 NN&ING@080,1,"1,394",14,60,1,1,1,,,,,0,0,0,1,1,1,2,1,,,,,,
26-9-2025  11:14 PDT,2025 NN&ING@080,1,"1,373",2,60,1,1,0,,,,,0,1,1,0,1,2,1,0,,,,,,
26-9-2025  11:13 PDT,2025 NN&ING@080,2,"1,638",3,60,1,1,0,,,,,0,1,1,0,1,2,1,0,,,,,,
26-9-2025  11:08 PDT,2025 NN&ING@080,3,-185,25,60,1,1,0,,,,,0,0,0,1,1,1,2,1,,,,,,
26-9-2025  11:08 PDT,2025 NN&ING@080,4,529,14,60,1,1,0,,,,,0,0,0,1,1,1,2,1,,,,,,
26-9-2025  11:07 PDT,2025 NN&ING@080,5,"-3,002",57,60,1,1,0,,,,,0,0,0,1,1,1,2,1,,,,,,
26-9-2025  11:06 PDT,2025 NN&ING@080,6,-679,27,60,1,1,0,,,,,0,0,0,1,1,1,2,1,,,,,,
26-9-2025  11:05 PDT,2025 NN&ING@080,7,835,0,60,1,1,0,,,,,0,1,1,0,1,2,1,0,,,,,,
26-9-2025  09:52 PDT,2025 NN&ING@080,1,"2,500",17,60,2,0,0,,,,,1,0,1,1,0,0,1,2,,,,,,
26-9-2025  09:48 PDT,2025 NN&ING@080,1,"2,297",11,60,1,0,0,,,,,1,1,2,0,0,1,0,1,,,,,,
26-9-2025  09:48 PDT,2025 NN&ING@080,2,"2,297",11,60,1,0,0,,,,,1,1,2,0,0,1,0,1,,,,,,
26-9-2025  09:47 PDT,2025 NN&ING@080,3,"1,490",26,60,1,0,0,,,,,0,0,0,1,1,1,2,1,,,,,,
26-9-2025  09:46 PDT,2025 NN&ING@080,4,"1,718",9,60,1,0,0,,,,,0,1,1,0,1,2,1,0,,,,,,
26-9-2025  09:44 PDT,2025 NN&ING@080,5,943,39,60,1,0,0,,,,,0,0,0,1,1,1,2,1,,,,,,
26-9-2025  09:43 PDT,2025 NN&ING@080,6,"1,138",3,12,1,0,0,,,,,0,1,1,0,1,2,1,0,,,,,,
26-9-2025  11:24 PDT,2025 NN&ING@081,1,"1,626",4,60,1,1,1,,,,,0,1,1,0,1,2,1,0,,,,,,
26-9-2025  11:23 PDT,2025 NN&ING@081,2,616,1,12,1,1,1,,,,,0,1,1,0,1,2,1,0,,,,,,
26-9-2025  11:23 PDT,2025 NN&ING@081,3,"1,735",9,60,1,1,1,,,,,1,1,2,0,0,1,0,1,,,,,,
26-9-2025  11:21 PDT,2025 NN&ING@081,4,659,8,36,1,1,1,,,,,0,1,1,0,1,2,1,0,,,,,,
26-9-2025  11:13 PDT,2025 NN&ING@081,1,"1,622",9,60,1,1,0,,,,,0,1,1,0,1,2,1,0,,,,,,
26-9-2025  11:12 PDT,2025 NN&ING@081,2,561,1,12,1,1,0,,,,,0,1,1,0,1,2,1,0,,,,,,
26-9-2025  11:11 PDT,2025 NN&ING@081,3,"1,414",2,60,1,1,0,,,,,0,1,1,0,1,2,1,0,,,,,,
26-9-2025  11:10 PDT,2025 NN&ING@081,4,"1,438",2,60,1,1,0,,,,,0,1,1,0,1,2,1,0,,,,,,
26-9-2025  11:09 PDT,2025 NN&ING@081,5,333,1,12,1,1,0,,,,,0,1,1,0,1,2,1,0,,,,,,
26-9-2025  11:09 PDT,2025 NN&ING@081,6,"1,263",1,60,1,1,0,,,,,0,1,1,0,1,2,1,0,,,,,,
26-9-2025  11:08 PDT,2025 NN&ING@081,7,202,1,12,1,1,0,,,,,0,1,1,0,1,2,1,0,,,,,,
26-9-2025  11:07 PDT,2025 NN&ING@081,8,368,1,12,1,1,0,,,,,0,1,1,0,1,2,1,0,,,,,,
26-9-2025  11:07 PDT,2025 NN&ING@081,9,654,2,24,1,1,0,,,,,0,1,1,0,1,2,1,0,,,,,,
26-9-2025  11:07 PDT,2025 NN&ING@081,10,"1,481",2,60,1,1,0,,,,,0,1,1,0,1,2,1,0,,,,,,
26-9-2025  11:05 PDT,2025 NN&ING@081,1,"2,333",8,60,2,0,0,,,,,1,1,2,0,0,1,0,1,,,,,,
26-9-2025  09:48 PDT,2025 NN&ING@081,1,"2,226",3,60,1,0,0,,,,,1,1,2,0,0,1,0,1,,,,,,
26-9-2025  09:47 PDT,2025 NN&ING@081,2,"2,201",3,60,1,0,0,,,,,1,1,2,0,0,1,0,1,,,,,,
26-9-2025  09:46 PDT,2025 NN&ING@081,3,"1,009",3,24,1,0,0,,,,,0,1,1,0,1,2,1,0,,,,,,
26-9-2025  09:45 PDT,2025 NN&ING@081,4,"2,133",4,60,1,0,0,,,,,1,1,2,0,0,1,0,1,,,,,,
26-9-2025  09:44 PDT,2025 NN&ING@081,5,"2,235",5,60,1,0,0,,,,,1,1,2,0,0,1,0,1,,,,,,
26-9-2025  11:22 PDT,2025 NN&ING@082,1,"1,453",8,60,1,1,1,,,,,0,1,1,0,1,2,1,0,,,,,,
26-9-2025  11:21 PDT,2025 NN&ING@082,2,"1,504",4,60,1,1,1,,,,,0,1,1,0,1,2,1,0,,,,,,
26-9-2025  11:14 PDT,2025 NN&ING@082,1,732,6,60,1,1,0,,,,,0,1,1,0,1,2,1,0,,,,,,
26-9-2025  11:10 PDT,2025 NN&ING@082,2,172,25,60,1,1,0,,,,,0,0,0,1,1,1,2,1,,,,,,
26-9-2025  11:09 PDT,2025 NN&ING@082,3,"-11,425",99,48,1,1,0,,,,,0,0,0,1,1,1,2,1,,,,,,
26-9-2025  11:08 PDT,2025 NN&ING@082,4,835,0,60,1,1,0,,,,,0,1,1,0,1,2,1,0,,,,,,
26-9-2025  11:08 PDT,2025 NN&ING@082,5,529,14,60,1,1,0,,,,,0,0,0,1,1,1,2,1,,,,,,
26-9-2025  11:07 PDT,2025 NN&ING@082,6,110,18,60,1,1,0,,,,,0,0,0,1,1,1,2,1,,,,,,
26-9-2025  09:50 PDT,2025 NN&ING@082,1,"2,735",14,60,2,0,0,,,,,1,0,1,1,0,0,1,2,,,,,,
26-9-2025  09:48 PDT,2025 NN&ING@082,1,"2,426",11,60,1,0,0,,,,,1,1,2,0,0,1,0,1,,,,,,
26-9-2025  09:47 PDT,2025 NN&ING@082,2,"2,204",4,60,1,0,0,,,,,1,1,2,0,0,1,0,1,,,,,,
26-9-2025  09:46 PDT,2025 NN&ING@082,3,"1,771",20,60,1,0,0,,,,,0,0,0,1,1,1,2,1,,,,,,
26-9-2025  11:22 PDT,2025 NN&ING@083,1,353,48,60,1,1,1,,,,,0,0,0,1,1,1,2,1,,,,,,
26-9-2025  11:14 PDT,2025 NN&ING@083,1,-748,44,36,1,1,0,,,,,0,0,0,1,1,1,2,1,,,,,,
26-9-2025  11:13 PDT,2025 NN&ING@083,2,"-1,970",47,60,1,1,0,,,,,0,0,0,1,1,1,2,1,,,,,,
26-9-2025  11:12 PDT,2025 NN&ING@083,3,-476,15,60,1,1,0,,,,,0,0,0,1,1,1,2,1,,,,,,
26-9-2025  11:11 PDT,2025 NN&ING@083,4,"-4,264",54,60,1,1,0,,,,,0,0,0,1,1,1,2,1,,,,,,
26-9-2025  11:09 PDT,2025 NN&ING@083,5,"-1,154",44,60,1,1,0,,,,,0,0,0,1,1,1,2,1,,,,,,
26-9-2025  11:08 PDT,2025 NN&ING@083,6,"-1,696",38,60,1,1,0,,,,,0,0,0,1,1,1,2,1,,,,,,
26-9-2025  11:07 PDT,2025 NN&ING@083,7,"-2,182",33,60,1,1,0,,,,,0,0,0,1,1,1,2,1,,,,,,
26-9-2025  09:50 PDT,2025 NN&ING@083,1,"2,472",14,60,2,0,0,,,,,1,0,1,1,0,0,1,2,,,,,,
26-9-2025  09:48 PDT,2025 NN&ING@083,1,"2,402",13,60,1,0,0,,,,,1,0,1,1,0,0,1,2,,,,,,
26-9-2025  09:47 PDT,2025 NN&ING@083,2,"2,408",9,60,1,0,0,,,,,1,1,2,0,0,1,0,1,,,,,,
26-9-2025  09:45 PDT,2025 NN&ING@083,3,"2,286",12,60,1,0,0,,,,,1,1,2,0,0,1,0,1,,,,,,
26-9-2025  09:44 PDT,2025 NN&ING@083,4,"1,990",16,60,1,0,0,,,,,0,0,0,1,1,1,2,1,,,,,,
26-9-2025  11:35 PDT,2025 NN&ING@084,1,"1,157",14,60,1,1,1,,,,,0,0,0,1,1,1,2,1,,,,,,
26-9-2025  11:34 PDT,2025 NN&ING@084,2,"1,384",30,60,1,1,1,,,,,0,0,0,1,1,1,2,1,,,,,,
26-9-2025  11:27 PDT,2025 NN&ING@084,3,747,54,60,1,1,1,,,,,0,0,0,1,1,1,2,1,,,,,,
26-9-2025  11:23 PDT,2025 NN&ING@084,4,"1,016",39,60,1,1,1,,,,,0,0,0,1,1,1,2,1,,,,,,
26-9-2025  11:21 PDT,2025 NN&ING@084,5,"1,027",22,60,1,1,1,,,,,0,0,0,1,1,1,2,1,,,,,,
26-9-2025  11:20 PDT,2025 NN&ING@084,6,"1,616",14,60,1,1,1,,,,,0,0,0,1,1,1,2,1,,,,,,
26-9-2025  11:18 PDT,2025 NN&ING@084,1,529,14,60,1,1,0,,,,,0,0,0,1,1,1,2,1,,,,,,
26-9-2025  11:17 PDT,2025 NN&ING@084,2,-752,28,48,1,1,0,,,,,0,0,0,1,1,1,2,1,,,,,,
26-9-2025  11:14 PDT,2025 NN&ING@084,3,-618,40,60,1,1,0,,,,,0,0,0,1,1,1,2,1,,,,,,
26-9-2025  11:12 PDT,2025 NN&ING@084,4,"-2,373",58,48,1,1,0,,,,,0,0,0,1,1,1,2,1,,,,,,
26-9-2025  11:12 PDT,2025 NN&ING@084,5,"-1,148",31,48,1,1,0,,,,,0,0,0,1,1,1,2,1,,,,,,
26-9-2025  11:10 PDT,2025 NN&ING@084,6,"-1,910",59,60,1,1,0,,,,,0,0,0,1,1,1,2,1,,,,,,
26-9-2025  11:09 PDT,2025 NN&ING@084,7,-747,28,60,1,1,0,,,,,0,0,0,1,1,1,2,1,,,,,,
26-9-2025  11:08 PDT,2025 NN&ING@084,8,84,20,48,1,1,0,,,,,0,0,0,1,1,1,2,1,,,,,,
26-9-2025  11:08 PDT,2025 NN&ING@084,9,-213,38,36,1,1,0,,,,,0,0,0,1,1,1,2,1,,,,,,
26-9-2025  11:07 PDT,2025 NN&ING@084,10,-98,23,60,1,1,0,,,,,0,0,0,1,1,1,2,1,,,,,,
26-9-2025  11:07 PDT,2025 NN&ING@084,11,-949,24,60,1,1,0,,,,,0,0,0,1,1,1,2,1,,,,,,
26-9-2025  11:06 PDT,2025 NN&ING@084,12,-495,10,60,1,1,0,,,,,0,1,1,0,1,2,1,0,,,,,,
26-9-2025  11:05 PDT,2025 NN&ING@084,13,-263,15,60,1,1,0,,,,,0,0,0,1,1,1,2,1,,,,,,
26-9-2025  10:14 PDT,2025 NN&ING@084,14,-568,28,48,1,1,0,,,,,0,0,0,1,1,1,2,1,,,,,,
26-9-2025  10:13 PDT,2025 NN&ING@084,15,"-1,402",40,48,1,1,0,,,,,0,0,0,1,1,1,2,1,,,,,,
26-9-2025  10:13 PDT,2025 NN&ING@084,16,"-7,796",61,60,1,1,0,,,,,0,0,0,1,1,1,2,1,,,,,,
26-9-2025  10:07 PDT,2025 NN&ING@084,1,"2,537",20,60,2,0,0,,,,,1,0,1,1,0,0,1,2,,,,,,
26-9-2025  10:06 PDT,2025 NN&ING@084,2,"2,207",7,60,2,0,0,,,,,1,1,2,0,0,1,0,1,,,,,,
26-9-2025  10:03 PDT,2025 NN&ING@084,3,"2,502",22,60,2,0,0,,,,,1,0,1,1,0,0,1,2,,,,,,
26-9-2025  09:49 PDT,2025 NN&ING@084,4,"1,513",27,24,2,0,0,,,,,0,0,0,1,1,1,2,1,,,,,,
26-9-2025  09:48 PDT,2025 NN&ING@084,1,"1,940",19,48,1,0,0,,,,,0,0,0,1,1,1,2,1,,,,,,
26-9-2025  09:48 PDT,2025 NN&ING@084,2,"2,388",9,60,1,0,0,,,,,1,1,2,0,0,1,0,1,,,,,,
26-9-2025  09:47 PDT,2025 NN&ING@084,3,"1,366",6,24,1,0,0,,,,,0,1,1,0,1,2,1,0,,,,,,
26-9-2025  09:46 PDT,2025 NN&ING@084,4,"2,489",8,60,1,0,0,,,,,1,1,2,0,0,1,0,1,,,,,,
26-9-2025  09:44 PDT,2025 NN&ING@084,5,578,0,12,1,0,0,,,,,0,1,1,0,1,2,1,0,,,,,,
26-9-2025  09:44 PDT,2025 NN&ING@084,6,"1,138",3,12,1,0,0,,,,,0,1,1,0,1,2,1,0,,,,,,
26-9-2025  11:14 PDT,2025 NN&ING@085,1,-627,20,60,1,1,0,,,,,0,0,0,1,1,1,2,1,,,,,,
26-9-2025  11:13 PDT,2025 NN&ING@085,2,-126,12,60,1,1,0,,,,,0,1,1,0,1,2,1,0,,,,,,
26-9-2025  11:12 PDT,2025 NN&ING@085,3,"-1,177",15,60,1,1,0,,,,,0,0,0,1,1,1,2,1,,,,,,
26-9-2025  11:11 PDT,2025 NN&ING@085,4,606,10,60,1,1,0,,,,,0,1,1,0,1,2,1,0,,,,,,
26-9-2025  11:09 PDT,2025 NN&ING@085,5,"1,271",1,60,1,1,0,,,,,0,1,1,0,1,2,1,0,,,,,,
26-9-2025  11:08 PDT,2025 NN&ING@085,6,"-1,593",26,60,1,1,0,,,,,0,0,0,1,1,1,2,1,,,,,,
26-9-2025  11:06 PDT,2025 NN&ING@085,7,"-1,797",34,60,1,1,0,,,,,0,0,0,1,1,1,2,1,,,,,,
26-9-2025  09:50 PDT,2025 NN&ING@085,1,"2,189",9,60,1,0,0,,,,,1,1,2,0,0,1,0,1,,,,,,
26-9-2025  11:15 PDT,2025 NN&ING@086,1,560,2,12,1,1,0,,,,,0,1,1,0,1,2,1,0,,,,,,
26-9-2025  11:15 PDT,2025 NN&ING@086,2,879,5,24,1,1,0,,,,,0,1,1,0,1,2,1,0,,,,,,
26-9-2025  11:10 PDT,2025 NN&ING@086,3,731,2,24,1,1,0,,,,,0,1,1,0,1,2,1,0,,,,,,
26-9-2025  11:09 PDT,2025 NN&ING@086,4,521,18,60,1,1,0,,,,,0,0,0,1,1,1,2,1,,,,,,
26-9-2025  11:08 PDT,2025 NN&ING@086,5,"-1,266",58,60,1,1,0,,,,,0,0,0,1,1,1,2,1,,,,,,
26-9-2025  11:06 PDT,2025 NN&ING@086,6,701,17,12,1,1,0,,,,,0,0,0,1,1,1,2,1,,,,,,
26-9-2025  11:06 PDT,2025 NN&ING@086,7,593,10,12,1,1,0,,,,,0,1,1,0,1,2,1,0,,,,,,
26-9-2025  09:50 PDT,2025 NN&ING@086,1,"2,253",12,60,1,0,0,,,,,1,1,2,0,0,1,0,1,,,,,,
26-9-2025  09:47 PDT,2025 NN&ING@086,2,646,1,12,1,0,0,,,,,0,1,1,0,1,2,1,0,,,,,,
26-9-2025  09:47 PDT,2025 NN&ING@086,3,"1,858",8,60,1,0,0,,,,,0,1,1,0,1,2,1,0,,,,,,
26-9-2025  09:46 PDT,2025 NN&ING@086,4,"1,138",3,12,1,0,0,,,,,0,1,1,0,1,2,1,0,,,,,,
26-9-2025  11:21 PDT,2025 NN&ING@088,1,943,6,60,1,1,1,,,,,0,1,1,0,1,2,1,0,,,,,,
26-9-2025  11:14 PDT,2025 NN&ING@088,1,"1,501",2,60,1,1,0,,,,,0,1,1,0,1,2,1,0,,,,,,
26-9-2025  11:13 PDT,2025 NN&ING@088,2,605,13,12,1,1,0,,,,,0,0,0,1,1,1,2,1,,,,,,
26-9-2025  11:09 PDT,2025 NN&ING@088,3,971,18,60,1,1,0,,,,,0,0,0,1,1,1,2,1,,,,,,
26-9-2025  11:07 PDT,2025 NN&ING@088,4,"1,627",5,60,1,1,0,,,,,0,1,1,0,1,2,1,0,,,,,,
26-9-2025  11:06 PDT,2025 NN&ING@088,5,"1,432",21,60,1,1,0,,,,,0,0,0,1,1,1,2,1,,,,,,
26-9-2025  09:50 PDT,2025 NN&ING@088,1,"2,480",10,60,2,0,0,,,,,1,1,2,0,0,1,0,1,,,,,,
26-9-2025  09:48 PDT,2025 NN&ING@088,1,"2,263",4,60,1,0,0,,,,,1,1,2,0,0,1,0,1,,,,,,
26-9-2025  09:46 PDT,2025 NN&ING@088,2,"2,179",3,60,1,0,0,,,,,1,1,2,0,0,1,0,1,,,,,,
26-9-2025  09:45 PDT,2025 NN&ING@088,3,"2,086",2,60,1,0,0,,,,,0,1,1,0,1,2,1,0,,,,,,
26-9-2025  09:44 PDT,2025 NN&ING@088,4,"1,782",6,48,1,0,0,,,,,0,1,1,0,1,2,1,0,,,,,,
26-9-2025  09:45 PDT,2025 NN&ING@088,5,"2,309",12,60,1,0,0,,,,,1,1,2,0,0,1,0,1,,,,,,
26-9-2025  09:43 PDT,2025 NN&ING@088,6,"1,711",26,60,1,0,0,,,,,0,0,0,1,1,1,2,1,,,,,,
26-9-2025  09:42 PDT,2025 NN&ING@088,7,752,44,60,1,0,0,,,,,0,0,0,1,1,1,2,1,,,,,,
26-9-2025  11:24 PDT,2025 NN&ING@089,1,"1,347",2,60,1,1,1,,,,,0,1,1,0,1,2,1,0,,,,,,
26-9-2025  11:23 PDT,2025 NN&ING@089,2,"1,069",57,12,1,1,1,,,,,0,0,0,1,1,1,2,1,,,,,,
26-9-2025  11:22 PDT,2025 NN&ING@089,3,"1,198",3,60,1,1,1,,,,,0,1,1,0,1,2,1,0,,,,,,
26-9-2025  11:11 PDT,2025 NN&ING@089,1,"1,173",12,60,1,1,0,,,,,0,1,1,0,1,2,1,0,,,,,,
26-9-2025  11:10 PDT,2025 NN&ING@089,2,"1,084",1,60,1,1,0,,,,,0,1,1,0,1,2,1,0,,,,,,
26-9-2025  11:09 PDT,2025 NN&ING@089,3,"1,101",1,48,1,1,0,,,,,0,1,1,0,1,2,1,0,,,,,,
26-9-2025  11:08 PDT,2025 NN&ING@089,4,-627,14,60,1,1,0,,,,,0,0,0,1,1,1,2,1,,,,,,
26-9-2025  09:51 PDT,2025 NN&ING@089,1,"1,838",22,60,2,0,0,,,,,0,0,0,1,1,1,2,1,,,,,,
26-9-2025  09:49 PDT,2025 NN&ING@089,2,"2,303",24,60,2,0,0,,,,,1,0,1,1,0,0,1,2,,,,,,
26-9-2025  09:48 PDT,2025 NN&ING@089,1,"2,264",8,60,1,0,0,,,,,1,1,2,0,0,1,0,1,,,,,,
26-9-2025  09:47 PDT,2025 NN&ING@089,2,"1,279",6,24,1,0,0,,,,,0,1,1,0,1,2,1,0,,,,,,
26-9-2025  11:21 PDT,2025 NN&ING@090,1,538,47,60,1,1,1,,,,,0,0,0,1,1,1,2,1,,,,,,
26-9-2025  11:20 PDT,2025 NN&ING@090,1,"-1,441",64,60,1,1,0,,,,,0,0,0,1,1,1,2,1,,,,,,
26-9-2025  11:13 PDT,2025 NN&ING@090,2,"-1,205",27,48,1,1,0,,,,,0,0,0,1,1,1,2,1,,,,,,
26-9-2025  11:12 PDT,2025 NN&ING@090,3,"-3,818",64,48,1,1,0,,,,,0,0,0,1,1,1,2,1,,,,,,
26-9-2025  11:08 PDT,2025 NN&ING@090,4,"-2,280",54,48,1,1,0,,,,,0,0,0,1,1,1,2,1,,,,,,
26-9-2025  11:07 PDT,2025 NN&ING@090,5,-705,23,60,1,1,0,,,,,0,0,0,1,1,1,2,1,,,,,,
26-9-2025  09:51 PDT,2025 NN&ING@090,1,"2,245",21,60,2,0,0,,,,,1,0,1,1,0,0,1,2,,,,,,
26-9-2025  09:49 PDT,2025 NN&ING@090,1,"2,218",13,60,1,0,0,,,,,1,0,1,1,0,0,1,2,,,,,,
26-9-2025  09:44 PDT,2025 NN&ING@090,2,887,1,12,1,0,0,,,,,0,1,1,0,1,2,1,0,,,,,,
26-9-2025  09:43 PDT,2025 NN&ING@090,3,887,1,12,1,0,0,,,,,0,1,1,0,1,2,1,0,,,,,,
26-9-2025  11:21 PDT,2025 NN&ING@091,1,"1,365",1,60,1,1,1,,,,,0,1,1,0,1,2,1,0,,,,,,
26-9-2025  11:14 PDT,2025 NN&ING@091,1,427,16,60,1,1,0,,,,,0,0,0,1,1,1,2,1,,,,,,
26-9-2025  11:08 PDT,2025 NN&ING@091,2,942,9,60,1,1,0,,,,,0,1,1,0,1,2,1,0,,,,,,
26-9-2025  11:07 PDT,2025 NN&ING@091,3,192,15,60,1,1,0,,,,,0,0,0,1,1,1,2,1,,,,,,
26-9-2025  11:06 PDT,2025 NN&ING@091,4,"-1,605",34,60,1,1,0,,,,,0,0,0,1,1,1,2,1,,,,,,
26-9-2025  09:49 PDT,2025 NN&ING@091,1,"2,409",11,60,1,0,0,,,,,1,1,2,0,0,1,0,1,,,,,,
26-9-2025  09:47 PDT,2025 NN&ING@091,2,"2,174",15,60,1,0,0,,,,,1,0,1,1,0,0,1,2,,,,,,
26-9-2025  09:46 PDT,2025 NN&ING@091,3,"2,185",12,60,1,0,0,,,,,1,1,2,0,0,1,0,1,,,,,,
26-9-2025  09:45 PDT,2025 NN&ING@091,4,"2,337",11,60,1,0,0,,,,,1,1,2,0,0,1,0,1,,,,,,
26-9-2025  09:44 PDT,2025 NN&ING@091,5,"1,756",9,36,1,0,0,,,,,0,1,1,0,1,2,1,0,,,,,,
26-9-2025  11:22 PDT,2025 NN&ING@092,1,"1,064",1,60,1,1,1,,,,,0,1,1,0,1,2,1,0,,,,,,
26-9-2025  11:21 PDT,2025 NN&ING@092,2,"1,076",1,60,1,1,1,,,,,0,1,1,0,1,2,1,0,,,,,,
26-9-2025  11:07 PDT,2025 NN&ING@092,5,"1,552",16,60,1,1,0,,,,,0,0,0,1,1,1,2,1,,,,,,
26-9-2025  09:53 PDT,2025 NN&ING@092,1,"2,180",7,60,1,0,0,,,,,1,1,2,0,0,1,0,1,,,,,,
26-9-2025  09:46 PDT,2025 NN&ING@092,2,"2,169",4,60,1,0,0,,,,,1,1,2,0,0,1,0,1,,,,,,
26-9-2025  11:22 PDT,2025 NN&ING@093,1,"-1,517",100,60,1,1,1,,,,,0,0,0,1,1,1,2,1,,,,,,
26-9-2025  11:21 PDT,2025 NN&ING@093,2,"-1,640",96,60,1,1,1,,,,,0,0,0,1,1,1,2,1,,,,,,
26-9-2025  11:20 PDT,2025 NN&ING@093,3,"-1,085",98,60,1,1,1,,,,,0,0,0,1,1,1,2,1,,,,,,
26-9-2025  11:07 PDT,2025 NN&ING@093,1,"-9,367",88,60,1,1,0,,,,,0,0,0,1,1,1,2,1,,,,,,
26-9-2025  11:07 PDT,2025 NN&ING@093,2,"-7,340",81,60,1,1,0,,,,,0,0,0,1,1,1,2,1,,,,,,
26-9-2025  09:50 PDT,2025 NN&ING@093,1,"2,960",33,60,2,0,0,,,,,1,0,1,1,0,0,1,2,,,,,,
26-9-2025  09:48 PDT,2025 NN&ING@093,1,"1,875",26,60,1,0,0,,,,,0,0,0,1,1,1,2,1,,,,,,
26-9-2025  09:47 PDT,2025 NN&ING@093,2,"1,391",31,60,1,0,0,,,,,0,0,0,1,1,1,2,1,,,,,,
26-9-2025  09:45 PDT,2025 NN&ING@093,3,"1,704",26,60,1,0,0,,,,,0,0,0,1,1,1,2,1,,,,,,
26-9-2025  11:23 PDT,2025 NN&ING@094,1,"1,366",7,60,1,1,1,,,,,0,1,1,0,1,2,1,0,,,,,,
26-9-2025  11:22 PDT,2025 NN&ING@094,2,"1,277",2,60,1,1,1,,,,,0,1,1,0,1,2,1,0,,,,,,
26-9-2025  11:21 PDT,2025 NN&ING@094,3,"1,059",6,60,1,1,1,,,,,0,1,1,0,1,2,1,0,,,,,,
26-9-2025  11:20 PDT,2025 NN&ING@094,4,"1,429",5,60,1,1,1,,,,,0,1,1,0,1,2,1,0,,,,,,
26-9-2025  11:12 PDT,2025 NN&ING@094,1,"1,276",5,60,1,1,0,,,,,0,1,1,0,1,2,1,0,,,,,,
26-9-2025  11:10 PDT,2025 NN&ING@094,2,"1,247",8,60,1,1,0,,,,,0,1,1,0,1,2,1,0,,,,,,
26-9-2025  11:09 PDT,2025 NN&ING@094,3,"1,070",9,60,1,1,0,,,,,0,1,1,0,1,2,1,0,,,,,,
26-9-2025  11:08 PDT,2025 NN&ING@094,4,"1,674",4,60,1,1,0,,,,,0,1,1,0,1,2,1,0,,,,,,
26-9-2025  11:07 PDT,2025 NN&ING@094,5,"1,247",8,60,1,1,0,,,,,0,1,1,0,1,2,1,0,,,,,,
26-9-2025  11:06 PDT,2025 NN&ING@094,6,"1,581",5,60,1,1,0,,,,,0,1,1,0,1,2,1,0,,,,,,
26-9-2025  11:05 PDT,2025 NN&ING@094,7,293,21,60,1,1,0,,,,,0,0,0,1,1,1,2,1,,,,,,
26-9-2025  09:51 PDT,2025 NN&ING@094,1,"2,567",14,60,2,0,0,,,,,1,0,1,1,0,0,1,2,,,,,,
26-9-2025  09:48 PDT,2025 NN&ING@094,1,"2,399",15,60,1,0,0,,,,,1,0,1,1,0,0,1,2,,,,,,
26-9-2025  09:47 PDT,2025 NN&ING@094,2,"2,157",6,60,1,0,0,,,,,1,1,2,0,0,1,0,1,,,,,,
26-9-2025  09:45 PDT,2025 NN&ING@094,3,"2,162",4,60,1,0,0,,,,,1,1,2,0,0,1,0,1,,,,,,
26-9-2025  09:44 PDT,2025 NN&ING@094,4,"2,249",10,60,1,0,0,,,,,1,1,2,0,0,1,0,1,,,,,,
26-9-2025  11:23 PDT,2025 NN&ING@097,1,"1,361",15,60,1,1,1,,,,,0,0,0,1,1,1,2,1,,,,,,
26-9-2025  11:22 PDT,2025 NN&ING@097,2,969,26,60,1,1,1,,,,,0,0,0,1,1,1,2,1,,,,,,
26-9-2025  11:21 PDT,2025 NN&ING@097,3,"1,453",9,60,1,1,1,,,,,0,1,1,0,1,2,1,0,,,,,,
26-9-2025  11:16 PDT,2025 NN&ING@097,1,-659,39,60,1,1,0,,,,,0,0,0,1,1,1,2,1,,,,,,
26-9-2025  11:14 PDT,2025 NN&ING@097,2,"-2,149",44,60,1,1,0,,,,,0,0,0,1,1,1,2,1,,,,,,
26-9-2025  11:13 PDT,2025 NN&ING@097,3,-146,36,48,1,1,0,,,,,0,0,0,1,1,1,2,1,,,,,,
26-9-2025  11:11 PDT,2025 NN&ING@097,4,"1,350",7,60,1,1,0,,,,,0,1,1,0,1,2,1,0,,,,,,
26-9-2025  11:10 PDT,2025 NN&ING@097,5,316,23,60,1,1,0,,,,,0,0,0,1,1,1,2,1,,,,,,
26-9-2025  11:09 PDT,2025 NN&ING@097,6,369,27,60,1,1,0,,,,,0,0,0,1,1,1,2,1,,,,,,
26-9-2025  11:08 PDT,2025 NN&ING@097,7,198,30,60,1,1,0,,,,,0,0,0,1,1,1,2,1,,,,,,
26-9-2025  11:07 PDT,2025 NN&ING@097,8,"-2,279",39,48,1,1,0,,,,,0,0,0,1,1,1,2,1,,,,,,
26-9-2025  11:06 PDT,2025 NN&ING@097,9,-679,27,60,1,1,0,,,,,0,0,0,1,1,1,2,1,,,,,,
26-9-2025  11:05 PDT,2025 NN&ING@097,10,651,1,48,1,1,0,,,,,0,1,1,0,1,2,1,0,,,,,,
26-9-2025  09:48 PDT,2025 NN&ING@097,1,"2,390",13,60,1,0,0,,,,,1,0,1,1,0,0,1,2,,,,,,
26-9-2025  09:48 PDT,2025 NN&ING@097,2,"2,364",13,60,1,0,0,,,,,1,0,1,1,0,0,1,2,,,,,,
26-9-2025  09:46 PDT,2025 NN&ING@097,3,"2,306",14,60,1,0,0,,,,,1,0,1,1,0,0,1,2,,,,,,
26-9-2025  09:45 PDT,2025 NN&ING@097,4,"2,185",12,60,1,0,0,,,,,1,1,2,0,0,1,0,1,,,,,,
26-9-2025  09:44 PDT,2025 NN&ING@097,5,"2,204",4,60,1,0,0,,,,,1,1,2,0,0,1,0,1,,,,,,
26-9-2025  09:44 PDT,2025 NN&ING@097,6,752,44,60,1,0,0,,,,,0,0,0,1,1,1,2,1,,,,,,
26-9-2025  11:36 PDT,2025 NN&ING@101,1,"1,235",17,60,1,1,1,,,,,0,0,0,1,1,1,2,1,,,,,,
26-9-2025  11:23 PDT,2025 NN&ING@101,2,"1,531",8,60,1,1,1,,,,,0,1,1,0,1,2,1,0,,,,,,
26-9-2025  11:22 PDT,2025 NN&ING@101,3,"1,640",2,60,1,1,1,,,,,0,1,1,0,1,2,1,0,,,,,,
26-9-2025  11:20 PDT,2025 NN&ING@101,4,"1,606",3,60,1,1,1,,,,,0,1,1,0,1,2,1,0,,,,,,
26-9-2025  11:17 PDT,2025 NN&ING@101,1,50,22,48,1,1,0,,,,,0,0,0,1,1,1,2,1,,,,,,
26-9-2025  11:14 PDT,2025 NN&ING@101,2,"1,345",6,60,1,1,0,,,,,0,1,1,0,1,2,1,0,,,,,,
26-9-2025  11:13 PDT,2025 NN&ING@101,3,763,9,60,1,1,0,,,,,0,1,1,0,1,2,1,0,,,,,,
26-9-2025  11:09 PDT,2025 NN&ING@101,4,"1,802",3,60,1,1,0,,,,,1,1,2,0,0,1,0,1,,,,,,
26-9-2025  11:09 PDT,2025 NN&ING@101,5,"1,068",1,60,1,1,0,,,,,0,1,1,0,1,2,1,0,,,,,,
26-9-2025  11:07 PDT,2025 NN&ING@101,6,-51,18,60,1,1,0,,,,,0,0,0,1,1,1,2,1,,,,,,
26-9-2025  11:07 PDT,2025 NN&ING@101,7,835,0,60,1,1,0,,,,,0,1,1,0,1,2,1,0,,,,,,
26-9-2025  11:06 PDT,2025 NN&ING@101,8,-386,26,60,1,1,0,,,,,0,0,0,1,1,1,2,1,,,,,,
26-9-2025  11:06 PDT,2025 NN&ING@101,9,"1,194",4,60,1,1,0,,,,,0,1,1,0,1,2,1,0,,,,,,
26-9-2025  09:50 PDT,2025 NN&ING@101,1,"2,341",11,60,1,0,0,,,,,1,1,2,0,0,1,0,1,,,,,,
26-9-2025  09:46 PDT,2025 NN&ING@101,2,"2,295",10,60,1,0,0,,,,,1,1,2,0,0,1,0,1,,,,,,
26-9-2025  09:44 PDT,2025 NN&ING@101,3,"2,157",6,60,1,0,0,,,,,1,1,2,0,0,1,0,1,,,,,,
26-9-2025  11:32 PDT,2025 NN&ING@102,1,"1,052",23,60,1,1,1,,,,,0,0,0,1,1,1,2,1,,,,,,
26-9-2025  11:15 PDT,2025 NN&ING@102,1,572,5,60,1,1,0,,,,,0,1,1,0,1,2,1,0,,,,,,
26-9-2025  11:14 PDT,2025 NN&ING@102,2,-357,17,60,1,1,0,,,,,0,0,0,1,1,1,2,1,,,,,,
26-9-2025  11:06 PDT,2025 NN&ING@102,3,"1,265",7,60,1,1,0,,,,,0,1,1,0,1,2,1,0,,,,,,
26-9-2025  11:06 PDT,2025 NN&ING@102,4,870,13,60,1,1,0,,,,,0,0,0,1,1,1,2,1,,,,,,
26-9-2025  11:05 PDT,2025 NN&ING@102,5,-856,34,48,1,1,0,,,,,0,0,0,1,1,1,2,1,,,,,,
26-9-2025  09:49 PDT,2025 NN&ING@102,1,"2,300",15,60,2,0,0,,,,,1,0,1,1,0,0,1,2,,,,,,
26-9-2025  09:48 PDT,2025 NN&ING@102,1,"2,102",10,60,1,0,0,,,,,0,1,1,0,1,2,1,0,,,,,,
26-9-2025  09:48 PDT,2025 NN&ING@102,2,"2,208",12,60,1,0,0,,,,,1,1,2,0,0,1,0,1,,,,,,
26-9-2025  09:46 PDT,2025 NN&ING@102,3,"2,208",14,60,1,0,0,,,,,1,0,1,1,0,0,1,2,,,,,,
26-9-2025  09:46 PDT,2025 NN&ING@102,4,"2,248",9,60,1,0,0,,,,,1,1,2,0,0,1,0,1,,,,,,
26-9-2025  09:45 PDT,2025 NN&ING@102,5,"2,369",12,60,1,0,0,,,,,1,1,2,0,0,1,0,1,,,,,,
26-9-2025  09:44 PDT,2025 NN&ING@102,6,"1,593",23,24,1,0,0,,,,,0,0,0,1,1,1,2,1,,,,,,
26-9-2025  09:44 PDT,2025 NN&ING@102,7,"2,399",15,60,1,0,0,,,,,1,0,1,1,0,0,1,2,,,,,,
26-9-2025  11:08 PDT,2025 NN&ING@111,1,651,1,48,1,1,0,,,,,0,1,1,0,1,2,1,0,,,,,,
26-9-2025  11:07 PDT,2025 NN&ING@112,1,138,0,60,1,1,0,,,,,0,1,1,0,1,2,1,0,,,,,,
14-3-2025  13:52 PDT,2025@VU001,1,"1,511",6,60,1,1,1,,,,,0,1,1,0,1,2,1,0,,,,,,
14-3-2025  13:46 PDT,2025@VU001,2,"1,440",4,60,1,1,1,,,,,0,1,1,0,1,2,1,0,,,,,,
14-3-2025  13:45 PDT,2025@VU001,3,804,1,60,1,1,1,,,,,0,1,1,0,1,2,1,0,,,,,,
14-3-2025  13:45 PDT,2025@VU001,4,646,3,60,1,1,1,,,,,0,1,1,0,1,2,1,0,,,,,,
14-3-2025  12:23 PDT,2025@VU001,1,"1,234",1,60,1,1,0,,,,,0,1,1,0,1,2,1,0,,,,,,
14-3-2025  12:23 PDT,2025@VU001,2,743,9,60,1,1,0,,,,,0,1,1,0,1,2,1,0,,,,,,
14-3-2025  10:32 PDT,2025@VU001,1,"1,718",9,60,1,0,0,,,,,0,1,1,0,1,2,1,0,,,,,,
14-3-2025  10:25 PDT,2025@VU001,3,529,14,60,1,1,0,,,,,0,0,0,1,1,1,2,1,,,,,,
14-3-2025  13:49 PDT,2025@VU002,1,"1,280",38,60,1,1,1,,,,,0,0,0,1,1,1,2,1,,,,,,
14-3-2025  12:23 PDT,2025@VU002,1,586,5,12,1,1,0,,,,,0,1,1,0,1,2,1,0,,,,,,
14-3-2025  12:23 PDT,2025@VU002,2,"-6,796",85,60,1,1,0,,,,,0,0,0,1,1,1,2,1,,,,,,
14-3-2025  12:22 PDT,2025@VU002,3,571,2,12,1,1,0,,,,,0,1,1,0,1,2,1,0,,,,,,
14-3-2025  12:23 PDT,2025@VU002,4,824,9,60,1,1,0,,,,,0,1,1,0,1,2,1,0,,,,,,
14-3-2025  12:20 PDT,2025@VU002,5,"-1,947",41,60,1,1,0,,,,,0,0,0,1,1,1,2,1,,,,,,
14-3-2025  11:01 PDT,2025@VU002,1,"2,309",13,60,2,0,0,,,,,1,0,1,1,0,0,1,2,,,,,,
14-3-2025  10:35 PDT,2025@VU002,1,"2,202",15,60,1,0,0,,,,,1,0,1,1,0,0,1,2,,,,,,
14-3-2025  10:32 PDT,2025@VU002,2,"1,780",21,60,1,0,0,,,,,0,0,0,1,1,1,2,1,,,,,,
14-3-2025  13:49 PDT,2025@VU003,1,"1,461",51,60,1,1,1,,,,,0,0,0,1,1,1,2,1,,,,,,
14-3-2025  13:48 PDT,2025@VU003,2,"1,048",62,60,1,1,1,,,,,0,0,0,1,1,1,2,1,,,,,,
14-3-2025  12:24 PDT,2025@VU003,1,835,0,60,1,1,0,,,,,0,1,1,0,1,2,1,0,,,,,,
14-3-2025  12:22 PDT,2025@VU003,2,"-2,196",89,24,1,1,0,,,,,0,0,0,1,1,1,2,1,,,,,,
14-3-2025  12:21 PDT,2025@VU003,3,"-2,935",76,60,1,1,0,,,,,0,0,0,1,1,1,2,1,,,,,,
14-3-2025  12:20 PDT,2025@VU003,4,"-1,144",30,60,1,1,0,,,,,0,0,0,1,1,1,2,1,,,,,,
14-3-2025  10:59 PDT,2025@VU003,1,"2,801",21,60,2,0,0,,,,,1,0,1,1,0,0,1,2,,,,,,
14-3-2025  10:32 PDT,2025@VU003,1,"2,408",9,60,1,0,0,,,,,1,1,2,0,0,1,0,1,,,,,,
14-3-2025  13:50 PDT,2025@VU004,1,-211,75,60,1,1,1,,,,,0,0,0,1,1,1,2,1,,,,,,
14-3-2025  13:48 PDT,2025@VU004,2,421,81,48,1,1,1,,,,,0,0,0,1,1,1,2,1,,,,,,
14-3-2025  13:47 PDT,2025@VU004,3,888,14,24,1,1,1,,,,,0,0,0,1,1,1,2,1,,,,,,
14-3-2025  13:47 PDT,2025@VU004,4,-470,81,60,1,1,1,,,,,0,0,0,1,1,1,2,1,,,,,,
14-3-2025  13:46 PDT,2025@VU004,5,88,95,60,1,1,1,,,,,0,0,0,1,1,1,2,1,,,,,,
14-3-2025  13:45 PDT,2025@VU004,6,-952,97,60,1,1,1,,,,,0,0,0,1,1,1,2,1,,,,,,
14-3-2025  12:19 PDT,2025@VU004,1,938,4,60,1,1,0,,,,,0,1,1,0,1,2,1,0,,,,,,
14-3-2025  12:18 PDT,2025@VU004,2,654,57,12,1,1,0,,,,,0,0,0,1,1,1,2,1,,,,,,
14-3-2025  12:18 PDT,2025@VU004,3,654,57,12,1,1,0,,,,,0,0,0,1,1,1,2,1,,,,,,
14-3-2025  12:18 PDT,2025@VU004,4,654,57,12,1,1,0,,,,,0,0,0,1,1,1,2,1,,,,,,
14-3-2025  11:00 PDT,2025@VU004,1,"2,593",11,60,2,0,0,,,,,1,1,2,0,0,1,0,1,,,,,,
14-3-2025  10:59 PDT,2025@VU004,2,"2,442",7,60,2,0,0,,,,,1,1,2,0,0,1,0,1,,,,,,
14-3-2025  10:58 PDT,2025@VU004,3,"2,171",11,60,2,0,0,,,,,1,1,2,0,0,1,0,1,,,,,,
14-3-2025  10:35 PDT,2025@VU004,1,"2,439",6,60,1,0,0,,,,,1,1,2,0,0,1,0,1,,,,,,
14-3-2025  10:34 PDT,2025@VU004,2,"1,622",19,48,1,0,0,,,,,0,0,0,1,1,1,2,1,,,,,,
14-3-2025  10:33 PDT,2025@VU004,3,"1,593",23,24,1,0,0,,,,,0,0,0,1,1,1,2,1,,,,,,
14-3-2025  10:33 PDT,2025@VU004,4,752,44,60,1,0,0,,,,,0,0,0,1,1,1,2,1,,,,,,
14-3-2025  10:32 PDT,2025@VU004,5,"2,249",10,60,1,0,0,,,,,1,1,2,0,0,1,0,1,,,,,,
14-3-2025  10:28 PDT,2025@VU004,6,"2,390",13,60,1,0,0,,,,,1,0,1,1,0,0,1,2,,,,,,
14-3-2025  12:24 PDT,2025@VU005,1,853,13,60,1,1,0,,,,,0,0,0,1,1,1,2,1,,,,,,
14-3-2025  12:23 PDT,2025@VU005,2,-609,32,60,1,1,0,,,,,0,0,0,1,1,1,2,1,,,,,,
14-3-2025  12:22 PDT,2025@VU005,3,"-2,038",76,36,1,1,0,,,,,0,0,0,1,1,1,2,1,,,,,,
14-3-2025  12:22 PDT,2025@VU005,4,"-2,483",63,48,1,1,0,,,,,0,0,0,1,1,1,2,1,,,,,,
14-3-2025  12:21 PDT,2025@VU005,5,"-1,897",38,60,1,1,0,,,,,0,0,0,1,1,1,2,1,,,,,,
14-3-2025  12:21 PDT,2025@VU005,6,"-1,071",41,60,1,1,0,,,,,0,0,0,1,1,1,2,1,,,,,,
14-3-2025  12:20 PDT,2025@VU005,7,"-5,406",78,60,1,1,0,,,,,0,0,0,1,1,1,2,1,,,,,,
14-3-2025  12:19 PDT,2025@VU005,8,-756,52,36,1,1,0,,,,,0,0,0,1,1,1,2,1,,,,,,
14-3-2025  12:19 PDT,2025@VU005,9,769,21,12,1,1,0,,,,,0,0,0,1,1,1,2,1,,,,,,
14-3-2025  12:19 PDT,2025@VU005,10,715,26,12,1,1,0,,,,,0,0,0,1,1,1,2,1,,,,,,
14-3-2025  12:19 PDT,2025@VU005,11,727,31,12,1,1,0,,,,,0,0,0,1,1,1,2,1,,,,,,
14-3-2025  12:18 PDT,2025@VU005,12,709,35,12,1,1,0,,,,,0,0,0,1,1,1,2,1,,,,,,
14-3-2025  12:18 PDT,2025@VU005,13,-383,55,24,1,1,0,,,,,0,0,0,1,1,1,2,1,,,,,,
14-3-2025  11:02 PDT,2025@VU005,1,"2,946",36,60,2,0,0,,,,,1,0,1,1,0,0,1,2,,,,,,
14-3-2025  11:01 PDT,2025@VU005,2,"1,863",26,60,2,0,0,,,,,0,0,0,1,1,1,2,1,,,,,,
14-3-2025  11:00 PDT,2025@VU005,3,"2,378",30,60,2,0,0,,,,,1,0,1,1,0,0,1,2,,,,,,
14-3-2025  11:00 PDT,2025@VU005,4,"1,662",30,36,2,0,0,,,,,0,0,0,1,1,1,2,1,,,,,,
14-3-2025  10:59 PDT,2025@VU005,5,"1,742",35,60,2,0,0,,,,,0,0,0,1,1,1,2,1,,,,,,
14-3-2025  10:59 PDT,2025@VU005,6,"1,011",11,12,2,0,0,,,,,0,1,1,0,1,2,1,0,,,,,,
14-3-2025  10:58 PDT,2025@VU005,7,"2,613",30,60,2,0,0,,,,,1,0,1,1,0,0,1,2,,,,,,
14-3-2025  10:35 PDT,2025@VU005,1,"2,518",10,60,1,0,0,,,,,1,1,2,0,0,1,0,1,,,,,,
14-3-2025  10:34 PDT,2025@VU005,2,"2,133",12,48,1,0,0,,,,,1,1,2,0,0,1,0,1,,,,,,
14-3-2025  10:33 PDT,2025@VU005,3,"2,187",16,60,1,0,0,,,,,1,0,1,1,0,0,1,2,,,,,,
14-3-2025  10:31 PDT,2025@VU005,4,"2,055",14,60,1,0,0,,,,,0,0,0,1,1,1,2,1,,,,,,
14-3-2025  13:56 PDT,2025@VU006,1,"1,700",6,60,1,1,1,,,,,1,1,2,0,0,1,0,1,,,,,,
14-3-2025  13:54 PDT,2025@VU006,2,661,42,60,1,1,1,,,,,0,0,0,1,1,1,2,1,,,,,,
14-3-2025  13:53 PDT,2025@VU006,3,"1,440",51,60,1,1,1,,,,,0,0,0,1,1,1,2,1,,,,,,
14-3-2025  13:52 PDT,2025@VU006,4,"1,195",58,60,1,1,1,,,,,0,0,0,1,1,1,2,1,,,,,,
14-3-2025  13:47 PDT,2025@VU006,5,"1,671",36,48,1,1,1,,,,,0,0,0,1,1,1,2,1,,,,,,
14-3-2025  13:46 PDT,2025@VU006,6,"1,174",61,60,1,1,1,,,,,0,0,0,1,1,1,2,1,,,,,,
14-3-2025  13:45 PDT,2025@VU006,7,"1,228",42,60,1,1,1,,,,,0,0,0,1,1,1,2,1,,,,,,
14-3-2025  13:44 PDT,2025@VU006,1,981,23,48,1,1,0,,,,,0,0,0,1,1,1,2,1,,,,,,
14-3-2025  13:42 PDT,2025@VU006,2,752,32,60,1,1,0,,,,,0,0,0,1,1,1,2,1,,,,,,
14-3-2025  12:26 PDT,2025@VU006,3,169,33,60,1,1,0,,,,,0,0,0,1,1,1,2,1,,,,,,
14-3-2025  12:25 PDT,2025@VU006,4,"-1,343",57,60,1,1,0,,,,,0,0,0,1,1,1,2,1,,,,,,
14-3-2025  12:24 PDT,2025@VU006,5,-880,63,60,1,1,0,,,,,0,0,0,1,1,1,2,1,,,,,,
14-3-2025  12:23 PDT,2025@VU006,6,-648,47,48,1,1,0,,,,,0,0,0,1,1,1,2,1,,,,,,
14-3-2025  12:22 PDT,2025@VU006,7,-716,58,60,1,1,0,,,,,0,0,0,1,1,1,2,1,,,,,,
14-3-2025  12:22 PDT,2025@VU006,8,"-2,913",84,60,1,1,0,,,,,0,0,0,1,1,1,2,1,,,,,,
14-3-2025  12:21 PDT,2025@VU006,9,-741,61,60,1,1,0,,,,,0,0,0,1,1,1,2,1,,,,,,
14-3-2025  12:20 PDT,2025@VU006,10,"-1,053",58,60,1,1,0,,,,,0,0,0,1,1,1,2,1,,,,,,
14-3-2025  12:19 PDT,2025@VU006,11,8,20,60,1,1,0,,,,,0,0,0,1,1,1,2,1,,,,,,
14-3-2025  12:18 PDT,2025@VU006,12,"-1,292",47,48,1,1,0,,,,,0,0,0,1,1,1,2,1,,,,,,
14-3-2025  12:18 PDT,2025@VU006,13,751,5,12,1,1,0,,,,,0,1,1,0,1,2,1,0,,,,,,
14-3-2025  12:17 PDT,2025@VU006,14,286,15,24,1,1,0,,,,,0,0,0,1,1,1,2,1,,,,,,
14-3-2025  12:17 PDT,2025@VU006,15,781,12,12,1,1,0,,,,,0,1,1,0,1,2,1,0,,,,,,
14-3-2025  11:14 PDT,2025@VU006,1,"3,085",18,60,2,0,0,,,,,1,0,1,1,0,0,1,2,,,,,,
14-3-2025  11:13 PDT,2025@VU006,2,"2,861",25,60,2,0,0,,,,,1,0,1,1,0,0,1,2,,,,,,
14-3-2025  11:12 PDT,2025@VU006,3,"2,428",10,60,2,0,0,,,,,1,1,2,0,0,1,0,1,,,,,,
14-3-2025  11:11 PDT,2025@VU006,4,"2,401",21,60,2,0,0,,,,,1,0,1,1,0,0,1,2,,,,,,
14-3-2025  11:10 PDT,2025@VU006,5,"2,569",9,60,2,0,0,,,,,1,1,2,0,0,1,0,1,,,,,,
14-3-2025  11:09 PDT,2025@VU006,6,"2,293",10,60,2,0,0,,,,,1,1,2,0,0,1,0,1,,,,,,
14-3-2025  11:08 PDT,2025@VU006,7,"2,487",16,60,2,0,0,,,,,1,0,1,1,0,0,1,2,,,,,,
14-3-2025  11:07 PDT,2025@VU006,8,"2,288",7,60,2,0,0,,,,,1,1,2,0,0,1,0,1,,,,,,
14-3-2025  11:06 PDT,2025@VU006,9,"2,532",4,60,2,0,0,,,,,1,1,2,0,0,1,0,1,,,,,,
14-3-2025  11:05 PDT,2025@VU006,10,"2,814",18,60,2,0,0,,,,,1,0,1,1,0,0,1,2,,,,,,
14-3-2025  11:04 PDT,2025@VU006,11,793,3,12,2,0,0,,,,,0,1,1,0,1,2,1,0,,,,,,
14-3-2025  11:04 PDT,2025@VU006,12,"2,330",7,60,2,0,0,,,,,1,1,2,0,0,1,0,1,,,,,,
14-3-2025  11:03 PDT,2025@VU006,13,"1,437",8,24,2,0,0,,,,,0,1,1,0,1,2,1,0,,,,,,
14-3-2025  11:03 PDT,2025@VU006,14,"1,570",8,24,2,0,0,,,,,0,1,1,0,1,2,1,0,,,,,,
14-3-2025  11:02 PDT,2025@VU006,15,"2,637",25,60,2,0,0,,,,,1,0,1,1,0,0,1,2,,,,,,
14-3-2025  11:01 PDT,2025@VU006,16,"3,066",24,60,2,0,0,,,,,1,0,1,1,0,0,1,2,,,,,,
14-3-2025  11:00 PDT,2025@VU006,17,"3,328",16,60,2,0,0,,,,,1,0,1,1,0,0,1,2,,,,,,
14-3-2025  10:40 PDT,2025@VU006,1,"2,309",14,60,1,0,0,,,,,1,0,1,1,0,0,1,2,,,,,,
14-3-2025  10:39 PDT,2025@VU006,2,"1,570",17,24,1,0,0,,,,,0,0,0,1,1,1,2,1,,,,,,
14-3-2025  10:39 PDT,2025@VU006,3,951,1,12,1,0,0,,,,,0,1,1,0,1,2,1,0,,,,,,
14-3-2025  10:38 PDT,2025@VU006,4,"2,474",14,60,1,0,0,,,,,1,0,1,1,0,0,1,2,,,,,,
14-3-2025  10:37 PDT,2025@VU006,5,"2,472",11,60,1,0,0,,,,,1,1,2,0,0,1,0,1,,,,,,
14-3-2025  10:35 PDT,2025@VU006,6,"2,501",11,60,1,0,0,,,,,1,1,2,0,0,1,0,1,,,,,,
14-3-2025  10:34 PDT,2025@VU006,7,"2,529",9,60,1,0,0,,,,,1,1,2,0,0,1,0,1,,,,,,
14-3-2025  10:33 PDT,2025@VU006,8,"2,269",8,60,1,0,0,,,,,1,1,2,0,0,1,0,1,,,,,,
14-3-2025  10:32 PDT,2025@VU006,9,"2,525",7,60,1,0,0,,,,,1,1,2,0,0,1,0,1,,,,,,
14-3-2025  10:31 PDT,2025@VU006,10,"2,086",2,60,1,0,0,,,,,0,1,1,0,1,2,1,0,,,,,,
14-3-2025  10:31 PDT,2025@VU006,11,"2,217",8,60,1,0,0,,,,,1,1,2,0,0,1,0,1,,,,,,
14-3-2025  10:29 PDT,2025@VU006,12,"2,469",12,60,1,0,0,,,,,1,1,2,0,0,1,0,1,,,,,,
14-3-2025  12:21 PDT,2025@VU007,1,"-7,079",90,60,1,1,0,,,,,0,0,0,1,1,1,2,1,,,,,,
14-3-2025  12:19 PDT,2025@VU007,2,"-6,288",83,60,1,1,0,,,,,0,0,0,1,1,1,2,1,,,,,,
14-3-2025  11:01 PDT,2025@VU007,1,"2,658",20,60,2,0,0,,,,,1,0,1,1,0,0,1,2,,,,,,
14-3-2025  11:00 PDT,2025@VU007,2,"2,558",19,60,2,0,0,,,,,1,0,1,1,0,0,1,2,,,,,,
14-3-2025  10:39 PDT,2025@VU007,1,966,1,12,1,0,0,,,,,0,1,1,0,1,2,1,0,,,,,,
14-3-2025  10:39 PDT,2025@VU007,2,"1,934",20,60,1,0,0,,,,,0,0,0,1,1,1,2,1,,,,,,
14-3-2025  13:49 PDT,2025@VU008,1,"1,245",18,60,1,1,1,,,,,0,0,0,1,1,1,2,1,,,,,,
14-3-2025  13:47 PDT,2025@VU008,2,905,29,60,1,1,1,,,,,0,0,0,1,1,1,2,1,,,,,,
14-3-2025  12:27 PDT,2025@VU008,1,-6,40,36,1,1,0,,,,,0,0,0,1,1,1,2,1,,,,,,
14-3-2025  12:25 PDT,2025@VU008,2,"-1,740",46,60,1,1,0,,,,,0,0,0,1,1,1,2,1,,,,,,
14-3-2025  12:21 PDT,2025@VU008,3,"-6,060",81,60,1,1,0,,,,,0,0,0,1,1,1,2,1,,,,,,
14-3-2025  11:03 PDT,2025@VU008,1,"3,391",39,60,2,0,0,,,,,1,0,1,1,0,0,1,2,,,,,,
14-3-2025  11:00 PDT,2025@VU008,2,"2,060",19,60,2,0,0,,,,,0,0,0,1,1,1,2,1,,,,,,
14-3-2025  10:57 PDT,2025@VU008,1,"2,349",15,60,1,0,0,,,,,1,0,1,1,0,0,1,2,,,,,,
14-3-2025  10:32 PDT,2025@VU010,1,793,1,12,1,0,0,,,,,0,1,1,0,1,2,1,0,,,,,,
14-3-2025  10:32 PDT,2025@VU010,2,"1,494",41,36,1,0,0,,,,,0,0,0,1,1,1,2,1,,,,,,
14-3-2025  10:32 PDT,2025@VU010,3,793,1,12,1,0,0,,,,,0,1,1,0,1,2,1,0,,,,,,
14-3-2025  13:48 PDT,2025@VU011,1,616,60,60,1,1,1,,,,,0,0,0,1,1,1,2,1,,,,,,
14-3-2025  13:47 PDT,2025@VU011,2,"-1,015",99,48,1,1,1,,,,,0,0,0,1,1,1,2,1,,,,,,
14-3-2025  13:46 PDT,2025@VU011,3,655,50,48,1,1,1,,,,,0,0,0,1,1,1,2,1,,,,,,
14-3-2025  11:03 PDT,2025@VU011,1,"2,528",45,60,2,0,0,,,,,1,0,1,1,0,0,1,2,,,,,,
14-3-2025  11:01 PDT,2025@VU011,1,"2,220",7,60,1,0,0,,,,,1,1,2,0,0,1,0,1,,,,,,
14-3-2025  10:37 PDT,2025@VU011,2,"2,086",2,60,1,0,0,,,,,0,1,1,0,1,2,1,0,,,,,,
14-3-2025  10:37 PDT,2025@VU011,3,"1,969",20,60,1,0,0,,,,,0,0,0,1,1,1,2,1,,,,,,
14-3-2025  10:36 PDT,2025@VU011,4,"2,141",8,60,1,0,0,,,,,1,1,2,0,0,1,0,1,,,,,,
14-3-2025  10:35 PDT,2025@VU011,5,"2,193",10,60,1,0,0,,,,,1,1,2,0,0,1,0,1,,,,,,
14-3-2025  10:34 PDT,2025@VU011,6,"1,432",8,24,1,0,0,,,,,0,1,1,0,1,2,1,0,,,,,,
14-3-2025  13:49 PDT,2025@VU012,1,"1,579",11,60,1,1,1,,,,,0,1,1,0,1,2,1,0,,,,,,
14-3-2025  13:48 PDT,2025@VU012,2,984,16,60,1,1,1,,,,,0,0,0,1,1,1,2,1,,,,,,
14-3-2025  13:47 PDT,2025@VU012,3,896,23,60,1,1,1,,,,,0,0,0,1,1,1,2,1,,,,,,
14-3-2025  13:45 PDT,2025@VU012,4,903,5,60,1,1,1,,,,,0,1,1,0,1,2,1,0,,,,,,
14-3-2025  12:23 PDT,2025@VU012,1,"-2,146",36,60,1,1,0,,,,,0,0,0,1,1,1,2,1,,,,,,
14-3-2025  12:20 PDT,2025@VU012,2,"-1,268",25,60,1,1,0,,,,,0,0,0,1,1,1,2,1,,,,,,
14-3-2025  12:19 PDT,2025@VU012,3,"-2,340",37,60,1,1,0,,,,,0,0,0,1,1,1,2,1,,,,,,
14-3-2025  11:04 PDT,2025@VU012,1,"1,741",10,36,2,0,0,,,,,0,1,1,0,1,2,1,0,,,,,,
14-3-2025  11:02 PDT,2025@VU012,2,"2,048",38,60,2,0,0,,,,,0,0,0,1,1,1,2,1,,,,,,
14-3-2025  11:02 PDT,2025@VU012,3,"1,741",26,60,2,0,0,,,,,0,0,0,1,1,1,2,1,,,,,,
14-3-2025  11:01 PDT,2025@VU012,4,"1,764",3,36,2,0,0,,,,,0,1,1,0,1,2,1,0,,,,,,
14-3-2025  10:59 PDT,2025@VU012,5,"3,578",35,60,2,0,0,,,,,1,0,1,1,0,0,1,2,,,,,,
14-3-2025  10:59 PDT,2025@VU012,6,"2,299",8,60,2,0,0,,,,,1,1,2,0,0,1,0,1,,,,,,
14-3-2025  10:37 PDT,2025@VU012,1,"2,265",9,60,1,0,0,,,,,1,1,2,0,0,1,0,1,,,,,,
14-3-2025  10:36 PDT,2025@VU012,2,"2,243",9,60,1,0,0,,,,,1,1,2,0,0,1,0,1,,,,,,
14-3-2025  10:33 PDT,2025@VU012,3,"2,067",14,60,1,0,0,,,,,0,0,0,1,1,1,2,1,,,,,,
14-3-2025  10:32 PDT,2025@VU012,4,"2,264",8,60,1,0,0,,,,,1,1,2,0,0,1,0,1,,,,,,
14-3-2025  10:32 PDT,2025@VU012,5,"2,189",7,60,1,0,0,,,,,1,1,2,0,0,1,0,1,,,,,,
14-3-2025  10:31 PDT,2025@VU012,6,"2,212",8,60,1,0,0,,,,,1,1,2,0,0,1,0,1,,,,,,
14-3-2025  12:23 PDT,2025@VU013,1,"-1,266",57,36,1,1,0,,,,,0,0,0,1,1,1,2,1,,,,,,
14-3-2025  12:20 PDT,2025@VU013,2,"-3,521",66,60,1,1,0,,,,,0,0,0,1,1,1,2,1,,,,,,
14-3-2025  11:01 PDT,2025@VU013,1,"1,657",3,24,2,0,0,,,,,0,1,1,0,1,2,1,0,,,,,,
14-3-2025  10:35 PDT,2025@VU013,1,"1,833",20,60,1,0,0,,,,,0,0,0,1,1,1,2,1,,,,,,
14-3-2025  10:34 PDT,2025@VU013,2,578,0,12,1,0,0,,,,,0,1,1,0,1,2,1,0,,,,,,
14-3-2025  10:34 PDT,2025@VU013,3,"2,159",4,60,1,0,0,,,,,1,1,2,0,0,1,0,1,,,,,,
14-3-2025  10:33 PDT,2025@VU013,4,"2,082",14,60,1,0,0,,,,,0,0,0,1,1,1,2,1,,,,,,
14-3-2025  12:19 PDT,2025@VU014,1,955,11,48,1,1,0,,,,,0,1,1,0,1,2,1,0,,,,,,
14-3-2025  10:36 PDT,2025@VU014,1,"2,235",4,60,1,0,0,,,,,1,1,2,0,0,1,0,1,,,,,,
14-3-2025  12:21 PDT,2025@VU015,1,"1,665",2,60,1,1,0,,,,,0,1,1,0,1,2,1,0,,,,,,
14-3-2025  12:20 PDT,2025@VU015,2,835,0,60,1,1,0,,,,,0,1,1,0,1,2,1,0,,,,,,
14-3-2025  12:20 PDT,2025@VU015,3,"-3,644",75,60,1,1,0,,,,,0,0,0,1,1,1,2,1,,,,,,
14-3-2025  12:19 PDT,2025@VU015,4,"-2,196",89,24,1,1,0,,,,,0,0,0,1,1,1,2,1,,,,,,
14-3-2025  12:19 PDT,2025@VU015,5,-368,30,36,1,1,0,,,,,0,0,0,1,1,1,2,1,,,,,,
14-3-2025  12:18 PDT,2025@VU015,6,"-8,014",92,60,1,1,0,,,,,0,0,0,1,1,1,2,1,,,,,,
14-3-2025  11:00 PDT,2025@VU015,1,"3,126",16,60,2,0,0,,,,,1,0,1,1,0,0,1,2,,,,,,
14-3-2025  10:31 PDT,2025@VU015,1,"2,169",4,60,1,0,0,,,,,1,1,2,0,0,1,0,1,,,,,,
14-3-2025  13:47 PDT,2025@VU016,1,"1,303",4,60,1,1,1,,,,,0,1,1,0,1,2,1,0,,,,,,
14-3-2025  13:46 PDT,2025@VU016,2,"1,287",12,60,1,1,1,,,,,0,1,1,0,1,2,1,0,,,,,,
14-3-2025  13:46 PDT,2025@VU016,3,271,1,12,1,1,1,,,,,0,1,1,0,1,2,1,0,,,,,,
14-3-2025  13:46 PDT,2025@VU016,4,"1,182",6,48,1,1,1,,,,,0,1,1,0,1,2,1,0,,,,,,
14-3-2025  12:24 PDT,2025@VU016,1,814,2,36,1,1,0,,,,,0,1,1,0,1,2,1,0,,,,,,
14-3-2025  12:23 PDT,2025@VU016,2,452,12,12,1,1,0,,,,,0,1,1,0,1,2,1,0,,,,,,
14-3-2025  12:23 PDT,2025@VU016,3,516,16,24,1,1,0,,,,,0,0,0,1,1,1,2,1,,,,,,
14-3-2025  12:21 PDT,2025@VU016,4,382,26,24,1,1,0,,,,,0,0,0,1,1,1,2,1,,,,,,
14-3-2025  12:21 PDT,2025@VU016,5,"-5,154",97,36,1,1,0,,,,,0,0,0,1,1,1,2,1,,,,,,
14-3-2025  12:23 PDT,2025@VU016,6,874,9,60,1,1,0,,,,,0,1,1,0,1,2,1,0,,,,,,
14-3-2025  11:02 PDT,2025@VU017,1,"1,267",3,24,2,0,0,,,,,0,1,1,0,1,2,1,0,,,,,,
14-3-2025  11:02 PDT,2025@VU017,1,"2,047",18,60,1,0,0,,,,,0,0,0,1,1,1,2,1,,,,,,
14-3-2025  10:37 PDT,2025@VU018,1,752,44,60,1,0,0,,,,,0,0,0,1,1,1,2,1,,,,,,
14-3-2025  10:35 PDT,2025@VU018,2,"2,260",11,60,1,0,0,,,,,1,1,2,0,0,1,0,1,,,,,,
14-3-2025  10:34 PDT,2025@VU018,3,"2,180",10,60,1,0,0,,,,,1,1,2,0,0,1,0,1,,,,,,
14-3-2025  10:35 PDT,2025@VU019,1,"2,086",2,60,1,0,0,,,,,0,1,1,0,1,2,1,0,,,,,,
14-3-2025  10:35 PDT,2025@VU019,2,752,44,60,1,0,0,,,,,0,0,0,1,1,1,2,1,,,,,,
14-3-2025  10:34 PDT,2025@VU019,3,"2,208",14,60,1,0,0,,,,,1,0,1,1,0,0,1,2,,,,,,
7-11-2024  14:35 PDT,AT,1,"1,549",4,60,1,1,1,,,,,0,1,1,0,1,2,1,0,,,,,,
7-11-2024  14:32 PDT,AT,2,"1,140",28,60,1,1,1,,,,,0,0,0,1,1,1,2,1,,,,,,
7-11-2024  14:15 PDT,AT,3,"1,296",3,60,1,1,1,,,,,0,1,1,0,1,2,1,0,,,,,,
7-11-2024  14:13 PDT,AT,3,"1,347",21,60,1,1,1,,,,,0,0,0,1,1,1,2,1,,,,,,
7-11-2024  14:11 PDT,AT,4,951,26,60,1,1,1,,,,,0,0,0,1,1,1,2,1,,,,,,
7-11-2024  14:08 PDT,AT,1,889,3,60,1,1,0,,,,,0,1,1,0,1,2,1,0,,,,,,
7-11-2024  14:06 PDT,AT,2,540,3,60,1,1,0,,,,,0,1,1,0,1,2,1,0,,,,,,
7-11-2024  14:05 PDT,AT,3,-472,2,60,1,1,0,,,,,0,1,1,0,1,2,1,0,,,,,,
7-11-2024  14:04 PDT,AT,4,719,2,60,1,1,0,,,,,0,1,1,0,1,2,1,0,,,,,,
7-11-2024  14:03 PDT,AT,5,"1,157",1,60,1,1,0,,,,,0,1,1,0,1,2,1,0,,,,,,
7-11-2024  14:02 PDT,AT,6,-68,9,60,1,1,0,,,,,0,1,1,0,1,2,1,0,,,,,,
7-11-2024  12:00 PDT,AT,1,"2,108",13,60,2,0,0,,,,,0,0,0,1,1,1,2,1,,,,,,
7-11-2024  11:59 PDT,AT,2,"2,270",11,60,2,0,0,,,,,1,1,2,0,0,1,0,1,,,,,,
7-11-2024  11:58 PDT,AT,3,"2,144",5,60,2,0,0,,,,,1,1,2,0,0,1,0,1,,,,,,
7-11-2024  11:57 PDT,AT,4,"2,123",8,48,2,0,0,,,,,0,1,1,0,1,2,1,0,,,,,,
7-11-2024  11:56 PDT,AT,5,"2,379",12,60,2,0,0,,,,,1,1,2,0,0,1,0,1,,,,,,
7-11-2024  11:55 PDT,AT,6,"2,170",9,60,2,0,0,,,,,1,1,2,0,0,1,0,1,,,,,,
7-11-2024  11:54 PDT,AT,1,"2,380",9,60,1,0,0,,,,,1,1,2,0,0,1,0,1,,,,,,
7-11-2024  11:53 PDT,AT,2,"2,086",2,60,1,0,0,,,,,0,1,1,0,1,2,1,0,,,,,,
7-11-2024  11:52 PDT,AT,3,"2,381",8,60,1,0,0,,,,,1,1,2,0,0,1,0,1,,,,,,
7-11-2024  14:13 PDT,AH,1,"1,342",16,60,1,1,1,,,,,0,0,0,1,1,1,2,1,,,,,,
7-11-2024  14:12 PDT,AH,2,"1,489",16,60,1,1,1,,,,,0,0,0,1,1,1,2,1,,,,,,
7-11-2024  14:10 PDT,AH,3,"-2,679",100,60,1,1,1,,,,,0,0,0,1,1,1,2,1,,,,,,
7-11-2024  14:09 PDT,AH,1,"-2,915",2,60,1,1,0,,,,,0,1,1,0,1,2,1,0,,,,,,
7-11-2024  14:06 PDT,AH,2,"1,065",9,60,1,1,0,,,,,0,1,1,0,1,2,1,0,,,,,,
7-11-2024  14:05 PDT,AH,3,389,18,60,1,1,0,,,,,0,0,0,1,1,1,2,1,,,,,,
7-11-2024  14:04 PDT,AH,4,536,16,60,1,1,0,,,,,0,0,0,1,1,1,2,1,,,,,,
7-11-2024  14:02 PDT,AH,5,"1,345",6,60,1,1,0,,,,,0,1,1,0,1,2,1,0,,,,,,
7-11-2024  14:02 PDT,AH,6,"-4,045",13,60,1,1,0,,,,,0,0,0,1,1,1,2,1,,,,,,
7-11-2024  11:57 PDT,AH,1,"1,336",18,60,2,0,0,,,,,0,0,0,1,1,1,2,1,,,,,,
7-11-2024  11:52 PDT,AH,1,"1,702",23,60,1,0,0,,,,,0,0,0,1,1,1,2,1,,,,,,
7-11-2024  14:16 PDT,BC,1,946,44,60,1,1,1,,,,,0,0,0,1,1,1,2,1,,,,,,
7-11-2024  14:13 PDT,BC,2,786,44,60,1,1,1,,,,,0,0,0,1,1,1,2,1,,,,,,
7-11-2024  14:11 PDT,BC,3,"1,069",57,12,1,1,1,,,,,0,0,0,1,1,1,2,1,,,,,,
7-11-2024  14:10 PDT,BC,4,838,35,60,1,1,1,,,,,0,0,0,1,1,1,2,1,,,,,,
7-11-2024  14:09 PDT,BC,1,101,26,60,1,1,0,,,,,0,0,0,1,1,1,2,1,,,,,,
7-11-2024  14:07 PDT,BC,2,23,31,60,1,1,0,,,,,0,0,0,1,1,1,2,1,,,,,,
7-11-2024  14:06 PDT,BC,3,"-1,704",45,60,1,1,0,,,,,0,0,0,1,1,1,2,1,,,,,,
7-11-2024  14:05 PDT,BC,4,-100,30,60,1,1,0,,,,,0,0,0,1,1,1,2,1,,,,,,
7-11-2024  14:04 PDT,BC,5,486,21,60,1,1,0,,,,,0,0,0,1,1,1,2,1,,,,,,
7-11-2024  14:03 PDT,BC,6,719,16,60,1,1,0,,,,,0,0,0,1,1,1,2,1,,,,,,
7-11-2024  14:03 PDT,BC,7,81,27,60,1,1,0,,,,,0,0,0,1,1,1,2,1,,,,,,
7-11-2024  14:02 PDT,BC,8,"-1,512",37,60,1,1,0,,,,,0,0,0,1,1,1,2,1,,,,,,
7-11-2024  12:03 PDT,BC,1,"2,591",15,60,2,0,0,,,,,1,0,1,1,0,0,1,2,,,,,,
7-11-2024  12:02 PDT,BC,2,"2,699",19,60,2,0,0,,,,,1,0,1,1,0,0,1,2,,,,,,
7-11-2024  11:59 PDT,BC,3,"2,565",13,60,2,0,0,,,,,1,0,1,1,0,0,1,2,,,,,,
7-11-2024  11:58 PDT,BC,4,"2,391",12,60,2,0,0,,,,,1,1,2,0,0,1,0,1,,,,,,
7-11-2024  11:58 PDT,BC,5,"2,276",15,48,2,0,0,,,,,1,0,1,1,0,0,1,2,,,,,,
7-11-2024  11:57 PDT,BC,5,"2,730",15,60,2,0,0,,,,,1,0,1,1,0,0,1,2,,,,,,
7-11-2024  11:56 PDT,BC,6,"2,528",15,60,2,0,0,,,,,1,0,1,1,0,0,1,2,,,,,,
7-11-2024  11:55 PDT,BC,1,"2,219",9,60,1,0,0,,,,,1,1,2,0,0,1,0,1,,,,,,
7-11-2024  11:54 PDT,BC,2,"2,266",11,60,1,0,0,,,,,1,1,2,0,0,1,0,1,,,,,,
7-11-2024  11:53 PDT,BC,3,"2,226",11,60,1,0,0,,,,,1,1,2,0,0,1,0,1,,,,,,
7-11-2024  11:53 PDT,BC,4,"2,270",9,60,1,0,0,,,,,1,1,2,0,0,1,0,1,,,,,,
7-11-2024  11:52 PDT,BC,5,"2,185",12,60,1,0,0,,,,,1,1,2,0,0,1,0,1,,,,,,
7-11-2024  11:51 PDT,BC,6,"1,873",20,60,1,0,0,,,,,0,0,0,1,1,1,2,1,,,,,,
7-11-2024  14:13 PDT,EE,1,791,69,60,1,1,1,,,,,0,0,0,1,1,1,2,1,,,,,,
7-11-2024  14:12 PDT,EE,2,856,1,60,1,1,1,,,,,0,1,1,0,1,2,1,0,,,,,,
7-11-2024  14:06 PDT,EE,1,"1,033",3,48,1,1,0,,,,,0,1,1,0,1,2,1,0,,,,,,
7-11-2024  14:05 PDT,EE,2,911,11,60,1,1,0,,,,,0,1,1,0,1,2,1,0,,,,,,
7-11-2024  14:02 PDT,EE,3,"1,104",14,60,1,1,0,,,,,0,0,0,1,1,1,2,1,,,,,,
7-11-2024  12:00 PDT,EE,1,"2,370",9,60,2,0,0,,,,,1,1,2,0,0,1,0,1,,,,,,
7-11-2024  11:56 PDT,EE,2,"1,129",18,36,2,0,0,,,,,0,0,0,1,1,1,2,1,,,,,,
7-11-2024  11:55 PDT,EE,1,"2,439",12,60,1,0,0,,,,,1,1,2,0,0,1,0,1,,,,,,
7-11-2024  11:54 PDT,EE,2,"1,628",9,36,1,0,0,,,,,0,1,1,0,1,2,1,0,,,,,,
7-11-2024  11:53 PDT,EE,3,"2,302",15,60,1,0,0,,,,,1,0,1,1,0,0,1,2,,,,,,
7-11-2024  11:53 PDT,EE,4,"1,727",20,60,1,0,0,,,,,0,0,0,1,1,1,2,1,,,,,,
7-11-2024  11:52 PDT,EE,5,"2,189",3,60,1,0,0,,,,,1,1,2,0,0,1,0,1,,,,,,
7-11-2024  11:51 PDT,EE,6,"2,086",2,60,1,0,0,,,,,0,1,1,0,1,2,1,0,,,,,,
7-11-2024  11:51 PDT,EE,7,612,1,12,1,0,0,,,,,0,1,1,0,1,2,1,0,,,,,,
7-11-2024  11:50 PDT,EE,8,"2,168",3,60,1,0,0,,,,,1,1,2,0,0,1,0,1,,,,,,
7-11-2024  14:13 PDT,JK,1,"1,301",6,60,1,1,1,,,,,0,1,1,0,1,2,1,0,,,,,,
7-11-2024  14:13 PDT,JK,2,807,3,60,1,1,1,,,,,0,1,1,0,1,2,1,0,,,,,,
7-11-2024  14:12 PDT,JK,3,"1,381",7,60,1,1,1,,,,,0,1,1,0,1,2,1,0,,,,,,
7-11-2024  14:11 PDT,JK,4,"1,156",16,60,1,1,1,,,,,0,0,0,1,1,1,2,1,,,,,,
7-11-2024  14:10 PDT,JK,5,979,1,60,1,1,1,,,,,0,1,1,0,1,2,1,0,,,,,,
7-11-2024  14:05 PDT,JK,1,"1,298",6,60,1,1,0,,,,,0,1,1,0,1,2,1,0,,,,,,
7-11-2024  14:04 PDT,JK,2,"1,771",3,60,1,1,0,,,,,1,1,2,0,0,1,0,1,,,,,,
7-11-2024  14:03 PDT,JK,3,835,0,60,1,1,0,,,,,0,1,1,0,1,2,1,0,,,,,,
7-11-2024  14:03 PDT,JK,4,"-1,854",45,60,1,1,0,,,,,0,0,0,1,1,1,2,1,,,,,,
7-11-2024  14:02 PDT,JK,5,"-1,878",44,60,1,1,0,,,,,0,0,0,1,1,1,2,1,,,,,,
7-11-2024  14:02 PDT,JK,6,"-1,108",58,60,1,1,0,,,,,0,0,0,1,1,1,2,1,,,,,,
7-11-2024  14:01 PDT,JK,7,"-1,667",43,60,1,1,0,,,,,0,0,0,1,1,1,2,1,,,,,,
7-11-2024  14:01 PDT,JK,8,"-2,571",53,60,1,1,0,,,,,0,0,0,1,1,1,2,1,,,,,,
7-11-2024  11:55 PDT,JK,1,"2,409",21,60,2,0,0,,,,,1,0,1,1,0,0,1,2,,,,,,
7-11-2024  11:54 PDT,JK,1,"2,177",15,60,1,0,0,,,,,1,0,1,1,0,0,1,2,,,,,,
7-11-2024  11:53 PDT,JK,2,"1,223",41,36,1,0,0,,,,,0,0,0,1,1,1,2,1,,,,,,
7-11-2024  11:52 PDT,JK,3,"2,278",10,60,1,0,0,,,,,1,1,2,0,0,1,0,1,,,,,,
7-11-2024  11:52 PDT,JK,4,"1,833",23,60,1,0,0,,,,,0,0,0,1,1,1,2,1,,,,,,
7-11-2024  11:50 PDT,JK,5,"2,101",16,60,1,0,0,,,,,0,0,0,1,1,1,2,1,,,,,,
7-11-2024  14:12 PDT,KK,1,"1,649",7,60,1,1,1,,,,,0,1,1,0,1,2,1,0,,,,,,
7-11-2024  14:11 PDT,KK,2,"1,558",3,60,1,1,1,,,,,0,1,1,0,1,2,1,0,,,,,,
7-11-2024  14:02 PDT,KK,1,"1,535",4,60,1,1,0,,,,,0,1,1,0,1,2,1,0,,,,,,
7-11-2024  11:56 PDT,KK,1,"2,744",14,60,2,0,0,,,,,1,0,1,1,0,0,1,2,,,,,,
7-11-2024  11:53 PDT,KK,1,"2,186",4,60,1,0,0,,,,,1,1,2,0,0,1,0,1,,,,,,
1-4-2025  10:37 PDT,P12,1,"1,307",8,60,1,1,0,,,,,0,1,1,0,1,2,1,0,,,,,,
1-4-2025  10:30 PDT,P12,2,852,8,60,1,1,0,,,,,0,1,1,0,1,2,1,0,,,,,,
1-4-2025  10:37 PDT,P16,1,"-14,743",100,60,1,1,0,,,,,0,0,0,1,1,1,2,1,,,,,,
1-4-2025  10:37 PDT,P16,2,789,7,60,1,1,0,,,,,0,1,1,0,1,2,1,0,,,,,,
1-4-2025  10:28 PDT,P16,3,"-3,598",46,60,1,1,0,,,,,0,0,0,1,1,1,2,1,,,,,,
1-4-2025  10:30 PDT,P19,1,-525,60,24,1,1,0,,,,,0,0,0,1,1,1,2,1,,,,,,
1-4-2025  10:29 PDT,P19,2,591,8,24,1,1,0,,,,,0,1,1,0,1,2,1,0,,,,,,
1-4-2025  10:28 PDT,P19,3,-264,6,36,1,1,0,,,,,0,1,1,0,1,2,1,0,,,,,,
30-4-2025  13:53 PDT,P22,1,-130,17,60,1,1,0,,,,,0,0,0,1,1,1,2,1,,,,,,
1-4-2025  10:33 PDT,P22,2,835,0,60,1,1,0,,,,,0,1,1,0,1,2,1,0,,,,,,
1-4-2025  10:31 PDT,P22,3,529,14,60,1,1,0,,,,,0,0,0,1,1,1,2,1,,,,,,
1-4-2025  10:30 PDT,P22,4,491,15,60,1,1,0,,,,,0,0,0,1,1,1,2,1,,,,,,
1-4-2025  10:31 PDT,P22,5,-888,28,48,1,1,0,,,,,0,0,0,1,1,1,2,1,,,,,,
1-4-2025  10:37 PDT,P22,6,-51,13,60,1,1,0,,,,,0,0,0,1,1,1,2,1,,,,,,
1-4-2025  10:29 PDT,P22,7,"-1,747",41,60,1,1,0,,,,,0,0,0,1,1,1,2,1,,,,,,
1-4-2025  10:29 PDT,P22,8,695,14,24,1,1,0,,,,,0,0,0,1,1,1,2,1,,,,,,
1-4-2025  10:29 PDT,P22,9,835,0,60,1,1,0,,,,,0,1,1,0,1,2,1,0,,,,,,
1-4-2025  10:30 PDT,P22,10,156,3,60,1,1,0,,,,,0,1,1,0,1,2,1,0,,,,,,
1-4-2025  10:29 PDT,P22,11,-226,20,60,1,1,0,,,,,0,0,0,1,1,1,2,1,,,,,,
30-4-2025  11:24 PDT,P23,1,"-2,775",28,60,1,1,0,,,,,0,0,0,1,1,1,2,1,,,,,,
28-4-2025  17:17 PDT,P23,2,"-14,743",100,60,1,1,0,,,,,0,0,0,1,1,1,2,1,,,,,,
28-4-2025  17:16 PDT,P23,3,130,7,60,1,1,0,,,,,0,1,1,0,1,2,1,0,,,,,,
28-4-2025  17:10 PDT,P23,4,"-2,775",28,60,1,1,0,,,,,0,0,0,1,1,1,2,1,,,,,,
28-4-2025  16:10 PDT,P23,5,"-7,023",70,60,1,1,0,,,,,0,0,0,1,1,1,2,1,,,,,,
28-4-2025  15:45 PDT,P23,6,"1,438",1,60,1,1,0,,,,,0,1,1,0,1,2,1,0,,,,,,
28-4-2025  15:44 PDT,P23,7,"1,282",1,60,1,1,0,,,,,0,1,1,0,1,2,1,0,,,,,,
25-4-2025  16:01 PDT,P23,8,"1,468",1,60,1,1,0,,,,,0,1,1,0,1,2,1,0,,,,,,
25-4-2025  16:00 PDT,P23,9,"1,420",2,60,1,1,0,,,,,0,1,1,0,1,2,1,0,,,,,,
25-4-2025  15:58 PDT,P23,10,857,13,60,1,1,0,,,,,0,0,0,1,1,1,2,1,,,,,,
25-4-2025  15:56 PDT,P23,11,"1,009",12,60,1,1,0,,,,,0,1,1,0,1,2,1,0,,,,,,
25-4-2025  10:07 PDT,P23,12,515,16,60,1,1,0,,,,,0,0,0,1,1,1,2,1,,,,,,
1-4-2025  10:38 PDT,P23,13,"-2,296",48,60,1,1,0,,,,,0,0,0,1,1,1,2,1,,,,,,
1-4-2025  10:29 PDT,P23,14,-599,44,60,1,1,0,,,,,0,0,0,1,1,1,2,1,,,,,,
1-4-2025  10:38 PDT,P25,1,"1,567",3,60,1,1,0,,,,,0,1,1,0,1,2,1,0,,,,,,
1-4-2025  10:30 PDT,P25,2,214,5,60,1,1,0,,,,,0,1,1,0,1,2,1,0,,,,,,
1-4-2025  10:28 PDT,P25,3,365,9,60,1,1,0,,,,,0,1,1,0,1,2,1,0,,,,,,
1-4-2025  10:37 PDT,P26,1,897,9,48,1,1,0,,,,,0,1,1,0,1,2,1,0,,,,,,
1-4-2025  10:37 PDT,P28,1,-338,37,60,1,1,0,,,,,0,0,0,1,1,1,2,1,,,,,,
1-4-2025  10:30 PDT,P28,2,"-3,014",48,60,1,1,0,,,,,0,0,0,1,1,1,2,1,,,,,,
1-4-2025  10:29 PDT,P28,3,"-1,726",40,60,1,1,0,,,,,0,0,0,1,1,1,2,1,,,,,,
1-4-2025  10:37 PDT,P30,1,846,4,36,1,1,0,,,,,0,1,1,0,1,2,1,0,,,,,,
1-4-2025  10:36 PDT,P30,2,"1,119",7,60,1,1,0,,,,,0,1,1,0,1,2,1,0,,,,,,
1-4-2025  10:28 PDT,P30,3,692,11,48,1,1,0,,,,,0,1,1,0,1,2,1,0,,,,,,
1-4-2025  10:27 PDT,P30,4,-57,28,60,1,1,0,,,,,0,0,0,1,1,1,2,1,,,,,,
1-4-2025  10:37 PDT,P31,1,527,15,48,1,1,0,,,,,0,0,0,1,1,1,2,1,,,,,,
1-4-2025  10:29 PDT,P31,2,-502,23,48,1,1,0,,,,,0,0,0,1,1,1,2,1,,,,,,
1-4-2025  10:38 PDT,P35,1,-856,34,48,1,1,0,,,,,0,0,0,1,1,1,2,1,,,,,,
1-4-2025  10:37 PDT,P35,2,953,32,60,1,1,0,,,,,0,0,0,1,1,1,2,1,,,,,,
1-4-2025  10:29 PDT,P35,3,"-1,925",34,60,1,1,0,,,,,0,0,0,1,1,1,2,1,,,,,,
1-4-2025  10:29 PDT,P35,4,"-1,747",38,60,1,1,0,,,,,0,0,0,1,1,1,2,1,,,,,,
1-4-2025  10:27 PDT,P35,5,-112,26,48,1,1,0,,,,,0,0,0,1,1,1,2,1,,,,,,
1-4-2025  10:29 PDT,P37,1,-350,18,60,1,1,0,,,,,0,0,0,1,1,1,2,1,,,,,,
1-4-2025  10:36 PDT,P39,2,967,10,60,1,1,0,,,,,0,1,1,0,1,2,1,0,,,,,,
1-4-2025  10:36 PDT,P7,1,-18,17,60,1,1,0,,,,,0,0,0,1,1,1,2,1,,,,,,
1-4-2025  10:29 PDT,P7,2,513,12,60,1,1,0,,,,,0,1,1,0,1,2,1,0,,,,,,
1-4-2025  10:27 PDT,P7,3,"-1,127",29,48,1,1,0,,,,,0,0,0,1,1,1,2,1,,,,,,
1-4-2025  10:39 PDT,P71,1,"-1,427",35,60,1,1,0,,,,,0,0,0,1,1,1,2,1,,,,,,
1-4-2025  10:38 PDT,P8,1,"1,254",4,60,1,1,0,,,,,0,1,1,0,1,2,1,0,,,,,,
1-4-2025  10:37 PDT,P8,2,"1,141",6,60,1,1,0,,,,,0,1,1,0,1,2,1,0,,,,,,
7-11-2024  14:13 PDT,PA ,1,"1,355",17,60,1,1,1,,,,,0,0,0,1,1,1,2,1,,,,,,
7-11-2024  14:11 PDT,PA ,2,"1,457",10,60,1,1,1,,,,,0,1,1,0,1,2,1,0,,,,,,
7-11-2024  14:07 PDT,PA ,1,"1,609",3,60,1,1,0,,,,,0,1,1,0,1,2,1,0,,,,,,
7-11-2024  14:05 PDT,PA ,2,"1,301",6,60,1,1,0,,,,,0,1,1,0,1,2,1,0,,,,,,
7-11-2024  14:04 PDT,PA ,3,"1,320",1,60,1,1,0,,,,,0,1,1,0,1,2,1,0,,,,,,
7-11-2024  11:59 PDT,PA ,1,"2,370",9,60,2,0,0,,,,,1,1,2,0,0,1,0,1,,,,,,
7-11-2024  11:58 PDT,PA ,2,"2,584",5,60,2,0,0,,,,,1,1,2,0,0,1,0,1,,,,,,
7-11-2024  11:56 PDT,PA ,3,"1,793",7,48,2,0,0,,,,,0,1,1,0,1,2,1,0,,,,,,
7-11-2024  11:53 PDT,PA ,4,455,28,60,1,1,0,,,,,0,0,0,1,1,1,2,1,,,,,,
7-11-2024  14:19 PDT,PW,1,826,11,60,1,1,1,,,,,0,1,1,0,1,2,1,0,,,,,,
7-11-2024  14:12 PDT,PW,2,"1,315",9,60,1,1,1,,,,,0,1,1,0,1,2,1,0,,,,,,
7-11-2024  14:10 PDT,PW,3,"1,044",57,12,1,1,1,,,,,0,0,0,1,1,1,2,1,,,,,,
7-11-2024  14:10 PDT,PW,1,810,11,60,1,1,0,,,,,0,1,1,0,1,2,1,0,,,,,,
7-11-2024  14:08 PDT,PW,2,-959,11,60,1,1,0,,,,,0,1,1,0,1,2,1,0,,,,,,
7-11-2024  14:04 PDT,PW,3,"1,503",2,60,1,1,0,,,,,0,1,1,0,1,2,1,0,,,,,,
7-11-2024  12:08 PDT,PW,1,"2,799",17,60,2,0,0,,,,,1,0,1,1,0,0,1,2,,,,,,
7-11-2024  12:03 PDT,PW,2,"2,471",10,60,2,0,0,,,,,1,1,2,0,0,1,0,1,,,,,,
7-11-2024  12:01 PDT,PW,3,"2,142",4,60,2,0,0,,,,,1,1,2,0,0,1,0,1,,,,,,
7-11-2024  11:58 PDT,PW,4,"2,251",9,60,2,0,0,,,,,1,1,2,0,0,1,0,1,,,,,,
7-11-2024  11:56 PDT,PW,5,"2,104",2,60,2,0,0,,,,,0,1,1,0,1,2,1,0,,,,,,
7-11-2024  11:55 PDT,PW,1,"2,154",2,60,1,0,0,,,,,1,1,2,0,0,1,0,1,,,,,,
7-11-2024  11:53 PDT,PW,2,"2,086",2,60,1,0,0,,,,,0,1,1,0,1,2,1,0,,,,,,
7-11-2024  14:14 PDT,RI ,1,"1,066",50,60,1,1,1,,,,,0,0,0,1,1,1,2,1,,,,,,
7-11-2024  14:12 PDT,RI ,2,"1,496",27,60,1,1,1,,,,,0,0,0,1,1,1,2,1,,,,,,
7-11-2024  14:11 PDT,RI ,3,"1,130",34,60,1,1,1,,,,,0,0,0,1,1,1,2,1,,,,,,
7-11-2024  14:05 PDT,RI ,1,"1,363",11,60,1,1,0,,,,,0,1,1,0,1,2,1,0,,,,,,
7-11-2024  14:04 PDT,RI ,2,"1,131",13,48,1,1,0,,,,,0,0,0,1,1,1,2,1,,,,,,
7-11-2024  14:03 PDT,RI ,3,"-1,446",38,60,1,1,0,,,,,0,0,0,1,1,1,2,1,,,,,,
7-11-2024  14:01 PDT,RI ,4,"-3,157",50,60,1,1,0,,,,,0,0,0,1,1,1,2,1,,,,,,
7-11-2024  12:01 PDT,RI ,1,"2,479",13,60,2,0,0,,,,,1,0,1,1,0,0,1,2,,,,,,
7-11-2024  12:00 PDT,RI ,2,"3,064",18,60,2,0,0,,,,,1,0,1,1,0,0,1,2,,,,,,
7-11-2024  11:59 PDT,RI ,3,898,44,60,2,0,0,,,,,0,0,0,1,1,1,2,1,,,,,,
7-11-2024  11:58 PDT,RI ,4,"2,514",17,60,2,0,0,,,,,1,0,1,1,0,0,1,2,,,,,,
7-11-2024  11:58 PDT,RI ,5,"2,420",15,60,2,0,0,,,,,1,0,1,1,0,0,1,2,,,,,,
7-11-2024  11:56 PDT,RI ,6,"2,381",23,60,2,0,0,,,,,1,0,1,1,0,0,1,2,,,,,,
7-11-2024  11:53 PDT,RI ,1,"2,186",17,60,1,0,0,,,,,1,0,1,1,0,0,1,2,,,,,,
7-11-2024  11:51 PDT,RI ,2,"1,587",11,24,1,0,0,,,,,0,1,1,0,1,2,1,0,,,,,,
7-11-2024  14:13 PDT,RT,1,653,44,60,1,1,1,,,,,0,0,0,1,1,1,2,1,,,,,,
7-11-2024  14:09 PDT,RT,1,"-1,074",29,60,1,1,0,,,,,0,0,0,1,1,1,2,1,,,,,,
7-11-2024  14:07 PDT,RT,2,-42,22,60,1,1,0,,,,,0,0,0,1,1,1,2,1,,,,,,
7-11-2024  14:05 PDT,RT,3,"-1,812",41,48,1,1,0,,,,,0,0,0,1,1,1,2,1,,,,,,
7-11-2024  14:03 PDT,RT,4,-521,24,60,1,1,0,,,,,0,0,0,1,1,1,2,1,,,,,,
7-11-2024  14:02 PDT,RT,5,"-1,444",41,60,1,1,0,,,,,0,0,0,1,1,1,2,1,,,,,,
7-11-2024  11:57 PDT,RT,1,"2,354",10,60,2,0,0,,,,,1,1,2,0,0,1,0,1,,,,,,
7-11-2024  11:54 PDT,RT,1,"2,256",12,60,1,0,0,,,,,1,1,2,0,0,1,0,1,,,,,,
7-11-2024  14:13 PDT,RH,1,815,41,60,1,1,1,,,,,0,0,0,1,1,1,2,1,,,,,,
7-11-2024  14:06 PDT,RH,1,464,15,48,1,1,0,,,,,0,0,0,1,1,1,2,1,,,,,,
7-11-2024  14:05 PDT,RH,2,237,25,60,1,1,0,,,,,0,0,0,1,1,1,2,1,,,,,,
7-11-2024  14:03 PDT,RH,3,-264,34,60,1,1,0,,,,,0,0,0,1,1,1,2,1,,,,,,
7-11-2024  14:01 PDT,RH,4,-994,25,60,1,1,0,,,,,0,0,0,1,1,1,2,1,,,,,,
7-11-2024  11:56 PDT,RH,1,"2,373",12,60,2,0,0,,,,,1,1,2,0,0,1,0,1,,,,,,
7-11-2024  11:54 PDT,RH,1,"2,343",14,60,1,0,0,,,,,1,0,1,1,0,0,1,2,,,,,,
7-11-2024  11:52 PDT,RH,2,"2,328",13,60,1,0,0,,,,,1,0,1,1,0,0,1,2,,,,,,
7-11-2024  14:19 PDT,RV,1,"1,349",24,60,1,1,1,,,,,0,0,0,1,1,1,2,1,,,,,,
7-11-2024  14:17 PDT,RV,2,"1,332",27,60,1,1,1,,,,,0,0,0,1,1,1,2,1,,,,,,
7-11-2024  14:14 PDT,RV,3,"1,501",20,60,1,1,1,,,,,0,0,0,1,1,1,2,1,,,,,,
7-11-2024  14:13 PDT,RV,4,"1,182",36,60,1,1,1,,,,,0,0,0,1,1,1,2,1,,,,,,
7-11-2024  14:11 PDT,RV,5,"1,416",16,60,1,1,1,,,,,0,0,0,1,1,1,2,1,,,,,,
7-11-2024  14:07 PDT,RV,1,"1,754",3,60,1,1,0,,,,,1,1,2,0,0,1,0,1,,,,,,
7-11-2024  14:06 PDT,RV,2,"1,730",3,60,1,1,0,,,,,1,1,2,0,0,1,0,1,,,,,,
7-11-2024  14:05 PDT,RV,3,"1,204",5,60,1,1,0,,,,,0,1,1,0,1,2,1,0,,,,,,
7-11-2024  14:03 PDT,RV,4,"1,408",2,60,1,1,0,,,,,0,1,1,0,1,2,1,0,,,,,,
7-11-2024  14:02 PDT,RV,5,-476,37,60,1,1,0,,,,,0,0,0,1,1,1,2,1,,,,,,
7-11-2024  12:02 PDT,RV,1,"3,082",17,60,2,0,0,,,,,1,0,1,1,0,0,1,2,,,,,,
7-11-2024  11:58 PDT,RV,2,"2,586",18,60,2,0,0,,,,,1,0,1,1,0,0,1,2,,,,,,
7-11-2024  11:57 PDT,RV,3,"2,312",14,60,2,0,0,,,,,1,0,1,1,0,0,1,2,,,,,,
7-11-2024  11:56 PDT,RV,4,"3,645",29,60,2,0,0,,,,,1,0,1,1,0,0,1,2,,,,,,
7-11-2024  11:54 PDT,RV,1,"2,197",18,60,1,0,0,,,,,1,0,1,1,0,0,1,2,,,,,,
7-11-2024  11:53 PDT,RV,2,"1,890",25,60,1,0,0,,,,,0,0,0,1,1,1,2,1,,,,,,
7-11-2024  11:52 PDT,RV,3,"1,805",23,60,1,0,0,,,,,0,0,0,1,1,1,2,1,,,,,,
12-12-2024  14:32 PDT,RVB@2024001,1,"1,320",2,60,1,1,1,,,,,0,1,1,0,1,2,1,0,,,,,,
12-12-2024  14:30 PDT,RVB@2024001,2,"1,395",1,60,1,1,1,,,,,0,1,1,0,1,2,1,0,,,,,,
12-12-2024  14:28 PDT,RVB@2024001,4,"1,090",1,60,1,1,1,,,,,0,1,1,0,1,2,1,0,,,,,,
12-12-2024  14:27 PDT,RVB@2024001,5,"1,106",2,60,1,1,1,,,,,0,1,1,0,1,2,1,0,,,,,,
12-12-2024  14:19 PDT,RVB@2024001,1,957,2,60,1,1,0,,,,,0,1,1,0,1,2,1,0,,,,,,
12-12-2024  14:16 PDT,RVB@2024001,2,"1,488",4,60,1,1,0,,,,,0,1,1,0,1,2,1,0,,,,,,
12-12-2024  14:14 PDT,RVB@2024001,3,927,1,60,1,1,0,,,,,0,1,1,0,1,2,1,0,,,,,,
12-12-2024  14:12 PDT,RVB@2024001,4,-258,14,60,1,1,0,,,,,0,0,0,1,1,1,2,1,,,,,,
12-12-2024  11:40 PDT,RVB@2024001,1,"2,116",4,60,2,0,0,,,,,0,1,1,0,1,2,1,0,,,,,,
12-12-2024  11:39 PDT,RVB@2024001,2,"2,384",12,60,2,0,0,,,,,1,1,2,0,0,1,0,1,,,,,,
12-12-2024  11:39 PDT,RVB@2024001,3,"1,987",14,60,2,0,0,,,,,0,0,0,1,1,1,2,1,,,,,,
12-12-2024  11:38 PDT,RVB@2024001,4,"2,980",14,60,2,0,0,,,,,1,0,1,1,0,0,1,2,,,,,,
12-12-2024  11:35 PDT,RVB@2024001,1,"2,088",5,60,1,0,0,,,,,0,1,1,0,1,2,1,0,,,,,,
12-12-2024  11:35 PDT,RVB@2024001,2,"1,861",18,60,1,0,0,,,,,0,0,0,1,1,1,2,1,,,,,,
12-12-2024  11:34 PDT,RVB@2024001,3,"1,953",5,60,1,0,0,,,,,0,1,1,0,1,2,1,0,,,,,,
12-12-2024  11:33 PDT,RVB@2024001,4,"2,149",8,60,1,0,0,,,,,1,1,2,0,0,1,0,1,,,,,,
12-12-2024  11:32 PDT,RVB@2024001,5,198,44,60,1,1,0,,,,,0,0,0,1,1,1,2,1,,,,,,
12-12-2024  14:29 PDT,RVB@2024002,1,"1,399",3,60,1,1,1,,,,,0,1,1,0,1,2,1,0,,,,,,
12-12-2024  14:27 PDT,RVB@2024002,2,"1,418",2,60,1,1,1,,,,,0,1,1,0,1,2,1,0,,,,,,
12-12-2024  14:16 PDT,RVB@2024002,1,"1,732",2,60,1,1,0,,,,,1,1,2,0,0,1,0,1,,,,,,
12-12-2024  14:14 PDT,RVB@2024002,2,"1,492",2,60,1,1,0,,,,,0,1,1,0,1,2,1,0,,,,,,
12-12-2024  14:13 PDT,RVB@2024002,3,528,2,60,1,1,0,,,,,0,1,1,0,1,2,1,0,,,,,,
12-12-2024  11:45 PDT,RVB@2024002,1,"2,479",6,60,2,0,0,,,,,1,1,2,0,0,1,0,1,,,,,,
12-12-2024  11:42 PDT,RVB@2024002,2,"1,934",8,48,2,0,0,,,,,0,1,1,0,1,2,1,0,,,,,,
12-12-2024  11:42 PDT,RVB@2024002,3,"2,306",5,60,2,0,0,,,,,1,1,2,0,0,1,0,1,,,,,,
12-12-2024  11:39 PDT,RVB@2024002,4,"2,175",5,60,2,0,0,,,,,1,1,2,0,0,1,0,1,,,,,,
12-12-2024  11:37 PDT,RVB@2024002,1,"2,203",10,60,1,0,0,,,,,1,1,2,0,0,1,0,1,,,,,,
12-12-2024  11:34 PDT,RVB@2024002,2,"2,197",9,60,1,0,0,,,,,1,1,2,0,0,1,0,1,,,,,,
12-12-2024  11:33 PDT,RVB@2024002,3,"2,034",13,60,1,0,0,,,,,0,0,0,1,1,1,2,1,,,,,,
12-12-2024  11:32 PDT,RVB@2024002,5,-317,48,24,1,1,0,,,,,0,0,0,1,1,1,2,1,,,,,,
12-12-2024  14:33 PDT,RVB@2024003,1,"1,326",16,60,1,1,1,,,,,0,0,0,1,1,1,2,1,,,,,,
12-12-2024  14:31 PDT,RVB@2024003,2,"1,204",12,60,1,1,1,,,,,0,1,1,0,1,2,1,0,,,,,,
12-12-2024  14:29 PDT,RVB@2024003,3,873,20,60,1,1,1,,,,,0,0,0,1,1,1,2,1,,,,,,
12-12-2024  14:22 PDT,RVB@2024003,1,-73,21,60,1,1,0,,,,,0,0,0,1,1,1,2,1,,,,,,
12-12-2024  14:20 PDT,RVB@2024003,2,"-2,245",61,60,1,1,0,,,,,0,0,0,1,1,1,2,1,,,,,,
12-12-2024  14:18 PDT,RVB@2024003,3,"-2,684",46,60,1,1,0,,,,,0,0,0,1,1,1,2,1,,,,,,
12-12-2024  14:17 PDT,RVB@2024003,4,"-1,857",49,60,1,1,0,,,,,0,0,0,1,1,1,2,1,,,,,,
12-12-2024  14:15 PDT,RVB@2024003,5,"-1,085",35,60,1,1,0,,,,,0,0,0,1,1,1,2,1,,,,,,
12-12-2024  11:42 PDT,RVB@2024003,1,"2,487",14,60,2,0,0,,,,,1,0,1,1,0,0,1,2,,,,,,
12-12-2024  11:39 PDT,RVB@2024003,2,"3,586",17,60,2,0,0,,,,,1,0,1,1,0,0,1,2,,,,,,
12-12-2024  11:36 PDT,RVB@2024003,1,"2,080",15,48,1,0,0,,,,,0,0,0,1,1,1,2,1,,,,,,
12-12-2024  11:35 PDT,RVB@2024003,6,"-2,759",40,48,1,1,0,,,,,0,0,0,1,1,1,2,1,,,,,,
12-12-2024  14:28 PDT,RVB@2024005,1,"1,476",10,60,1,1,1,,,,,0,1,1,0,1,2,1,0,,,,,,
12-12-2024  14:27 PDT,RVB@2024005,2,"1,031",1,60,1,1,1,,,,,0,1,1,0,1,2,1,0,,,,,,
12-12-2024  14:18 PDT,RVB@2024005,1,"1,449",1,60,1,1,0,,,,,0,1,1,0,1,2,1,0,,,,,,
12-12-2024  14:17 PDT,RVB@2024005,2,828,0,60,1,1,0,,,,,0,1,1,0,1,2,1,0,,,,,,
12-12-2024  14:16 PDT,RVB@2024005,3,"1,415",6,60,1,1,0,,,,,0,1,1,0,1,2,1,0,,,,,,
12-12-2024  14:15 PDT,RVB@2024005,4,"-9,465",100,60,1,1,0,,,,,0,0,0,1,1,1,2,1,,,,,,
12-12-2024  14:14 PDT,RVB@2024005,5,572,16,60,1,1,0,,,,,0,0,0,1,1,1,2,1,,,,,,
12-12-2024  11:40 PDT,RVB@2024005,1,"2,976",17,60,2,0,0,,,,,1,0,1,1,0,0,1,2,,,,,,
12-12-2024  11:39 PDT,RVB@2024005,2,"2,175",1,60,2,0,0,,,,,1,1,2,0,0,1,0,1,,,,,,
12-12-2024  11:39 PDT,RVB@2024005,3,"2,366",5,60,2,0,0,,,,,1,1,2,0,0,1,0,1,,,,,,
12-12-2024  11:36 PDT,RVB@2024005,1,"2,386",8,60,1,0,0,,,,,1,1,2,0,0,1,0,1,,,,,,
12-12-2024  11:35 PDT,RVB@2024005,2,"2,252",8,60,1,0,0,,,,,1,1,2,0,0,1,0,1,,,,,,
12-12-2024  11:33 PDT,RVB@2024005,3,"1,443",26,60,1,0,0,,,,,0,0,0,1,1,1,2,1,,,,,,
12-12-2024  11:33 PDT,RVB@2024005,6,"-12,067",100,60,1,1,0,,,,,0,0,0,1,1,1,2,1,,,,,,
12-12-2024  14:31 PDT,RVB@2024006,1,270,0,60,1,1,1,,,,,0,1,1,0,1,2,1,0,,,,,,
12-12-2024  14:29 PDT,RVB@2024006,2,644,1,60,1,1,1,,,,,0,1,1,0,1,2,1,0,,,,,,
12-12-2024  14:28 PDT,RVB@2024006,3,884,1,60,1,1,1,,,,,0,1,1,0,1,2,1,0,,,,,,
12-12-2024  14:26 PDT,RVB@2024006,4,"-2,204",100,60,1,1,1,,,,,0,0,0,1,1,1,2,1,,,,,,
12-12-2024  14:22 PDT,RVB@2024006,1,"1,269",1,60,1,1,0,,,,,0,1,1,0,1,2,1,0,,,,,,
12-12-2024  14:21 PDT,RVB@2024006,2,"1,278",4,60,1,1,0,,,,,0,1,1,0,1,2,1,0,,,,,,
12-12-2024  14:20 PDT,RVB@2024006,3,"1,586",2,60,1,1,0,,,,,0,1,1,0,1,2,1,0,,,,,,
12-12-2024  14:13 PDT,RVB@2024006,4,"1,392",1,60,1,1,0,,,,,0,1,1,0,1,2,1,0,,,,,,
12-12-2024  11:38 PDT,RVB@2024006,1,"2,566",8,60,2,0,0,,,,,1,1,2,0,0,1,0,1,,,,,,
12-12-2024  11:37 PDT,RVB@2024006,1,701,1,12,1,0,0,,,,,0,1,1,0,1,2,1,0,,,,,,
12-12-2024  11:34 PDT,RVB@2024006,2,"2,202",8,60,1,0,0,,,,,1,1,2,0,0,1,0,1,,,,,,
12-12-2024  11:33 PDT,RVB@2024006,3,"1,959",19,60,1,0,0,,,,,0,0,0,1,1,1,2,1,,,,,,
12-12-2024  11:32 PDT,RVB@2024006,5,"-2,378",63,48,1,1,0,,,,,0,0,0,1,1,1,2,1,,,,,,
12-12-2024  11:31 PDT,RVB@2024006,6,"-5,316",74,60,1,1,0,,,,,0,0,0,1,1,1,2,1,,,,,,
12-12-2024  14:29 PDT,RVB@2024007,1,"1,394",10,60,1,1,1,,,,,0,1,1,0,1,2,1,0,,,,,,
12-12-2024  14:27 PDT,RVB@2024007,2,"1,328",13,60,1,1,1,,,,,0,0,0,1,1,1,2,1,,,,,,
12-12-2024  14:16 PDT,RVB@2024007,1,"1,244",6,60,1,1,0,,,,,0,1,1,0,1,2,1,0,,,,,,
12-12-2024  14:15 PDT,RVB@2024007,2,"-2,697",28,60,1,1,0,,,,,0,0,0,1,1,1,2,1,,,,,,
12-12-2024  14:14 PDT,RVB@2024007,3,804,11,60,1,1,0,,,,,0,1,1,0,1,2,1,0,,,,,,
12-12-2024  14:14 PDT,RVB@2024007,4,983,10,60,1,1,0,,,,,0,1,1,0,1,2,1,0,,,,,,
12-12-2024  11:41 PDT,RVB@2024007,1,725,3,12,2,0,0,,,,,0,1,1,0,1,2,1,0,,,,,,
12-12-2024  11:41 PDT,RVB@2024007,2,"2,191",7,60,2,0,0,,,,,1,1,2,0,0,1,0,1,,,,,,
12-12-2024  11:39 PDT,RVB@2024007,3,"2,158",12,60,2,0,0,,,,,1,1,2,0,0,1,0,1,,,,,,
12-12-2024  11:39 PDT,RVB@2024007,4,"2,175",4,60,2,0,0,,,,,1,1,2,0,0,1,0,1,,,,,,
12-12-2024  11:38 PDT,RVB@2024007,5,"2,144",7,60,2,0,0,,,,,1,1,2,0,0,1,0,1,,,,,,
12-12-2024  11:36 PDT,RVB@2024007,1,"2,076",6,60,1,0,0,,,,,0,1,1,0,1,2,1,0,,,,,,
12-12-2024  11:34 PDT,RVB@2024007,2,"2,009",7,60,1,0,0,,,,,0,1,1,0,1,2,1,0,,,,,,
12-12-2024  14:37 PDT,RVB@2024008,1,"1,213",12,60,1,1,1,,,,,0,1,1,0,1,2,1,0,,,,,,
12-12-2024  14:29 PDT,RVB@2024008,2,"1,333",2,60,1,1,1,,,,,0,1,1,0,1,2,1,0,,,,,,
12-12-2024  14:27 PDT,RVB@2024008,3,"1,421",11,60,1,1,1,,,,,0,1,1,0,1,2,1,0,,,,,,
12-12-2024  14:21 PDT,RVB@2024008,1,"1,311",2,60,1,1,0,,,,,0,1,1,0,1,2,1,0,,,,,,
12-12-2024  14:19 PDT,RVB@2024008,2,489,35,60,1,1,0,,,,,0,0,0,1,1,1,2,1,,,,,,
12-12-2024  14:17 PDT,RVB@2024008,3,682,19,12,1,1,0,,,,,0,0,0,1,1,1,2,1,,,,,,
12-12-2024  14:16 PDT,RVB@2024008,4,"1,275",17,60,1,1,0,,,,,0,0,0,1,1,1,2,1,,,,,,
12-12-2024  14:15 PDT,RVB@2024008,5,702,21,24,1,1,0,,,,,0,0,0,1,1,1,2,1,,,,,,
12-12-2024  14:14 PDT,RVB@2024008,6,202,1,12,1,1,0,,,,,0,1,1,0,1,2,1,0,,,,,,
12-12-2024  14:14 PDT,RVB@2024008,7,700,12,12,1,1,0,,,,,0,1,1,0,1,2,1,0,,,,,,
12-12-2024  14:14 PDT,RVB@2024008,8,756,12,12,1,1,0,,,,,0,1,1,0,1,2,1,0,,,,,,
12-12-2024  11:42 PDT,RVB@2024008,1,"2,456",11,60,2,0,0,,,,,1,1,2,0,0,1,0,1,,,,,,
12-12-2024  11:41 PDT,RVB@2024008,2,"1,853",12,36,2,0,0,,,,,0,1,1,0,1,2,1,0,,,,,,
12-12-2024  11:40 PDT,RVB@2024008,3,977,4,12,2,0,0,,,,,0,1,1,0,1,2,1,0,,,,,,
12-12-2024  11:39 PDT,RVB@2024008,4,845,6,12,2,0,0,,,,,0,1,1,0,1,2,1,0,,,,,,
12-12-2024  11:39 PDT,RVB@2024008,5,"2,685",15,60,2,0,0,,,,,1,0,1,1,0,0,1,2,,,,,,
12-12-2024  11:37 PDT,RVB@2024008,1,"2,171",9,60,1,0,0,,,,,1,1,2,0,0,1,0,1,,,,,,
12-12-2024  11:36 PDT,RVB@2024008,2,"1,753",10,48,1,0,0,,,,,0,1,1,0,1,2,1,0,,,,,,
12-12-2024  11:34 PDT,RVB@2024008,3,"2,086",2,60,1,0,0,,,,,0,1,1,0,1,2,1,0,,,,,,
12-12-2024  11:33 PDT,RVB@2024008,4,"2,226",2,60,1,0,0,,,,,1,1,2,0,0,1,0,1,,,,,,
12-12-2024  11:32 PDT,RVB@2024008,9,600,9,12,1,1,0,,,,,0,1,1,0,1,2,1,0,,,,,,
12-12-2024  14:30 PDT,RVB@2024009,1,"1,292",18,60,1,1,1,,,,,0,0,0,1,1,1,2,1,,,,,,
12-12-2024  14:28 PDT,RVB@2024009,2,"1,168",23,60,1,1,1,,,,,0,0,0,1,1,1,2,1,,,,,,
12-12-2024  14:27 PDT,RVB@2024009,3,"1,107",20,60,1,1,1,,,,,0,0,0,1,1,1,2,1,,,,,,
12-12-2024  14:26 PDT,RVB@2024009,4,930,35,60,1,1,1,,,,,0,0,0,1,1,1,2,1,,,,,,
12-12-2024  14:23 PDT,RVB@2024009,1,529,14,60,1,1,0,,,,,0,0,0,1,1,1,2,1,,,,,,
12-12-2024  14:21 PDT,RVB@2024009,2,-143,26,48,1,1,0,,,,,0,0,0,1,1,1,2,1,,,,,,
12-12-2024  14:19 PDT,RVB@2024009,3,-310,35,60,1,1,0,,,,,0,0,0,1,1,1,2,1,,,,,,
12-12-2024  14:19 PDT,RVB@2024009,4,103,31,60,1,1,0,,,,,0,0,0,1,1,1,2,1,,,,,,
12-12-2024  14:18 PDT,RVB@2024009,5,789,19,60,1,1,0,,,,,0,0,0,1,1,1,2,1,,,,,,
12-12-2024  14:17 PDT,RVB@2024009,6,28,32,60,1,1,0,,,,,0,0,0,1,1,1,2,1,,,,,,
12-12-2024  14:16 PDT,RVB@2024009,7,"-1,515",39,60,1,1,0,,,,,0,0,0,1,1,1,2,1,,,,,,
12-12-2024  11:42 PDT,RVB@2024009,1,"2,761",17,60,2,0,0,,,,,1,0,1,1,0,0,1,2,,,,,,
12-12-2024  11:41 PDT,RVB@2024009,2,"2,286",11,60,2,0,0,,,,,1,1,2,0,0,1,0,1,,,,,,
12-12-2024  11:40 PDT,RVB@2024009,3,"2,548",8,60,2,0,0,,,,,1,1,2,0,0,1,0,1,,,,,,
12-12-2024  11:39 PDT,RVB@2024009,4,"2,879",18,60,2,0,0,,,,,1,0,1,1,0,0,1,2,,,,,,
12-12-2024  11:38 PDT,RVB@2024009,5,"2,156",23,60,2,0,0,,,,,1,0,1,1,0,0,1,2,,,,,,
12-12-2024  11:38 PDT,RVB@2024009,6,"2,583",19,60,2,0,0,,,,,1,0,1,1,0,0,1,2,,,,,,
12-12-2024  11:36 PDT,RVB@2024009,1,"1,872",19,60,1,0,0,,,,,0,0,0,1,1,1,2,1,,,,,,
12-12-2024  11:35 PDT,RVB@2024009,2,"2,138",16,60,1,0,0,,,,,1,0,1,1,0,0,1,2,,,,,,
12-12-2024  11:35 PDT,RVB@2024009,3,"2,190",15,60,1,0,0,,,,,1,0,1,1,0,0,1,2,,,,,,
12-12-2024  11:34 PDT,RVB@2024009,4,"1,979",21,60,1,0,0,,,,,0,0,0,1,1,1,2,1,,,,,,
12-12-2024  11:33 PDT,RVB@2024009,5,"2,038",18,60,1,0,0,,,,,0,0,0,1,1,1,2,1,,,,,,
12-12-2024  11:32 PDT,RVB@2024009,8,"-8,141",82,60,1,1,0,,,,,0,0,0,1,1,1,2,1,,,,,,
12-12-2024  11:31 PDT,RVB@2024009,9,"-3,269",51,60,1,1,0,,,,,0,0,0,1,1,1,2,1,,,,,,
12-12-2024  14:55 PDT,RVB@2024010,1,"1,024",38,60,1,1,1,,,,,0,0,0,1,1,1,2,1,,,,,,
12-12-2024  14:44 PDT,RVB@2024010,2,284,45,60,1,1,1,,,,,0,0,0,1,1,1,2,1,,,,,,
12-12-2024  14:43 PDT,RVB@2024010,3,480,53,60,1,1,1,,,,,0,0,0,1,1,1,2,1,,,,,,
12-12-2024  14:32 PDT,RVB@2024010,4,774,32,60,1,1,1,,,,,0,0,0,1,1,1,2,1,,,,,,
12-12-2024  14:31 PDT,RVB@2024010,5,-970,87,60,1,1,1,,,,,0,0,0,1,1,1,2,1,,,,,,
12-12-2024  14:28 PDT,RVB@2024010,6,"1,316",24,60,1,1,1,,,,,0,0,0,1,1,1,2,1,,,,,,
12-12-2024  14:22 PDT,RVB@2024010,1,"1,190",2,60,1,1,0,,,,,0,1,1,0,1,2,1,0,,,,,,
12-12-2024  14:16 PDT,RVB@2024010,2,"1,089",1,60,1,1,0,,,,,0,1,1,0,1,2,1,0,,,,,,
12-12-2024  11:40 PDT,RVB@2024010,21,"2,450",15,60,2,0,0,,,,,1,0,1,1,0,0,1,2,,,,,,
12-12-2024  11:35 PDT,RVB@2024010,1,"1,138",3,12,1,0,0,,,,,0,1,1,0,1,2,1,0,,,,,,
12-12-2024  11:35 PDT,RVB@2024010,2,"1,529",23,60,1,0,0,,,,,0,0,0,1,1,1,2,1,,,,,,
12-12-2024  11:33 PDT,RVB@2024010,3,968,1,12,1,0,0,,,,,0,1,1,0,1,2,1,0,,,,,,
3-12-2024  16:12 PDT,RVT@2024001,1,"1,433",5,60,1,1,1,,,,,0,1,1,0,1,2,1,0,,,,,,
3-12-2024  16:11 PDT,RVT@2024001,2,"1,353",14,60,1,1,1,,,,,0,0,0,1,1,1,2,1,,,,,,
3-12-2024  15:58 PDT,RVT@2024001,1,"1,477",2,60,1,1,0,,,,,0,1,1,0,1,2,1,0,,,,,,
3-12-2024  15:57 PDT,RVT@2024001,2,833,3,60,1,1,0,,,,,0,1,1,0,1,2,1,0,,,,,,
3-12-2024  15:56 PDT,RVT@2024001,3,"1,354",2,60,1,1,0,,,,,0,1,1,0,1,2,1,0,,,,,,
3-12-2024  15:34 PDT,RVT@2024001,1,"2,230",2,60,2,0,0,,,,,1,1,2,0,0,1,0,1,,,,,,
3-12-2024  15:32 PDT,RVT@2024001,2,"2,313",6,60,2,0,0,,,,,1,1,2,0,0,1,0,1,,,,,,
3-12-2024  15:31 PDT,RVT@2024001,3,"2,383",9,60,2,0,0,,,,,1,1,2,0,0,1,0,1,,,,,,
3-12-2024  15:30 PDT,RVT@2024001,4,"2,801",15,60,2,0,0,,,,,1,0,1,1,0,0,1,2,,,,,,
3-12-2024  15:29 PDT,RVT@2024001,1,"2,220",8,60,1,0,0,,,,,1,1,2,0,0,1,0,1,,,,,,
3-12-2024  15:28 PDT,RVT@2024001,2,"1,430",23,60,1,0,0,,,,,0,0,0,1,1,1,2,1,,,,,,
3-12-2024  15:27 PDT,RVT@2024001,3,"2,167",6,60,1,0,0,,,,,1,1,2,0,0,1,0,1,,,,,,
3-12-2024  15:26 PDT,RVT@2024001,4,"2,176",7,60,1,0,0,,,,,1,1,2,0,0,1,0,1,,,,,,
3-12-2024  15:25 PDT,RVT@2024001,5,"2,097",8,60,1,0,0,,,,,0,1,1,0,1,2,1,0,,,,,,
3-12-2024  15:24 PDT,RVT@2024001,6,"1,833",16,60,1,0,0,,,,,0,0,0,1,1,1,2,1,,,,,,
3-12-2024  16:09 PDT,RVT@2024002,1,"-1,416",63,60,1,1,0,,,,,0,0,0,1,1,1,2,1,,,,,,
3-12-2024  15:26 PDT,RVT@2024002,1,"2,001",19,60,1,0,0,,,,,0,0,0,1,1,1,2,1,,,,,,
3-12-2024  16:10 PDT,RVT@2024003,1,"1,487",17,60,1,1,1,,,,,0,0,0,1,1,1,2,1,,,,,,
3-12-2024  16:00 PDT,RVT@2024003,1,"-2,196",89,24,1,1,0,,,,,0,0,0,1,1,1,2,1,,,,,,
3-12-2024  15:58 PDT,RVT@2024003,2,"-1,322",32,48,1,1,0,,,,,0,0,0,1,1,1,2,1,,,,,,
3-12-2024  15:58 PDT,RVT@2024003,3,-172,57,24,1,1,0,,,,,0,0,0,1,1,1,2,1,,,,,,
3-12-2024  15:57 PDT,RVT@2024003,4,603,18,60,1,1,0,,,,,0,0,0,1,1,1,2,1,,,,,,
3-12-2024  15:56 PDT,RVT@2024003,5,-695,50,36,1,1,0,,,,,0,0,0,1,1,1,2,1,,,,,,
3-12-2024  15:54 PDT,RVT@2024003,1,"2,535",11,60,2,0,0,,,,,1,1,2,0,0,1,0,1,,,,,,
3-12-2024  15:25 PDT,RVT@2024003,1,"2,158",6,60,1,0,0,,,,,1,1,2,0,0,1,0,1,,,,,,
3-12-2024  16:10 PDT,RVT@2024004,1,"1,181",5,60,1,1,1,,,,,0,1,1,0,1,2,1,0,,,,,,
3-12-2024  16:09 PDT,RVT@2024004,2,"1,329",13,60,1,1,1,,,,,0,0,0,1,1,1,2,1,,,,,,
3-12-2024  16:08 PDT,RVT@2024004,3,"1,333",10,60,1,1,1,,,,,0,1,1,0,1,2,1,0,,,,,,
3-12-2024  16:08 PDT,RVT@2024004,4,"1,035",1,60,1,1,1,,,,,0,1,1,0,1,2,1,0,,,,,,
3-12-2024  15:58 PDT,RVT@2024004,1,"1,038",10,60,1,1,0,,,,,0,1,1,0,1,2,1,0,,,,,,
3-12-2024  15:57 PDT,RVT@2024004,2,835,0,60,1,1,0,,,,,0,1,1,0,1,2,1,0,,,,,,
3-12-2024  15:56 PDT,RVT@2024004,3,507,16,60,1,1,0,,,,,0,0,0,1,1,1,2,1,,,,,,
3-12-2024  15:56 PDT,RVT@2024004,4,"-1,953",44,60,1,1,0,,,,,0,0,0,1,1,1,2,1,,,,,,
3-12-2024  15:32 PDT,RVT@2024004,1,"2,185",13,60,2,0,0,,,,,1,0,1,1,0,0,1,2,,,,,,
3-12-2024  15:31 PDT,RVT@2024004,2,"2,148",16,60,2,0,0,,,,,1,0,1,1,0,0,1,2,,,,,,
3-12-2024  15:30 PDT,RVT@2024004,3,"2,132",15,60,2,0,0,,,,,1,0,1,1,0,0,1,2,,,,,,
3-12-2024  15:29 PDT,RVT@2024004,1,"2,208",3,60,1,0,0,,,,,1,1,2,0,0,1,0,1,,,,,,
3-12-2024  15:27 PDT,RVT@2024004,2,"2,031",13,60,1,0,0,,,,,0,0,0,1,1,1,2,1,,,,,,
3-12-2024  15:27 PDT,RVT@2024004,3,"1,844",17,60,1,0,0,,,,,0,0,0,1,1,1,2,1,,,,,,
3-12-2024  15:26 PDT,RVT@2024004,4,"2,106",8,60,1,0,0,,,,,0,1,1,0,1,2,1,0,,,,,,
3-12-2024  15:25 PDT,RVT@2024004,5,"2,019",9,60,1,0,0,,,,,0,1,1,0,1,2,1,0,,,,,,
3-12-2024  15:24 PDT,RVT@2024004,6,"2,086",2,60,1,0,0,,,,,0,1,1,0,1,2,1,0,,,,,,
3-12-2024  15:23 PDT,RVT@2024004,7,"2,110",11,60,1,0,0,,,,,0,1,1,0,1,2,1,0,,,,,,
3-12-2024  16:09 PDT,RVT@2024005,1,210,69,60,1,1,1,,,,,0,0,0,1,1,1,2,1,,,,,,
3-12-2024  15:58 PDT,RVT@2024005,1,334,23,60,1,1,0,,,,,0,0,0,1,1,1,2,1,,,,,,
3-12-2024  15:32 PDT,RVT@2024005,1,"2,468",7,60,2,0,0,,,,,1,1,2,0,0,1,0,1,,,,,,
3-12-2024  15:26 PDT,RVT@2024005,1,"2,252",7,60,1,0,0,,,,,1,1,2,0,0,1,0,1,,,,,,
3-12-2024  16:09 PDT,RVT@2024006,1,"1,628",9,60,1,1,1,,,,,0,1,1,0,1,2,1,0,,,,,,
3-12-2024  15:59 PDT,RVT@2024006,1,609,23,48,1,1,0,,,,,0,0,0,1,1,1,2,1,,,,,,
3-12-2024  15:57 PDT,RVT@2024006,2,"1,047",35,60,1,1,0,,,,,0,0,0,1,1,1,2,1,,,,,,
3-12-2024  15:32 PDT,RVT@2024006,1,"2,584",13,60,2,0,0,,,,,1,0,1,1,0,0,1,2,,,,,,
3-12-2024  15:31 PDT,RVT@2024006,2,"2,680",10,60,2,0,0,,,,,1,1,2,0,0,1,0,1,,,,,,
3-12-2024  15:28 PDT,RVT@2024006,1,"2,097",4,60,1,0,0,,,,,0,1,1,0,1,2,1,0,,,,,,
3-12-2024  15:27 PDT,RVT@2024006,2,"2,162",4,60,1,0,0,,,,,1,1,2,0,0,1,0,1,,,,,,
3-12-2024  15:26 PDT,RVT@2024006,3,"2,086",2,60,1,0,0,,,,,0,1,1,0,1,2,1,0,,,,,,
3-12-2024  15:25 PDT,RVT@2024006,4,"2,020",12,48,1,0,0,,,,,0,1,1,0,1,2,1,0,,,,,,
3-12-2024  15:24 PDT,RVT@2024006,5,"2,391",12,60,1,0,0,,,,,1,1,2,0,0,1,0,1,,,,,,
3-12-2024  15:22 PDT,RVT@2024006,6,854,1,12,1,0,0,,,,,0,1,1,0,1,2,1,0,,,,,,
3-12-2024  16:10 PDT,RVT@2024007,1,"1,415",8,60,1,1,1,,,,,0,1,1,0,1,2,1,0,,,,,,
3-12-2024  15:58 PDT,RVT@2024007,1,"1,100",14,60,1,1,0,,,,,0,0,0,1,1,1,2,1,,,,,,
3-12-2024  15:31 PDT,RVT@2024007,1,"2,283",7,60,2,0,0,,,,,1,1,2,0,0,1,0,1,,,,,,
3-12-2024  15:28 PDT,RVT@2024007,1,"2,038",11,60,1,0,0,,,,,0,1,1,0,1,2,1,0,,,,,,
3-12-2024  16:10 PDT,RVT@2024008,1,"1,070",5,60,1,1,1,,,,,0,1,1,0,1,2,1,0,,,,,,
3-12-2024  16:09 PDT,RVT@2024008,2,"1,070",5,24,1,1,1,,,,,0,1,1,0,1,2,1,0,,,,,,
3-12-2024  16:08 PDT,RVT@2024008,3,417,1,12,1,1,1,,,,,0,1,1,0,1,2,1,0,,,,,,
3-12-2024  15:58 PDT,RVT@2024008,1,785,6,36,1,1,0,,,,,0,1,1,0,1,2,1,0,,,,,,
3-12-2024  15:58 PDT,RVT@2024008,2,567,1,24,1,1,0,,,,,0,1,1,0,1,2,1,0,,,,,,
3-12-2024  15:57 PDT,RVT@2024008,3,788,3,24,1,1,0,,,,,0,1,1,0,1,2,1,0,,,,,,
3-12-2024  15:56 PDT,RVT@2024008,4,332,1,12,1,1,0,,,,,0,1,1,0,1,2,1,0,,,,,,
3-12-2024  15:55 PDT,RVT@2024008,5,473,4,12,1,1,0,,,,,0,1,1,0,1,2,1,0,,,,,,
3-12-2024  15:31 PDT,RVT@2024008,1,"2,167",6,60,1,0,0,,,,,1,1,2,0,0,1,0,1,,,,,,
3-12-2024  15:28 PDT,RVT@2024008,6,-241,25,60,1,1,0,,,,,0,0,0,1,1,1,2,1,,,,,,
3-12-2024  16:11 PDT,RVT@2024009,1,324,0,60,1,1,1,,,,,0,1,1,0,1,2,1,0,,,,,,
3-12-2024  16:10 PDT,RVT@2024009,2,508,3,60,1,1,1,,,,,0,1,1,0,1,2,1,0,,,,,,
3-12-2024  16:08 PDT,RVT@2024009,3,792,1,60,1,1,1,,,,,0,1,1,0,1,2,1,0,,,,,,
3-12-2024  16:08 PDT,RVT@2024009,4,"1,183",4,60,1,1,1,,,,,0,1,1,0,1,2,1,0,,,,,,
3-12-2024  15:58 PDT,RVT@2024009,1,"1,452",2,60,1,1,0,,,,,0,1,1,0,1,2,1,0,,,,,,
3-12-2024  15:57 PDT,RVT@2024009,2,"1,665",2,60,1,1,0,,,,,0,1,1,0,1,2,1,0,,,,,,
3-12-2024  15:32 PDT,RVT@2024009,1,"2,578",12,60,2,0,0,,,,,1,1,2,0,0,1,0,1,,,,,,
3-12-2024  15:31 PDT,RVT@2024009,2,"2,235",7,60,2,0,0,,,,,1,1,2,0,0,1,0,1,,,,,,
3-12-2024  15:26 PDT,RVT@2024009,1,"2,079",10,60,1,0,0,,,,,0,1,1,0,1,2,1,0,,,,,,
3-12-2024  15:25 PDT,RVT@2024009,2,"2,268",9,60,1,0,0,,,,,1,1,2,0,0,1,0,1,,,,,,
3-12-2024  15:24 PDT,RVT@2024009,3,615,44,60,1,0,0,,,,,0,0,0,1,1,1,2,1,,,,,,
3-12-2024  15:24 PDT,RVT@2024009,4,"1,368",30,60,1,0,0,,,,,0,0,0,1,1,1,2,1,,,,,,
3-12-2024  15:22 PDT,RVT@2024009,5,"2,399",15,60,1,0,0,,,,,1,0,1,1,0,0,1,2,,,,,,
9-12-2024  17:40 PDT,RVT@2024010,1,759,22,12,1,1,1,,,,,0,0,0,1,1,1,2,1,,,,,,
4-12-2024  10:38 PDT,RVT@2024010,2,"-2,417",100,60,1,1,1,,,,,0,0,0,1,1,1,2,1,,,,,,
5-11-2024  11:49 PDT,S@a2024020,1,"2,527",7,60,1,0,0,,,,,1,1,2,0,0,1,0,1,,,,,,
3-6-2025  14:09 PDT,SAA@2025001,1,"1,041",10,48,1,1,1,,,,,0,1,1,0,1,2,1,0,,,,,,
3-6-2025  14:07 PDT,SAA@2025001,2,"1,106",5,48,1,1,1,,,,,0,1,1,0,1,2,1,0,,,,,,
3-6-2025  14:04 PDT,SAA@2025001,1,"1,298",2,48,1,1,0,,,,,0,1,1,0,1,2,1,0,,,,,,
3-6-2025  14:03 PDT,SAA@2025001,2,695,27,48,1,1,0,,,,,0,0,0,1,1,1,2,1,,,,,,
3-6-2025  14:02 PDT,SAA@2025001,3,"1,553",2,60,1,1,0,,,,,0,1,1,0,1,2,1,0,,,,,,
3-6-2025  14:00 PDT,SAA@2025001,4,"1,697",2,60,1,1,0,,,,,1,1,2,0,0,1,0,1,,,,,,
3-6-2025  13:59 PDT,SAA@2025001,5,"1,037",7,48,1,1,0,,,,,0,1,1,0,1,2,1,0,,,,,,
3-6-2025  13:59 PDT,SAA@2025001,6,835,0,60,1,1,0,,,,,0,1,1,0,1,2,1,0,,,,,,
3-6-2025  13:57 PDT,SAA@2025001,7,"-10,013",91,60,1,1,0,,,,,0,0,0,1,1,1,2,1,,,,,,
3-6-2025  13:57 PDT,SAA@2025001,8,"1,665",2,60,1,1,0,,,,,0,1,1,0,1,2,1,0,,,,,,
3-6-2025  11:34 PDT,SAA@2025001,1,"1,708",10,60,2,0,0,,,,,0,1,1,0,1,2,1,0,,,,,,
3-6-2025  11:32 PDT,SAA@2025001,2,"2,577",7,60,2,0,0,,,,,1,1,2,0,0,1,0,1,,,,,,
3-6-2025  11:31 PDT,SAA@2025001,1,"1,553",17,60,1,0,0,,,,,0,0,0,1,1,1,2,1,,,,,,
3-6-2025  11:31 PDT,SAA@2025001,2,"1,967",5,60,1,0,0,,,,,0,1,1,0,1,2,1,0,,,,,,
3-6-2025  11:28 PDT,SAA@2025001,3,"2,204",4,60,1,0,0,,,,,1,1,2,0,0,1,0,1,,,,,,
3-6-2025  11:27 PDT,SAA@2025001,4,"2,086",2,60,1,0,0,,,,,0,1,1,0,1,2,1,0,,,,,,
3-6-2025  11:27 PDT,SAA@2025001,5,"2,173",4,60,1,0,0,,,,,1,1,2,0,0,1,0,1,,,,,,
3-6-2025  11:25 PDT,SAA@2025001,6,"2,097",11,60,1,0,0,,,,,0,1,1,0,1,2,1,0,,,,,,
3-6-2025  14:09 PDT,SAA@2025002,1,307,40,48,1,1,1,,,,,0,0,0,1,1,1,2,1,,,,,,
3-6-2025  14:08 PDT,SAA@2025002,2,720,14,60,1,1,1,,,,,0,0,0,1,1,1,2,1,,,,,,
3-6-2025  14:06 PDT,SAA@2025002,1,605,13,12,1,1,0,,,,,0,0,0,1,1,1,2,1,,,,,,
3-6-2025  14:01 PDT,SAA@2025002,2,"-7,063",68,60,1,1,0,,,,,0,0,0,1,1,1,2,1,,,,,,
3-6-2025  14:00 PDT,SAA@2025002,3,666,22,12,1,1,0,,,,,0,0,0,1,1,1,2,1,,,,,,
3-6-2025  14:00 PDT,SAA@2025002,4,151,28,36,1,1,0,,,,,0,0,0,1,1,1,2,1,,,,,,
3-6-2025  13:59 PDT,SAA@2025002,5,-781,72,24,1,1,0,,,,,0,0,0,1,1,1,2,1,,,,,,
3-6-2025  13:58 PDT,SAA@2025002,6,"-1,641",26,60,1,1,0,,,,,0,0,0,1,1,1,2,1,,,,,,
3-6-2025  13:57 PDT,SAA@2025002,7,"-11,656",94,60,1,1,0,,,,,0,0,0,1,1,1,2,1,,,,,,
3-6-2025  13:57 PDT,SAA@2025002,8,"-2,767",89,24,1,1,0,,,,,0,0,0,1,1,1,2,1,,,,,,
3-6-2025  13:56 PDT,SAA@2025002,9,635,17,12,1,1,0,,,,,0,0,0,1,1,1,2,1,,,,,,
3-6-2025  11:34 PDT,SAA@2025002,1,730,2,12,2,0,0,,,,,0,1,1,0,1,2,1,0,,,,,,
3-6-2025  11:33 PDT,SAA@2025002,2,951,6,12,2,0,0,,,,,0,1,1,0,1,2,1,0,,,,,,
3-6-2025  11:33 PDT,SAA@2025002,3,"1,805",0,24,2,0,0,,,,,0,1,1,0,1,2,1,0,,,,,,
3-6-2025  11:32 PDT,SAA@2025002,1,"1,463",9,24,1,0,0,,,,,0,1,1,0,1,2,1,0,,,,,,
3-6-2025  11:31 PDT,SAA@2025002,2,"1,416",7,24,1,0,0,,,,,0,1,1,0,1,2,1,0,,,,,,
3-6-2025  11:29 PDT,SAA@2025002,4,"2,162",11,60,1,0,0,,,,,1,1,2,0,0,1,0,1,,,,,,
3-6-2025  14:11 PDT,SAA@2025003,1,285,20,48,1,1,1,,,,,0,0,0,1,1,1,2,1,,,,,,
3-6-2025  14:09 PDT,SAA@2025003,2,997,25,60,1,1,1,,,,,0,0,0,1,1,1,2,1,,,,,,
3-6-2025  14:00 PDT,SAA@2025003,1,"1,518",2,60,1,1,0,,,,,0,1,1,0,1,2,1,0,,,,,,
3-6-2025  11:35 PDT,SAA@2025003,1,"2,324",14,60,2,0,0,,,,,1,0,1,1,0,0,1,2,,,,,,
3-6-2025  11:30 PDT,SAA@2025003,1,"2,054",7,60,1,0,0,,,,,0,1,1,0,1,2,1,0,,,,,,
3-6-2025  11:28 PDT,SAA@2025003,2,"2,195",3,60,1,0,0,,,,,1,1,2,0,0,1,0,1,,,,,,
3-6-2025  14:01 PDT,SAA@2025005,1,915,13,36,1,1,0,,,,,0,0,0,1,1,1,2,1,,,,,,
3-6-2025  14:00 PDT,SAA@2025005,2,941,42,60,1,1,0,,,,,0,0,0,1,1,1,2,1,,,,,,
3-6-2025  13:58 PDT,SAA@2025005,3,878,44,60,1,1,0,,,,,0,0,0,1,1,1,2,1,,,,,,
3-6-2025  11:35 PDT,SAA@2025005,1,"2,663",13,60,2,0,0,,,,,1,0,1,1,0,0,1,2,,,,,,
3-6-2025  11:33 PDT,SAA@2025005,2,"2,275",7,60,2,0,0,,,,,1,1,2,0,0,1,0,1,,,,,,
3-6-2025  11:31 PDT,SAA@2025005,1,"2,368",8,60,1,0,0,,,,,1,1,2,0,0,1,0,1,,,,,,
3-6-2025  11:28 PDT,SAA@2025005,2,"2,236",9,60,1,0,0,,,,,1,1,2,0,0,1,0,1,,,,,,
3-6-2025  11:25 PDT,SAA@2025005,3,"1,593",12,36,1,0,0,,,,,0,1,1,0,1,2,1,0,,,,,,
3-6-2025  14:11 PDT,SAA@2025006,1,792,30,60,1,1,1,,,,,0,0,0,1,1,1,2,1,,,,,,
3-6-2025  14:09 PDT,SAA@2025006,2,"-1,059",92,60,1,1,1,,,,,0,0,0,1,1,1,2,1,,,,,,
3-6-2025  14:08 PDT,SAA@2025006,3,"1,347",6,60,1,1,1,,,,,0,1,1,0,1,2,1,0,,,,,,
3-6-2025  14:00 PDT,SAA@2025006,1,"1,243",10,60,1,1,0,,,,,0,1,1,0,1,2,1,0,,,,,,
3-6-2025  13:59 PDT,SAA@2025006,2,-238,29,60,1,1,0,,,,,0,0,0,1,1,1,2,1,,,,,,
3-6-2025  13:59 PDT,SAA@2025006,3,"-3,463",58,60,1,1,0,,,,,0,0,0,1,1,1,2,1,,,,,,
3-6-2025  13:57 PDT,SAA@2025006,4,722,35,12,1,1,0,,,,,0,0,0,1,1,1,2,1,,,,,,
3-6-2025  11:34 PDT,SAA@2025006,1,"1,363",30,60,2,0,0,,,,,0,0,0,1,1,1,2,1,,,,,,
3-6-2025  11:33 PDT,SAA@2025006,2,949,9,12,2,0,0,,,,,0,1,1,0,1,2,1,0,,,,,,
3-6-2025  11:33 PDT,SAA@2025006,3,910,2,12,2,0,0,,,,,0,1,1,0,1,2,1,0,,,,,,
3-6-2025  11:33 PDT,SAA@2025006,4,"2,054",20,60,2,0,0,,,,,0,0,0,1,1,1,2,1,,,,,,
3-6-2025  11:31 PDT,SAA@2025006,1,"1,866",24,60,1,0,0,,,,,0,0,0,1,1,1,2,1,,,,,,
3-6-2025  11:30 PDT,SAA@2025006,2,"1,673",15,24,1,0,0,,,,,0,0,0,1,1,1,2,1,,,,,,
3-6-2025  11:29 PDT,SAA@2025006,3,"2,067",20,60,1,0,0,,,,,0,0,0,1,1,1,2,1,,,,,,
3-6-2025  11:27 PDT,SAA@2025006,4,"2,189",5,60,1,0,0,,,,,1,1,2,0,0,1,0,1,,,,,,
3-6-2025  14:08 PDT,SAA@2025007,1,"1,521",3,60,1,1,1,,,,,0,1,1,0,1,2,1,0,,,,,,
3-6-2025  14:03 PDT,SAA@2025007,1,-196,64,60,1,1,0,,,,,0,0,0,1,1,1,2,1,,,,,,
3-6-2025  14:01 PDT,SAA@2025007,2,-798,23,60,1,1,0,,,,,0,0,0,1,1,1,2,1,,,,,,
3-6-2025  14:00 PDT,SAA@2025007,3,"-3,537",75,48,1,1,0,,,,,0,0,0,1,1,1,2,1,,,,,,
3-6-2025  13:58 PDT,SAA@2025007,4,"-6,234",84,60,1,1,0,,,,,0,0,0,1,1,1,2,1,,,,,,
3-6-2025  11:34 PDT,SAA@2025007,1,"2,591",15,60,2,0,0,,,,,1,0,1,1,0,0,1,2,,,,,,
3-6-2025  11:33 PDT,SAA@2025007,2,"2,225",14,60,2,0,0,,,,,1,0,1,1,0,0,1,2,,,,,,
3-6-2025  11:31 PDT,SAA@2025007,1,"2,124",9,60,1,0,0,,,,,0,1,1,0,1,2,1,0,,,,,,
3-6-2025  11:29 PDT,SAA@2025007,2,"1,440",11,24,1,0,0,,,,,0,1,1,0,1,2,1,0,,,,,,
3-6-2025  11:26 PDT,SAA@2025007,3,"1,969",16,60,1,0,0,,,,,0,0,0,1,1,1,2,1,,,,,,
3-6-2025  14:11 PDT,SAA@2025008,1,"1,138",23,48,1,1,1,,,,,0,0,0,1,1,1,2,1,,,,,,
3-6-2025  14:09 PDT,SAA@2025008,2,869,46,60,1,1,1,,,,,0,0,0,1,1,1,2,1,,,,,,
3-6-2025  14:08 PDT,SAA@2025008,3,"1,207",24,60,1,1,1,,,,,0,0,0,1,1,1,2,1,,,,,,
3-6-2025  14:07 PDT,SAA@2025008,1,654,57,12,1,1,0,,,,,0,0,0,1,1,1,2,1,,,,,,
3-6-2025  14:04 PDT,SAA@2025008,2,-456,52,60,1,1,0,,,,,0,0,0,1,1,1,2,1,,,,,,
3-6-2025  14:03 PDT,SAA@2025008,3,246,28,60,1,1,0,,,,,0,0,0,1,1,1,2,1,,,,,,
3-6-2025  14:02 PDT,SAA@2025008,4,972,2,48,1,1,0,,,,,0,1,1,0,1,2,1,0,,,,,,
3-6-2025  14:00 PDT,SAA@2025008,5,831,9,48,1,1,0,,,,,0,1,1,0,1,2,1,0,,,,,,
3-6-2025  14:00 PDT,SAA@2025008,6,531,16,60,1,1,0,,,,,0,0,0,1,1,1,2,1,,,,,,
3-6-2025  13:59 PDT,SAA@2025008,7,391,20,60,1,1,0,,,,,0,0,0,1,1,1,2,1,,,,,,
3-6-2025  13:59 PDT,SAA@2025008,8,456,19,60,1,1,0,,,,,0,0,0,1,1,1,2,1,,,,,,
3-6-2025  13:58 PDT,SAA@2025008,9,-171,27,60,1,1,0,,,,,0,0,0,1,1,1,2,1,,,,,,
3-6-2025  13:58 PDT,SAA@2025008,10,"-1,540",32,60,1,1,0,,,,,0,0,0,1,1,1,2,1,,,,,,
3-6-2025  11:38 PDT,SAA@2025008,1,"2,867",17,60,2,0,0,,,,,1,0,1,1,0,0,1,2,,,,,,
3-6-2025  11:37 PDT,SAA@2025008,2,"2,144",23,60,2,0,0,,,,,1,0,1,1,0,0,1,2,,,,,,
3-6-2025  11:35 PDT,SAA@2025008,3,"2,345",11,48,2,0,0,,,,,1,1,2,0,0,1,0,1,,,,,,
3-6-2025  11:35 PDT,SAA@2025008,4,"2,321",9,60,2,0,0,,,,,1,1,2,0,0,1,0,1,,,,,,
3-6-2025  11:34 PDT,SAA@2025008,5,"2,251",15,60,2,0,0,,,,,1,0,1,1,0,0,1,2,,,,,,
3-6-2025  11:33 PDT,SAA@2025008,6,"2,105",11,60,2,0,0,,,,,0,1,1,0,1,2,1,0,,,,,,
3-6-2025  11:33 PDT,SAA@2025008,7,"2,353",15,60,2,0,0,,,,,1,0,1,1,0,0,1,2,,,,,,
3-6-2025  11:32 PDT,SAA@2025008,8,"2,332",5,60,2,0,0,,,,,1,1,2,0,0,1,0,1,,,,,,
3-6-2025  11:32 PDT,SAA@2025008,9,"2,296",8,60,2,0,0,,,,,1,1,2,0,0,1,0,1,,,,,,
3-6-2025  11:31 PDT,SAA@2025008,1,"2,186",4,60,1,0,0,,,,,1,1,2,0,0,1,0,1,,,,,,
3-6-2025  11:30 PDT,SAA@2025008,2,"1,777",7,48,1,0,0,,,,,0,1,1,0,1,2,1,0,,,,,,
3-6-2025  11:27 PDT,SAA@2025008,3,"1,926",13,60,1,0,0,,,,,0,0,0,1,1,1,2,1,,,,,,
7-11-2024  14:13 PDT,SK,1,"1,094",12,60,1,1,1,,,,,0,1,1,0,1,2,1,0,,,,,,
7-11-2024  14:11 PDT,SK,2,"1,283",1,60,1,1,1,,,,,0,1,1,0,1,2,1,0,,,,,,
7-11-2024  14:02 PDT,SK,1,"1,076",4,60,1,1,0,,,,,0,1,1,0,1,2,1,0,,,,,,
7-11-2024  11:56 PDT,SK,1,"2,424",11,60,2,0,0,,,,,1,1,2,0,0,1,0,1,,,,,,
7-11-2024  11:52 PDT,SK,1,"2,206",2,60,1,0,0,,,,,1,1,2,0,0,1,0,1,,,,,,
7-11-2024  14:13 PDT,SB,1,763,38,60,1,1,1,,,,,0,0,0,1,1,1,2,1,,,,,,
7-11-2024  14:11 PDT,SB,2,"1,083",28,60,1,1,1,,,,,0,0,0,1,1,1,2,1,,,,,,
7-11-2024  14:06 PDT,SB,1,-278,38,60,1,1,0,,,,,0,0,0,1,1,1,2,1,,,,,,
7-11-2024  14:05 PDT,SB,2,"-14,743",100,60,1,1,0,,,,,0,0,0,1,1,1,2,1,,,,,,
7-11-2024  14:04 PDT,SB,3,835,0,60,1,1,0,,,,,0,1,1,0,1,2,1,0,,,,,,
7-11-2024  14:02 PDT,SB,4,507,14,60,1,1,0,,,,,0,0,0,1,1,1,2,1,,,,,,
7-11-2024  11:59 PDT,SB,1,"2,537",14,60,2,0,0,,,,,1,0,1,1,0,0,1,2,,,,,,
7-11-2024  11:56 PDT,SB,2,"2,371",12,60,2,0,0,,,,,1,1,2,0,0,1,0,1,,,,,,
7-11-2024  11:53 PDT,SB,1,"2,285",13,60,1,0,0,,,,,1,0,1,1,0,0,1,2,,,,,,
7-11-2024  14:12 PDT,TB,1,"1,265",6,60,1,1,1,,,,,0,1,1,0,1,2,1,0,,,,,,
7-11-2024  14:11 PDT,TB,2,"1,327",6,60,1,1,1,,,,,0,1,1,0,1,2,1,0,,,,,,
7-11-2024  14:02 PDT,TB,1,"1,179",0,60,1,1,0,,,,,0,1,1,0,1,2,1,0,,,,,,
7-11-2024  11:56 PDT,TB,1,"2,717",12,60,2,0,0,,,,,1,1,2,0,0,1,0,1,,,,,,
7-11-2024  11:54 PDT,TB,1,"2,297",11,60,1,0,0,,,,,1,1,2,0,0,1,0,1,,,,,,
7-11-2024  11:53 PDT,TB,2,752,44,60,1,0,0,,,,,0,0,0,1,1,1,2,1,,,,,,
7-11-2024  11:51 PDT,TB,3,"2,086",2,60,1,0,0,,,,,0,1,1,0,1,2,1,0,,,,,,
7-11-2024  14:13 PDT,VH,1,"1,692",9,60,1,1,1,,,,,1,1,2,0,0,1,0,1,,,,,,
7-11-2024  14:05 PDT,VH,1,971,7,36,1,1,0,,,,,0,1,1,0,1,2,1,0,,,,,,
7-11-2024  14:04 PDT,VH,2,711,6,36,1,1,0,,,,,0,1,1,0,1,2,1,0,,,,,,
7-11-2024  14:03 PDT,VH,3,-569,36,60,1,1,0,,,,,0,0,0,1,1,1,2,1,,,,,,
7-11-2024  12:03 PDT,VH,1,706,2,12,2,0,0,,,,,0,1,1,0,1,2,1,0,,,,,,
7-11-2024  12:02 PDT,VH,2,"2,527",19,60,2,0,0,,,,,1,0,1,1,0,0,1,2,,,,,,
7-11-2024  11:54 PDT,VH,1,"1,527",8,24,1,0,0,,,,,0,1,1,0,1,2,1,0,,,,,,
7-11-2024  14:14 PDT,WM,1,"1,454",12,60,1,1,1,,,,,0,1,1,0,1,2,1,0,,,,,,
7-11-2024  14:12 PDT,WM,2,693,54,60,1,1,1,,,,,0,0,0,1,1,1,2,1,,,,,,
7-11-2024  14:08 PDT,WM,1,"1,466",1,60,1,1,0,,,,,0,1,1,0,1,2,1,0,,,,,,
7-11-2024  14:06 PDT,WM,2,585,31,60,1,1,0,,,,,0,0,0,1,1,1,2,1,,,,,,
7-11-2024  14:06 PDT,WM,3,"1,141",1,60,1,1,0,,,,,0,1,1,0,1,2,1,0,,,,,,
7-11-2024  14:04 PDT,WM,4,"1,118",0,60,1,1,0,,,,,0,1,1,0,1,2,1,0,,,,,,
7-11-2024  14:01 PDT,WM,5,"1,357",1,60,1,1,0,,,,,0,1,1,0,1,2,1,0,,,,,,
7-11-2024  12:01 PDT,WM,1,"1,883",1,48,2,0,0,,,,,0,1,1,0,1,2,1,0,,,,,,
7-11-2024  12:00 PDT,WM,2,"1,817",9,60,2,0,0,,,,,0,1,1,0,1,2,1,0,,,,,,
7-11-2024  11:59 PDT,WM,3,"2,338",7,60,2,0,0,,,,,1,1,2,0,0,1,0,1,,,,,,
7-11-2024  11:57 PDT,WM,4,"1,928",7,60,2,0,0,,,,,0,1,1,0,1,2,1,0,,,,,,
7-11-2024  11:51 PDT,WM,1,"2,044",3,60,1,0,0,,,,,0,1,1,0,1,2,1,0,,,,,,
6-11-2025  14:43 PDT,SAA@NOV25006 SAA@NOV25006,,"-1,120",100,60,1,1,1,,,,,0,0,0,1,1,1,2,1,,,,,,
6-11-2025  14:42 PDT,SAA@NOV25006 SAA@NOV25006,,234,66,60,1,1,1,,,,,0,0,0,1,1,1,2,1,,,,,,
6-11-2025  14:41 PDT,SAA@NOV25006 SAA@NOV25006,,-13,61,36,1,1,1,,,,,0,0,0,1,1,1,2,1,,,,,,
6-11-2025  14:40 PDT,SAA@NOV25007 SAA@NOV25007,,466,48,48,1,1,1,,,,,0,0,0,1,1,1,2,1,,,,,,
6-11-2025  14:40 PDT,SAA@NOV25006 SAA@NOV25006,,-878,98,48,1,1,1,,,,,0,0,0,1,1,1,2,1,,,,,,
6-11-2025  14:40 PDT,SAA@NOV25005 SAA@NOV25005,,"1,275",4,60,1,1,1,,,,,0,1,1,0,1,2,1,0,,,,,,
6-11-2025  14:39 PDT,SAA@NOV25007 SAA@NOV25007,,714,44,48,1,1,1,,,,,0,0,0,1,1,1,2,1,,,,,,
6-11-2025  14:39 PDT,SAA@NOV25006 SAA@NOV25006,,289,57,60,1,1,1,,,,,0,0,0,1,1,1,2,1,,,,,,
6-11-2025  14:38 PDT,SAA@NOV25006 SAA@NOV25006,,779,13,12,1,1,1,,,, ,0,0,0,1,1,1,2,1,,,,,,
6-11-2025  14:39 PDT,SAA@NOV25001 SAA@NOV25001,,"1,484",10,60,1,1,1,,,,,0,1,1,0,1,2,1,0,,,,,,
6-11-2025  14:38 PDT,SAA@NOV25005 SAA@NOV25005,,"1,201",1,60,1,1,1,,,,,0,1,1,0,1,2,1,0,,,,,,
6-11-2025  14:39 PDT,SAA@NOV25011 SAA@NOV25011,,"1,584",24,60,1,1,1,,,,,0,0,0,1,1,1,2,1,,,,,,
6-11-2025  14:38 PDT,SAA@NOV25007 SAA@NOV25007,,564,46,48,1,1,1,,,,,0,0,0,1,1,1,2,1,,,,,,
6-11-2025  14:38 PDT,SAA@NOV25001 SAA@NOV25001,,"1,272",12,60,1,1,1,,,,,0,1,1,0,1,2,1,0,,,,,,
6-11-2025  14:38 PDT,SAA@NOV25006 SAA@NOV25006,,817,59,60,1,1,1,,,,,0,0,0,1,1,1,2,1,,,,,,
6-11-2025  14:37 PDT,SAA@NOV25007 SAA@NOV25007,,621,47,48,1,1,1,,,,,0,0,0,1,1,1,2,1,,,,,,
6-11-2025  14:37 PDT,SAA@NOV25005 SAA@NOV25005,,"1,070",1,60,1,1,1,,,,,0,1,1,0,1,2,1,0,,,,,,
6-11-2025  14:37 PDT,SAA@NOV25002 SAA@NOV25002,,"1,011",23,60,1,1,1,,,,,0,0,0,1,1,1,2,1,,,,,,
6-11-2025  14:36 PDT,SAA@NOV25007 SAA@NOV25007,,577,47,48,1,1,1,,,,,0,0,0,1,1,1,2,1,,,,,,
6-11-2025  14:37 PDT,SAA@NOV25006 SAA@NOV25006,,246,78,60,1,1,1,,,,,0,0,0,1,1,1,2,1,,,,,,
6-11-2025  14:37 PDT,SAA@NOV25011 SAA@NOV25011,,"1,109",46,60,1,1,1,,,,,0,0,0,1,1,1,2,1,,,,,,
6-11-2025  14:36 PDT,SAA@NOV25009 SAA@NOV25009,,-463,83,48,1,1,1,,,,,0,0,0,1,1,1,2,1,,,,,,
6-11-2025  14:36 PDT,SAA@NOV25005 SAA@NOV25005,,"1,103",8,60,1,1,1,,,,,0,1,1,0,1,2,1,0,,,,,,
6-11-2025  14:37 PDT,SAA@NOV25012 SAA@NOV25012,,"1,702",13,60,1,1,1,,,,,1,0,1,1,0,0,1,2,,,,,,
6-11-2025  14:35 PDT,SAA@NOV25013 SAA@NOV25013,,"1,398",14,60,1,1,1,,,,,0,0,0,1,1,1,2,1,,,,,,
6-11-2025  14:37 PDT,SAA@NOV25001 SAA@NOV25001,,656,23,60,1,1,1,,,,,0,0,0,1,1,1,2,1,,,,,,
6-11-2025  14:33 PDT,SAA@NOV25011 SAA@NOV25011,,"1,004",56,60,1,1,1,,,,,0,0,0,1,1,1,2,1,,,,,,
6-11-2025  14:33 PDT,SAA@NOV25012 SAA@NOV25012,,"1,226",24,60,1,1,1,,,,,0,0,0,1,1,1,2,1,,,,,,
6-11-2025  14:32 PDT,SAA@NOV25008 SAA@NOV25008,,"1,436",6,60,1,1,1,,,,,0,1,1,0,1,2,1,0,,,,,,
6-11-2025  14:32 PDT,SAA@NOV25009 SAA@NOV25009,,"1,259",8,60,1,1,1,,,,,0,1,1,0,1,2,1,0,,,,,,
6-11-2025  14:35 PDT,SAA@NOV25007 SAA@NOV25007,,964,53,60,1,1,1,,,,,0,0,0,1,1,1,2,1,,,,,,
6-11-2025  14:35 PDT,SAA@NOV25010 SAA@NOV25010,,"1,453",6,60,1,1,1,,,,,0,1,1,0,1,2,1,0,,,,,,
6-11-2025  14:27 PDT,SAA@NOV25013 SAA@NOV25013,,871,14,60,1,1,0,,,,,0,0,0,1,1,1,2,1,,,,,,
6-11-2025  14:26 PDT,SAA@NOV25001 SAA@NOV25001,,"1,746",3,60,1,1,0,,,,,1,1,2,0,0,1,0,1,,,,,,
6-11-2025  14:30 PDT,SAA@NOV25002 SAA@NOV25002,,829,16,60,1,1,0,,,,,0,0,0,1,1,1,2,1,,,,,,
6-11-2025  14:26 PDT,SAA@NOV25013 SAA@NOV25013,,803,11,60,1,1,0,,,,,0,1,1,0,1,2,1,0,,,,,,
6-11-2025  14:24 PDT,SAA@NOV25013 SAA@NOV25013,,"1,336",6,60,1,1,0,,,,,0,1,1,0,1,2,1,0,,,,,,
6-11-2025  14:26 PDT,SAA@NOV25001 SAA@NOV25001,,"1,126",12,60,1,1,0,,,,,0,1,1,0,1,2,1,0,,,,,,
6-11-2025  14:24 PDT,SAA@NOV25013 SAA@NOV25013,,-470,19,60,1,1,0,,,,,0,0,0,1,1,1,2,1,,,,,,
6-11-2025  14:23 PDT,SAA@NOV25013 SAA@NOV25013,,371,9,60,1,1,0,,,,,0,1,1,0,1,2,1,0,,,,,,
6-11-2025  14:23 PDT,SAA@NOV25007 SAA@NOV25007,,"-3,099",52,48,1,1,0,,,,,0,0,0,1,1,1,2,1,,,,,,
6-11-2025  14:23 PDT,SAA@NOV25011 SAA@NOV25011,,-80,24,48,1,1,0,,,,,0,0,0,1,1,1,2,1,,,,,,
6-11-2025  14:23 PDT,SAA@NOV25001 SAA@NOV25001,,"1,662",3,60,1,1,0,,,,,0,1,1,0,1,2,1,0,,,,,,
6-11-2025  14:22 PDT,SAA@NOV25013 SAA@NOV25013,,654,57,12,1,1,0,,,,,0,0,0,1,1,1,2,1,,,,,,
6-11-2025  14:22 PDT,SAA@NOV25007 SAA@NOV25007,,"-4,365",56,48,1,1,0,,,,,0,0,0,1,1,1,2,1,,,,,,
6-11-2025  14:22 PDT,SAA@NOV25005 SAA@NOV25005,,"1,583",1,60,1,1,0,,,,,0,1,1,0,1,2,1,0,,,,,,
6-11-2025  14:22 PDT,SAA@NOV25013 SAA@NOV25013,,977,10,60,1,1,0,,,,,0,1,1,0,1,2,1,0,,,,,,
6-11-2025  14:22 PDT,SAA@NOV25008 SAA@NOV25008,,"1,531",2,60,1,1,0,,,,,0,1,1,0,1,2,1,0,,,,,,
6-11-2025  14:21 PDT,SAA@NOV25013 SAA@NOV25013,,"-14,743",100,60,1,1,0,,,,,0,0,0,1,1,1,2,1,,,,,,
6-11-2025  14:25 PDT,SAA@NOV25002 SAA@NOV25002,,"1,124",12,60,1,1,0,,,,,0,1,1,0,1,2,1,0,,,,,,
6-11-2025  14:22 PDT,SAA@NOV25006 SAA@NOV25006,,"1,615",1,60,1,1,0,,,,,0,1,1,0,1,2,1,0,,,,,,
6-11-2025  14:22 PDT,SAA@NOV25011 SAA@NOV25011,,848,35,60,1,1,0,,,,,0,0,0,1,1,1,2,1,,,,,,
6-11-2025  14:21 PDT,SAA@NOV25005 SAA@NOV25005,,"1,546",1,60,1,1,0,,,,,0,1,1,0,1,2,1,0,,,,,,
6-11-2025  14:22 PDT,SAA@NOV25007 SAA@NOV25007,,"-2,935",50,48,1,1,0,,,,,0,0,0,1,1,1,2,1,,,,,,
6-11-2025  14:21 PDT,SAA@NOV25008 SAA@NOV25008,,-679,27,60,1,1,0,,,,,0,0,0,1,1,1,2,1,,,,,,
6-11-2025  14:21 PDT,SAA@NOV25006 SAA@NOV25006,,-237,27,60,1,1,0,,,,,0,0,0,1,1,1,2,1,,,,,,
6-11-2025  14:20 PDT,SAA@NOV25006 SAA@NOV25006,,60,18,24,1,1,0,,,,,0,0,0,1,1,1,2,1,,,,,,
6-11-2025  14:20 PDT,SAA@NOV25011 SAA@NOV25011,,716,5,36,1,1,0,,,,,0,1,1,0,1,2,1,0,,,,,,
6-11-2025  14:20 PDT,SAA@NOV25005 SAA@NOV25005,,"1,350",2,60,1,1,0,,,,,0,1,1,0,1,2,1,0,,,,,,
6-11-2025  14:22 PDT,SAA@NOV25001 SAA@NOV25001,,"1,223",5,60,1,1,0,,,,,0,1,1,0,1,2,1,0,,,,,,
6-11-2025  14:20 PDT,SAA@NOV25008 SAA@NOV25008,,835,0,60,1,1,0,,,,,0,1,1,0,1,2,1,0,,,,,,
6-11-2025  14:19 PDT,SAA@NOV25005 SAA@NOV25005,,623,16,24,1,1,0,,,,,0,0,0,1,1,1,2,1,,,,,,
6-11-2025  14:21 PDT,SAA@NOV25010 SAA@NOV25010,,343,18,60,1,1,0,,,,,0,0,0,1,1,1,2,1,,,,,,
6-11-2025  14:20 PDT,SAA@NOV25007 SAA@NOV25007,,"-1,437",44,48,1,1,0,,,,,0,0,0,1,1,1,2,1,,,,,,
6-11-2025  14:19 PDT,SAA@NOV25009 SAA@NOV25009,,596,12,36,1,1,0,,,,,0,1,1,0,1,2,1,0,,,,,,
6-11-2025  14:19 PDT,SAA@NOV25005 SAA@NOV25005,,716,10,24,1,1,0,,,,,0,1,1,0,1,2,1,0,,,,,,
6-11-2025  14:19 PDT,SAA@NOV25008 SAA@NOV25008,,"-14,743",100,60,1,1,0,,,,,0,0,0,1,1,1,2,1,,,,,,
6-11-2025  14:19 PDT,SAA@NOV25011 SAA@NOV25011,,462,12,60,1,1,0,,,,,0,1,1,0,1,2,1,0,,,,,,
6-11-2025  14:19 PDT,SAA@NOV25009 SAA@NOV25009,,709,0,60,1,1,0,,,,,0,1,1,0,1,2,1,0,,,,,,
6-11-2025  14:20 PDT,SAA@NOV25012 SAA@NOV25012,,901,12,60,1,1,0,,,,,0,1,1,0,1,2,1,0,,,,,,
6-11-2025  14:19 PDT,SAA@NOV25007 SAA@NOV25007,,"-2,320",48,48,1,1,0,,,,,0,0,0,1,1,1,2,1,,,,,,
6-11-2025  14:18 PDT,SAA@NOV25009 SAA@NOV25009,,701,14,12,1,1,0,,,,,0,0,0,1,1,1,2,1,,,,,,
6-11-2025  14:19 PDT,SAA@NOV25005 SAA@NOV25005,,"1,426",2,60,1,1,0,,,,,0,1,1,0,1,2,1,0,,,,,,
6-11-2025  14:21 PDT,SAA@NOV25013 SAA@NOV25013,,"1,468",2,60,1,1,0,,,,,0,1,1,0,1,2,1,0,,,,,,
6-11-2025  14:21 PDT,SAA@NOV25002 SAA@NOV25002,,937,5,60,1,1,0,,,,,0,1,1,0,1,2,1,0,,,,,,
6-11-2025  14:17 PDT,SAA@NOV25009 SAA@NOV25009,,"-1,123",37,60,1,1,0,,,,,0,0,0,1,1,1,2,1,,,,,,
6-11-2025  14:18 PDT,SAA@NOV25007 SAA@NOV25007,,38,38,24,1,1,0,,,,,0,0,0,1,1,1,2,1,,,,,,
6-11-2025  14:17 PDT,SAA@NOV25009 SAA@NOV25009,,-601,40,24,1,1,0,,,,,0,0,0,1,1,1,2,1,,,,,,
6-11-2025  14:19 PDT,SAA@NOV25001 SAA@NOV25001,,"1,140",2,60,1,1,0,,,,,0,1,1,0,1,2,1,0,,,,,,
6-11-2025  14:18 PDT,SAA@NOV25011 SAA@NOV25011,,713,14,60,1,1,0,,,,,0,0,0,1,1,1,2,1,,,,,,
6-11-2025  14:20 PDT,SAA@NOV25006 SAA@NOV25006,,462,47,60,1,1,0,,,,,0,0,0,1,1,1,2,1,,,,,,
6-11-2025  14:18 PDT,SAA@NOV25012 SAA@NOV25012,,328,13,60,1,1,0,,,,,0,0,0,1,1,1,2,1,,,,,,
6-11-2025  14:19 PDT,SAA@NOV25010 SAA@NOV25010,,-574,20,60,1,1,0,,,,,0,0,0,1,1,1,2,1,,,,,,
6-11-2025  14:18 PDT,SAA@NOV25008 SAA@NOV25008,,"1,221",20,60,1,1,0,,,,,0,0,0,1,1,1,2,1,,,,,,
6-11-2025  11:50 PDT,SAA@NOV25001 SAA@NOV25001,,"2,205",5,60,2,0,0,,,,,1,1,2,0,0,1,0,1,,,,,,
6-11-2025  11:43 PDT,SAA@NOV25005 SAA@NOV25005,,"1,648",1,48,2,0,0,,,,,0,1,1,0,1,2,1,0,,,,,,
6-11-2025  11:42 PDT,SAA@NOV25005 SAA@NOV25005,,"2,699",12,60,2,0,0,,,,,1,1,2,0,0,1,0,1,,,,,,
6-11-2025  11:42 PDT,SAA@NOV25011 SAA@NOV25011,,"3,014",19,60,2,0,0,,,,,1,0,1,1,0,0,1,2,,,,,,
6-11-2025  11:41 PDT,SAA@NOV25007 SAA@NOV25007,,"3,600",15,48,2,0,0,,,,,1,0,1,1,0,0,1,2,,,,,,
6-11-2025  11:41 PDT,SAA@NOV25002 SAA@NOV25002,,"2,394",9,60,2,0,0,,,,,1,1,2,0,0,1,0,1,,,,,,
6-11-2025  11:42 PDT,SAA@NOV25005 SAA@NOV25005,,"2,477",12,60,2,0,0,,,,,1,1,2,0,0,1,0,1,,,,,,
6-11-2025  11:42 PDT,SAA@NOV25012 SAA@NOV25012,,"2,134",5,60,2,0,0,,,,,1,1,2,0,0,1,0,1,,,,,,
6-11-2025  11:41 PDT,SAA@NOV25006 SAA@NOV25006,,"2,559",16,60,2,0,0,,,,,1,0,1,1,0,0,1,2,,,,,,
6-11-2025  11:41 PDT,SAA@NOV25004 SAA@NOV25004,,"2,502",5,60,2,0,0,,,,,1,1,2,0,0,1,0,1,,,,,,
6-11-2025  11:48 PDT,SAA@NOV25001 SAA@NOV25001,,"2,216",10,60,2,0,0,,,,,1,1,2,0,0,1,0,1,,,,,,
6-11-2025  11:41 PDT,SAA@NOV25008 SAA@NOV25008,,"2,289",5,60,2,0,0,,,,,1,1,2,0,0,1,0,1,,,,,,
6-11-2025  11:40 PDT,SAA@NOV25005 SAA@NOV25005,,"2,268",5,60,2,0,0,,,,,1,1,2,0,0,1,0,1,,,,,,
6-11-2025  11:40 PDT,SAA@NOV25012 SAA@NOV25012,,"2,395",11,60,2,0,0,,,,,1,1,2,0,0,1,0,1,,,,,,
6-11-2025  11:40 PDT,SAA@NOV25011 SAA@NOV25011,,"2,331",20,60,2,0,0,,,,,1,0,1,1,0,0,1,2,,,,,,
6-11-2025  11:41 PDT,SAA@NOV25007 SAA@NOV25007,,"2,614",16,60,2,0,0,,,,,1,0,1,1,0,0,1,2,,,,,,
6-11-2025  11:39 PDT,SAA@NOV25005 SAA@NOV25005,,"2,162",38,60,2,0,0,,,,,1,0,1,1,0,0,1,2,,,,,,
6-11-2025  11:43 PDT,SAA@NOV25001 SAA@NOV25001,,"2,692",13,60,2,0,0,,,,,1,0,1,1,0,0,1,2,,,,,,
6-11-2025  11:40 PDT,SAA@NOV25009 SAA@NOV25009,,"3,176",18,60,2,0,0,,,,,1,0,1,1,0,0,1,2,,,,,,
6-11-2025  11:39 PDT,SAA@NOV25001 SAA@NOV25001,,750,5,12,2,0,0,,,,,0,1,1,0,1,2,1,0,,,,,,
6-11-2025  11:38 PDT,SAA@NOV25001 SAA@NOV25001,,"1,894",4,24,2,0,0,,,,,0,1,1,0,1,2,1,0,,,,,,
6-11-2025  11:40 PDT,SAA@NOV25001 SAA@NOV25001,,"2,226",7,60,2,0,0,,,,,1,1,2,0,0,1,0,1,,,,,,
6-11-2025  11:40 PDT,SAA@NOV25002 SAA@NOV25002,,"2,454",7,60,2,0,0,,,,,1,1,2,0,0,1,0,1,,,,,,
6-11-2025  11:40 PDT,SAA@NOV25004 SAA@NOV25004,,"2,248",5,60,2,0,0,,,,,1,1,2,0,0,1,0,1,,,,,,
6-11-2025  11:40 PDT,SAA@NOV25010 SAA@NOV25010,,"2,553",13,60,2,0,0,,,,,1,0,1,1,0,0,1,2,,,,,,
6-11-2025  11:39 PDT,SAA@NOV25007 SAA@NOV25007,,"2,463",6,48,2,0,0,,,,,1,1,2,0,0,1,0,1,,,,,,
6-11-2025  11:39 PDT,SAA@NOV25008 SAA@NOV25008,,"2,350",5,60,2,0,0,,,,,1,1,2,0,0,1,0,1,,,,,,
6-11-2025  11:39 PDT,SAA@NOV25005 SAA@NOV25005,,"2,707",15,60,2,0,0,,,,,1,0,1,1,0,0,1,2,,,,,,
6-11-2025  11:39 PDT,SAA@NOV25006 SAA@NOV25006,,"2,576",16,60,2,0,0,,,,,1,0,1,1,0,0,1,2,,,,,,
6-11-2025  11:39 PDT,SAA@NOV25011 SAA@NOV25011,,"2,335",9,60,2,0,0,,,,,1,1,2,0,0,1,0,1,,,,,,
6-11-2025  11:39 PDT,SAA@NOV25012 SAA@NOV25012,,"2,904",18,60,2,0,0,,,,,1,0,1,1,0,0,1,2,,,,,,
6-11-2025  11:38 PDT,SAA@NOV25009 SAA@NOV25009,,"2,062",20,60,2,0,0,,,,,0,0,0,1,1,1,2,1,,,,,,
6-11-2025  11:37 PDT,SAA@NOV25007 SAA@NOV25007,,"2,467",10,60,1,0,0,,,,,1,1,2,0,0,1,0,1,,,,,,
6-11-2025  11:36 PDT,SAA@NOV25005 SAA@NOV25005,,"2,383",7,60,1,0,0,,,,,1,1,2,0,0,1,0,1,,,,,,
6-11-2025  11:36 PDT,SAA@NOV25004 SAA@NOV25004,,"2,329",8,60,1,0,0,,,,,1,1,2,0,0,1,0,1,,,,,,
6-11-2025  11:36 PDT,SAA@NOV25007 SAA@NOV25007,,"2,246",11,60,1,0,0,,,,,1,1,2,0,0,1,0,1,,,,,,
6-11-2025  11:36 PDT,SAA@NOV25011 SAA@NOV25011,,"2,318",5,60,1,0,0,,,,,1,1,2,0,0,1,0,1,,,,,,
6-11-2025  11:35 PDT,SAA@NOV25008 SAA@NOV25008,,"2,275",6,60,1,0,0,,,,,1,1,2,0,0,1,0,1,,,,,,
6-11-2025  11:35 PDT,SAA@NOV25005 SAA@NOV25005,,"2,217",4,60,1,0,0,,,,,1,1,2,0,0,1,0,1,,,,,,
6-11-2025  11:35 PDT,SAA@NOV25001 SAA@NOV25001,,"2,400",12,60,1,0,0,,,,,1,1,2,0,0,1,0,1,,,,,,
6-11-2025  11:34 PDT,SAA@NOV25005 SAA@NOV25005,,"2,079",3,60,1,0,0,,,,,0,1,1,0,1,2,1,0,,,,,,
6-11-2025  11:34 PDT,SAA@NOV25009 SAA@NOV25009,,"1,721",20,60,1,0,0,,,,,0,0,0,1,1,1,2,1,,,,,,
6-11-2025  11:33 PDT,SAA@NOV25001 SAA@NOV25001,,"1,277",5,24,1,0,0,,,,,0,1,1,0,1,2,1,0,,,,,,
6-11-2025  11:33 PDT,SAA@NOV25007 SAA@NOV25007,,"2,239",8,60,1,0,0,,,,,1,1,2,0,0,1,0,1,,,,,,
6-11-2025  11:34 PDT,SAA@NOV25008 SAA@NOV25008,,"2,075",6,60,1,0,0,,,,,0,1,1,0,1,2,1,0,,,,,,
6-11-2025  11:35 PDT,SAA@NOV25004 SAA@NOV25004,,911,1,12,1,0,0,,,,,0,1,1,0,1,2,1,0,,,,,,
6-11-2025  11:32 PDT,SAA@NOV25008 SAA@NOV25008,,"2,086",2,60,1,0,0,,,,,0,1,1,0,1,2,1,0,,,,,,
6-11-2025  11:33 PDT,SAA@NOV25011 SAA@NOV25011,,"2,163",3,60,1,0,0,,,,,1,1,2,0,0,1,0,1,,,,,,
6-11-2025  11:33 PDT,SAA@NOV25009 SAA@NOV25009,,"2,249",10,60,1,0,0,,,,,1,1,2,0,0,1,0,1,,,,,,
6-11-2025  11:33 PDT,SAA@NOV25007 SAA@NOV25007,,"2,164",10,60,1,0,0,,,,,1,1,2,0,0,1,0,1,,,,,,
6-11-2025  11:32 PDT,SAA@NOV25007 SAA@NOV25007,,"2,260",8,60,1,0,0,,,,,1,1,2,0,0,1,0,1,,,,,,
6-11-2025  11:31 PDT,SAA@NOV25008 SAA@NOV25008,,"2,090",6,60,1,0,0,,,,,0,1,1,0,1,2,1,0,,,,,,
6-11-2025  11:36 PDT,SAA@NOV25012 SAA@NOV25012,,"2,238",10,60,1,0,0,,,,,1,1,2,0,0,1,0,1,,,,,,
6-11-2025  11:30 PDT,SAA@NOV25007 SAA@NOV25007,,"2,175",7,60,1,0,0,,,,,1,1,2,0,0,1,0,1,,,,,,
6-11-2025  11:33 PDT,SAA@NOV25001 SAA@NOV25001,,"2,057",19,60,1,0,0,,,,,0,0,0,1,1,1,2,1,,,,,,
6-11-2025  11:29 PDT,SAA@NOV25007 SAA@NOV25007,,"1,867",8,48,1,0,0,,,,,0,1,1,0,1,2,1,0,,,,,,
6-11-2025  11:30 PDT,SAA@NOV25012 SAA@NOV25012,,"2,166",11,60,1,0,0,,,,,1,1,2,0,0,1,0,1,,,,,,
6-11-2025  11:28 PDT,SAA@NOV25002 SAA@NOV25002,,"2,404",7,60,1,0,0,,,,,1,1,2,0,0,1,0,1,,,,,,
6-11-2025  11:31 PDT,SAA@NOV25006 SAA@NOV25006,,"2,385",9,60,1,0,0,,,,,1,1,2,0,0,1,0,1,,,,,,
6-11-2025  11:28 PDT,SAA@NOV25007 SAA@NOV25007,,"1,508",10,36,1,0,0,,,,,0,1,1,0,1,2,1,0,,,,,,
6-11-2025  11:29 PDT,SAA@NOV25008 SAA@NOV25008,,"1,941",12,60,1,0,0,,,,,0,1,1,0,1,2,1,0,,,,,,
6-11-2025  11:32 PDT,SAA@NOV25009 SAA@NOV25009,,"2,179",3,60,1,0,0,,,,,1,1,2,0,0,1,0,1,,,,,,
6-11-2025  11:29 PDT,SAA@NOV25011 SAA@NOV25011,,"2,207",4,60,1,0,0,,,,,1,1,2,0,0,1,0,1,,,,,,
6-11-2025  11:32 PDT,SAA@NOV25010 SAA@NOV25010,,"2,271",8,60,1,0,0,,,,,1,1,2,0,0,1,0,1,,,,,,
6-11-2025  11:32 PDT,SAA@NOV25005 SAA@NOV25005,,"2,181",7,60,1,0,0,,,,,1,1,2,0,0,1,0,1,,,,,,
20-10-2025  11:51 PDT,SAA@NOV25001 SAA@NOV25001,,"1,862",3,60,1,1,0,,,,,1,1,2,0,0,1,0,1,,,,,,
11-12-2025  14:23 PDT,SAA@2025 DEC003,,809,38,60,1,1,1,,,,,0,0,0,1,1,1,2,1,,,,,,
11-12-2025  14:22 PDT,SAA@2025 DEC003,,"-1,237",94,60,1,1,1,,,,,0,0,0,1,1,1,2,1,,,,,,
11-12-2025  14:21 PDT,SAA@2025 DEC006,,"1,352",14,60,1,1,1,,,,,0,0,0,1,1,1,2,1,,,,,,
11-12-2025  14:31 PDT,SAA@2025 DEC005,,"1,841",5,60,1,1,1,,,,,1,1,2,0,0,1,0,1,,,,,,
11-12-2025  14:20 PDT,SAA@2025 DEC005,,108,1,12,1,1,1,,,,,0,1,1,0,1,2,1,0,,,,,,
11-12-2025  14:21 PDT,SAA@2025 DEC002,,"1,444",3,60,1,1,1,,,,,0,1,1,0,1,2,1,0,,,,,,
11-12-2025  14:19 PDT,SAA@2025 DEC003,,"1,382",8,60,1,1,1,,,,,0,1,1,0,1,2,1,0,,,,,,
11-12-2025  14:19 PDT,SAA@2025 DEC005,,461,3,12,1,1,1,,,,,0,1,1,0,1,2,1,0,,,,,,
11-12-2025  14:19 PDT,SAA@2025 DEC010,,"1,058",3,60,1,1,1,,,,,0,1,1,0,1,2,1,0,,,,,,
11-12-2025  14:19 PDT,SAA@2025 DEC006,,"1,381",1,60,1,1,1,,,,,0,1,1,0,1,2,1,0,,,,,,
11-12-2025  14:18 PDT,SAA@2025 DEC002,,"1,416",1,60,1,1,1,,,,,0,1,1,0,1,2,1,0,,,,,,
11-12-2025  14:19 PDT,SAA@2025 DEC003,,"1,598",10,60,1,1,1,,,,,0,1,1,0,1,2,1,0,,,,,,
11-12-2025  14:20 PDT,SAA@2025 DEC008,,719,45,60,1,1,1,,,,,0,0,0,1,1,1,2,1,,,,,,
11-12-2025  14:18 PDT,SAA@2025 DEC010,,722,22,60,1,1,1,,,,,0,0,0,1,1,1,2,1,,,,,,
11-12-2025  14:19 PDT,SAA@2025 DEC005,,992,10,60,1,1,1,,,,,0,1,1,0,1,2,1,0,,,,,,
11-12-2025  14:16 PDT,SAA@2025 DEC003,,513,4,60,1,1,0,,,,,0,1,1,0,1,2,1,0,,,,,,
11-12-2025  14:15 PDT,SAA@2025 DEC003,,"1,592",1,60,1,1,0,,,,,0,1,1,0,1,2,1,0,,,,,,
11-12-2025  14:14 PDT,SAA@2025 DEC002,,768,2,48,1,1,0,,,,,0,1,1,0,1,2,1,0,,,,,,
11-12-2025  14:14 PDT,SAA@2025 DEC010,,"1,386",1,60,1,1,0,,,,,0,1,1,0,1,2,1,0,,,,,,
11-12-2025  14:13 PDT,SAA@2025 DEC005,,"1,000",1,60,1,1,0,,,,,0,1,1,0,1,2,1,0,,,,,,
11-12-2025  14:14 PDT,SAA@2025 DEC008,,"-1,292",39,48,1,1,0,,,,,0,0,0,1,1,1,2,1,,,,,,
11-12-2025  14:13 PDT,SAA@2025 DEC002,,29,7,48,1,1,0,,,,,0,1,1,0,1,2,1,0,,,,,,
11-12-2025  14:13 PDT,SAA@2025 DEC003,,"1,492",2,60,1,1,0,,,,,0,1,1,0,1,2,1,0,,,,,,
11-12-2025  14:12 PDT,SAA@2025 DEC005,,"1,107",11,60,1,1,0,,,,,0,1,1,0,1,2,1,0,,,,,,
11-12-2025  14:12 PDT,SAA@2025 DEC010,,"1,144",9,60,1,1,0,,,,,0,1,1,0,1,2,1,0,,,,,,
11-12-2025  14:13 PDT,SAA@2025 DEC006,,"1,491",2,60,1,1,0,,,,,0,1,1,0,1,2,1,0,,,,,,
11-12-2025  14:11 PDT,SAA@2025 DEC002,,"1,247",1,60,1,1,0,,,,,0,1,1,0,1,2,1,0,,,,,,
11-12-2025  14:11 PDT,SAA@2025 DEC008,,"-1,040",42,48,1,1,0,,,,,0,0,0,1,1,1,2,1,,,,,,
11-12-2025  14:10 PDT,SAA@2025 DEC005,,"1,282",1,60,1,1,0,,,,,0,1,1,0,1,2,1,0,,,,,,
11-12-2025  14:10 PDT,SAA@2025 DEC006,,860,12,24,1,1,0,,,,,0,1,1,0,1,2,1,0,,,,,,
11-12-2025  14:10 PDT,SAA@2025 DEC003,,"1,392",2,60,1,1,0,,,,,0,1,1,0,1,2,1,0,,,,,,
11-12-2025  14:10 PDT,SAA@2025 DEC002,,835,0,60,1,1,0,,,,,0,1,1,0,1,2,1,0,,,,,,
11-12-2025  14:09 PDT,SAA@2025 DEC003,,634,20,12,1,1,0,,,,,0,0,0,1,1,1,2,1,,,,,,
11-12-2025  14:10 PDT,SAA@2025 DEC010,,529,1,60,1,1,0,,,,,0,1,1,0,1,2,1,0,,,,,,
11-12-2025  14:09 PDT,SAA@2025 DEC005,,-381,35,36,1,1,0,,,,,0,0,0,1,1,1,2,1,,,,,,
11-12-2025  14:09 PDT,SAA@2025 DEC006,,841,11,60,1,1,0,,,,,0,1,1,0,1,2,1,0,,,,,,
11-12-2025  14:08 PDT,SAA@2025 DEC003,,553,11,60,1,1,0,,,,,0,1,1,0,1,2,1,0,,,,,,
11-12-2025  14:08 PDT,SAA@2025 DEC002,,864,1,60,1,1,0,,,,,0,1,1,0,1,2,1,0,,,,,,
11-12-2025  14:08 PDT,SAA@2025 DEC005,,-253,56,24,1,1,0,,,,,0,0,0,1,1,1,2,1,,,,,,
11-12-2025  14:08 PDT,SAA@2025 DEC010,,"1,312",1,60,1,1,0,,,,,0,1,1,0,1,2,1,0,,,,,,
11-12-2025  14:07 PDT,SAA@2025 DEC006,,936,11,60,1,1,0,,,,,0,1,1,0,1,2,1,0,,,,,,
11-12-2025  14:07 PDT,SAA@2025 DEC003,,-524,14,60,1,1,0,,,,,0,0,0,1,1,1,2,1,,,,,,
11-12-2025  14:07 PDT,SAA@2025 DEC005,,"-1,744",27,60,1,1,0,,,,,0,0,0,1,1,1,2,1,,,,,,
11-12-2025  14:06 PDT,SAA@2025 DEC008,,"-3,021",48,48,1,1,0,,,,,0,0,0,1,1,1,2,1,,,,,,
11-12-2025  14:07 PDT,SAA@2025 DEC002,,-927,6,60,1,1,0,,,,,0,1,1,0,1,2,1,0,,,,,,
11-12-2025  14:06 PDT,SAA@2025 DEC006,,"1,444",26,60,1,1,0,,,,,0,0,0,1,1,1,2,1,,,,,,
11-12-2025  14:06 PDT,SAA@2025 DEC010,,652,3,60,1,1,0,,,,,0,1,1,0,1,2,1,0,,,,,,
11-12-2025  12:06 PDT,SAA@2025 DEC003,,"2,953",15,60,2,0,0,,,,,1,0,1,1,0,0,1,2,,,,,,
11-12-2025  12:06 PDT,SAA@2025 DEC008,,"2,523",19,60,2,0,0,,,,,1,0,1,1,0,0,1,2,,,,,,
11-12-2025  12:05 PDT,SAA@2025 DEC006,,"2,602",11,60,2,0,0,,,,,1,1,2,0,0,1,0,1,,,,,,
11-12-2025  12:06 PDT,SAA@2025 DEC002,,"2,586",11,60,2,0,0,,,,,1,1,2,0,0,1,0,1,,,,,,
11-12-2025  12:05 PDT,SAA@2025 DEC005,,"2,767",22,60,2,0,0,,,,,1,0,1,1,0,0,1,2,,,,,,
11-12-2025  12:04 PDT,SAA@2025 DEC006,,"2,047",3,60,2,0,0,,,,,0,1,1,0,1,2,1,0,,,,,,
11-12-2025  12:04 PDT,SAA@2025 DEC003,,"2,496",10,60,2,0,0,,,,,1,1,2,0,0,1,0,1,,,,,,
11-12-2025  12:03 PDT,SAA@2025 DEC006,,"2,351",9,60,2,0,0,,,,,1,1,2,0,0,1,0,1,,,,,,
11-12-2025  12:04 PDT,SAA@2025 DEC002,,"2,265",6,60,2,0,0,,,,,1,1,2,0,0,1,0,1,,,,,,
11-12-2025  12:03 PDT,SAA@2025 DEC010,,"2,696",12,60,2,0,0,,,,,1,1,2,0,0,1,0,1,,,,,,
11-12-2025  12:03 PDT,SAA@2025 DEC005,,"2,050",6,60,2,0,0,,,,,0,1,1,0,1,2,1,0,,,,,,
11-12-2025  12:02 PDT,SAA@2025 DEC006,,"2,682",13,60,2,0,0,,,,,1,0,1,1,0,0,1,2,,,,,,
11-12-2025  12:02 PDT,SAA@2025 DEC003,,"2,326",7,60,1,0,0,,,,,1,1,2,0,0,1,0,1,,,,,,
11-12-2025  12:01 PDT,SAA@2025 DEC002,,"2,324",7,60,1,0,0,,,,,1,1,2,0,0,1,0,1,,,,,,
11-12-2025  12:01 PDT,SAA@2025 DEC003,,"1,511",6,24,1,0,0,,,,,0,1,1,0,1,2,1,0,,,,,,
11-12-2025  12:01 PDT,SAA@2025 DEC005,,"2,082",9,60,1,0,0,,,,,0,1,1,0,1,2,1,0,,,,,,
11-12-2025  12:02 PDT,SAA@2025 DEC010,,"2,279",7,60,1,0,0,,,,,1,1,2,0,0,1,0,1,,,,,,
11-12-2025  12:00 PDT,SAA@2025 DEC002,,"2,337",7,60,1,0,0,,,,,1,1,2,0,0,1,0,1,,,,,,
11-12-2025  11:59 PDT,SAA@2025 DEC005,,"2,125",7,60,1,0,0,,,,,0,1,1,0,1,2,1,0,,,,,,
11-12-2025  12:05 PDT,SAA@2025 DEC008,,"2,394",11,60,1,0,0,,,,,1,1,2,0,0,1,0,1,,,,,,
11-12-2025  11:58 PDT,SAA@2025 DEC003,,"2,318",6,60,1,0,0,,,,,1,1,2,0,0,1,0,1,,,,,,
11-12-2025  11:56 PDT,SAA@2025 DEC005,,"2,086",2,60,1,0,0,,,,,0,1,1,0,1,2,1,0,,,,,,
11-12-2025  11:56 PDT,SAA@2025 DEC002,,"1,518",22,48,1,0,0,,,,,0,0,0,1,1,1,2,1,,,,,,
11-12-2025  11:56 PDT,SAA@2025 DEC003,,"2,327",6,60,1,0,0,,,,,1,1,2,0,0,1,0,1,,,,,,
11-12-2025  11:55 PDT,SAA@2025 DEC005,,"2,101",16,60,1,0,0,,,,,0,0,0,1,1,1,2,1,,,,,,
11-12-2025  11:55 PDT,SAA@2025 DEC003,,"2,086",2,60,1,0,0,,,,,0,1,1,0,1,2,1,0,,,,,,
11-12-2025  11:56 PDT,SAA@2025 DEC008,,"2,254",11,60,1,0,0,,,,,1,1,2,0,0,1,0,1,,,,,,
11-12-2025  11:54 PDT,SAA@2025 DEC008,,"2,185",12,60,1,0,0,,,,,1,1,2,0,0,1,0,1,,,,,,
11-12-2025  11:54 PDT,SAA@2025 DEC002,,"2,086",2,60,1,0,0,,,,,0,1,1,0,1,2,1,0,,,,,,
11-12-2025  11:54 PDT,SAA@2025 DEC005,,"2,114",13,60,1,0,0,,,,,0,0,0,1,1,1,2,1,,,,,,
11-12-2025  11:54 PDT,SAA@2025 DEC008,,"1,951",18,60,1,0,0,,,,,0,0,0,1,1,1,2,1,,,,,,
11-12-2025  11:54 PDT,SAA@2025 DEC003,,"2,086",2,60,1,0,0,,,,,0,1,1,0,1,2,1,0,,,,,,
11-12-2025  11:54 PDT,SAA@2025 DEC002,,"2,144",3,60,1,0,0,,,,,1,1,2,0,0,1,0,1,,,,,,
11-12-2025  11:53 PDT,SAA@2025 DEC008,,"2,285",12,60,1,0,0,,,,,1,1,2,0,0,1,0,1,,,,,,
11-12-2025  11:53 PDT,SAA@2025 DEC005,,"2,224",9,60,1,0,0,,,,,1,1,2,0,0,1,0,1,,,,,,
11-12-2025  11:53 PDT,SAA@2025 DEC002,,"2,138",8,60,1,0,0,,,,,1,1,2,0,0,1,0,1,,,,,,
11-12-2025  11:52 PDT,SAA@2025 DEC005,,"2,098",10,60,1,0,0,,,,,0,1,1,0,1,2,1,0,,,,,,
11-12-2025  11:51 PDT,SAA@2025 DEC005,,"2,010",19,48,1,0,0,,,,,0,0,0,1,1,1,2,1,,,,,,
11-12-2025  11:52 PDT,SAA@2025 DEC008,,"2,224",9,60,1,0,0,,,,,1,1,2,0,0,1,0,1,,,,,,
11-12-2025  11:51 PDT,SAA@2025 DEC005,,752,44,60,1,0,0,,,,,0,0,0,1,1,1,2,1,,,,,,
11-12-2025  11:50 PDT,SAA@2025 DEC005,,989,1,12,1,0,0,,,,,0,1,1,0,1,2,1,0,,,,,,
11-12-2025  11:51 PDT,SAA@2025 DEC002,,"2,187",5,60,1,0,0,,,,,1,1,2,0,0,1,0,1,,,,,,
11-12-2025  11:50 PDT,SAA@2025 DEC005,,928,1,12,1,0,0,,,,,0,1,1,0,1,2,1,0,,,,,,